model,attack,fraction,defense,load,adaptive_mu,metric,mean,std,count,ci95_low,ci95_high
greedy_utility,bad_mouthing,0.1,True,high,True,generated_tasks,7.004760,0.035361,50,6.994958,7.014562
greedy_utility,bad_mouthing,0.1,True,high,True,completed_tasks,5.082200,0.053812,50,5.067284,5.097116
greedy_utility,bad_mouthing,0.1,True,high,True,attempted_interactions,7.004760,0.035361,50,6.994958,7.014562
greedy_utility,bad_mouthing,0.1,True,high,True,successful_cooperations,5.082200,0.053812,50,5.067284,5.097116
greedy_utility,bad_mouthing,0.1,True,high,True,failed_interactions,1.922560,0.056170,50,1.906990,1.938130
greedy_utility,bad_mouthing,0.1,True,high,True,blocked_privacy_interactions,0.000000,0.000000,50,0.000000,0.000000
greedy_utility,bad_mouthing,0.1,True,high,True,cooperation_rate,0.725567,0.007683,50,0.723438,0.727697
greedy_utility,bad_mouthing,0.1,True,high,True,task_completion_ratio,0.725567,0.007683,50,0.723438,0.727697
greedy_utility,bad_mouthing,0.1,True,high,True,reliability_score,0.725567,0.007683,50,0.723438,0.727697
greedy_utility,bad_mouthing,0.1,True,high,True,resource_efficiency,0.702959,0.007458,50,0.700892,0.705027
greedy_utility,bad_mouthing,0.1,True,high,True,fairness_index,0.926928,0.007830,50,0.924757,0.929098
greedy_utility,bad_mouthing,0.1,True,high,True,trust_stability_index,0.747856,0.007865,50,0.745675,0.750036
greedy_utility,bad_mouthing,0.1,True,high,True,privacy_exposure_risk,0.500000,0.000000,50,0.500000,0.500000
greedy_utility,bad_mouthing,0.1,True,high,True,candidate_privacy_risk,0.500000,0.000000,50,0.500000,0.500000
greedy_utility,bad_mouthing,0.1,True,high,True,accepted_privacy_exposure,0.500000,0.000000,50,0.500000,0.500000
greedy_utility,bad_mouthing,0.1,True,high,True,avg_trust,0.625274,0.008704,50,0.622861,0.627687
greedy_utility,bad_mouthing,0.1,True,high,True,trust_variance,0.063036,0.001966,50,0.062491,0.063581
greedy_utility,bad_mouthing,0.1,True,high,True,avg_preference,0.665738,0.006639,50,0.663898,0.667578
greedy_utility,bad_mouthing,0.1,True,high,True,avg_reciprocity,0.707567,0.012931,50,0.703983,0.711151
greedy_utility,bad_mouthing,0.1,True,high,True,avg_privacy_risk,0.500000,0.000000,50,0.500000,0.500000
greedy_utility,bad_mouthing,0.1,True,high,True,avg_total_utility,0.805131,0.001611,50,0.804685,0.805577
greedy_utility,bad_mouthing,0.1,True,high,True,avg_system_utility,0.749748,0.001756,50,0.749261,0.750235
greedy_utility,bad_mouthing,0.1,True,high,True,avg_social_utility,0.623379,0.001705,50,0.622906,0.623852
greedy_utility,bad_mouthing,0.1,True,high,True,avg_resource_utility,0.981829,0.000095,50,0.981803,0.981855
greedy_utility,bad_mouthing,0.1,True,high,True,avg_privacy_utility,0.500000,0.000000,50,0.500000,0.500000
greedy_utility,bad_mouthing,0.1,True,high,True,avg_incentive_utility,0.601297,0.000286,50,0.601218,0.601376
greedy_utility,bad_mouthing,0.1,True,high,True,energy_consumed,0.064840,0.000514,50,0.064698,0.064983
greedy_utility,bad_mouthing,0.1,True,high,True,bandwidth_consumed,0.275117,0.002515,50,0.274420,0.275814
greedy_utility,bad_mouthing,0.1,True,high,True,compute_consumed,0.366565,0.003389,50,0.365625,0.367504
greedy_utility,bad_mouthing,0.1,True,high,True,throughput_mbps,40.657600,0.430495,50,40.538273,40.776927
greedy_utility,bad_mouthing,0.1,True,high,True,packet_delivery_ratio,0.725567,0.007683,50,0.723438,0.727697
greedy_utility,bad_mouthing,0.1,True,high,True,e2e_delay_ms,97.043031,0.693009,50,96.850939,97.235124
greedy_utility,bad_mouthing,0.1,True,high,True,active_nodes,50.000000,0.000000,50,50.000000,50.000000
greedy_utility,bad_mouthing,0.1,True,high,True,reputation_honest,0.720864,0.031145,50,0.712231,0.729497
greedy_utility,bad_mouthing,0.1,True,high,True,reputation_attacker,0.792911,0.074749,50,0.772192,0.813631
greedy_utility,bad_mouthing,0.1,True,high,True,reputation_separation,-0.072048,0.084632,50,-0.095506,-0.048589
greedy_utility,bad_mouthing,0.1,True,high,True,attacker_defection_rate,0.000000,0.000000,50,0.000000,0.000000
greedy_utility,bad_mouthing,0.1,True,high,True,decision_distortion,0.079511,0.003770,50,0.078466,0.080557
greedy_utility,bad_mouthing,0.1,True,high,True,decision_distortion_evidenced,0.062644,0.005840,50,0.061025,0.064262
greedy_utility,bad_mouthing,0.1,True,high,True,decision_distortion_counterfactual,0.089599,0.004361,50,0.088391,0.090808
greedy_utility,bad_mouthing,0.1,True,high,True,decision_distortion_counterfactual_evidenced,0.079897,0.007892,50,0.077709,0.082084
greedy_utility,bad_mouthing,0.2,True,high,True,generated_tasks,7.004760,0.035361,50,6.994958,7.014562
greedy_utility,bad_mouthing,0.2,True,high,True,completed_tasks,5.082200,0.053812,50,5.067284,5.097116
greedy_utility,bad_mouthing,0.2,True,high,True,attempted_interactions,7.004760,0.035361,50,6.994958,7.014562
greedy_utility,bad_mouthing,0.2,True,high,True,successful_cooperations,5.082200,0.053812,50,5.067284,5.097116
greedy_utility,bad_mouthing,0.2,True,high,True,failed_interactions,1.922560,0.056170,50,1.906990,1.938130
greedy_utility,bad_mouthing,0.2,True,high,True,blocked_privacy_interactions,0.000000,0.000000,50,0.000000,0.000000
greedy_utility,bad_mouthing,0.2,True,high,True,cooperation_rate,0.725567,0.007683,50,0.723438,0.727697
greedy_utility,bad_mouthing,0.2,True,high,True,task_completion_ratio,0.725567,0.007683,50,0.723438,0.727697
greedy_utility,bad_mouthing,0.2,True,high,True,reliability_score,0.725567,0.007683,50,0.723438,0.727697
greedy_utility,bad_mouthing,0.2,True,high,True,resource_efficiency,0.702959,0.007458,50,0.700892,0.705027
greedy_utility,bad_mouthing,0.2,True,high,True,fairness_index,0.926928,0.007830,50,0.924757,0.929098
greedy_utility,bad_mouthing,0.2,True,high,True,trust_stability_index,0.747856,0.007865,50,0.745675,0.750036
greedy_utility,bad_mouthing,0.2,True,high,True,privacy_exposure_risk,0.500000,0.000000,50,0.500000,0.500000
greedy_utility,bad_mouthing,0.2,True,high,True,candidate_privacy_risk,0.500000,0.000000,50,0.500000,0.500000
greedy_utility,bad_mouthing,0.2,True,high,True,accepted_privacy_exposure,0.500000,0.000000,50,0.500000,0.500000
greedy_utility,bad_mouthing,0.2,True,high,True,avg_trust,0.625274,0.008704,50,0.622861,0.627687
greedy_utility,bad_mouthing,0.2,True,high,True,trust_variance,0.063036,0.001966,50,0.062491,0.063581
greedy_utility,bad_mouthing,0.2,True,high,True,avg_preference,0.665738,0.006639,50,0.663898,0.667578
greedy_utility,bad_mouthing,0.2,True,high,True,avg_reciprocity,0.707567,0.012931,50,0.703983,0.711151
greedy_utility,bad_mouthing,0.2,True,high,True,avg_privacy_risk,0.500000,0.000000,50,0.500000,0.500000
greedy_utility,bad_mouthing,0.2,True,high,True,avg_total_utility,0.805131,0.001611,50,0.804685,0.805577
greedy_utility,bad_mouthing,0.2,True,high,True,avg_system_utility,0.749748,0.001756,50,0.749261,0.750235
greedy_utility,bad_mouthing,0.2,True,high,True,avg_social_utility,0.623379,0.001705,50,0.622906,0.623852
greedy_utility,bad_mouthing,0.2,True,high,True,avg_resource_utility,0.981829,0.000095,50,0.981803,0.981855
greedy_utility,bad_mouthing,0.2,True,high,True,avg_privacy_utility,0.500000,0.000000,50,0.500000,0.500000
greedy_utility,bad_mouthing,0.2,True,high,True,avg_incentive_utility,0.601297,0.000286,50,0.601218,0.601376
greedy_utility,bad_mouthing,0.2,True,high,True,energy_consumed,0.064840,0.000514,50,0.064698,0.064983
greedy_utility,bad_mouthing,0.2,True,high,True,bandwidth_consumed,0.275117,0.002515,50,0.274420,0.275814
greedy_utility,bad_mouthing,0.2,True,high,True,compute_consumed,0.366565,0.003389,50,0.365625,0.367504
greedy_utility,bad_mouthing,0.2,True,high,True,throughput_mbps,40.657600,0.430495,50,40.538273,40.776927
greedy_utility,bad_mouthing,0.2,True,high,True,packet_delivery_ratio,0.725567,0.007683,50,0.723438,0.727697
greedy_utility,bad_mouthing,0.2,True,high,True,e2e_delay_ms,97.043031,0.693009,50,96.850939,97.235124
greedy_utility,bad_mouthing,0.2,True,high,True,active_nodes,50.000000,0.000000,50,50.000000,50.000000
greedy_utility,bad_mouthing,0.2,True,high,True,reputation_honest,0.623061,0.040775,50,0.611759,0.634363
greedy_utility,bad_mouthing,0.2,True,high,True,reputation_attacker,0.796463,0.047799,50,0.783213,0.809712
greedy_utility,bad_mouthing,0.2,True,high,True,reputation_separation,-0.173402,0.064465,50,-0.191270,-0.155533
greedy_utility,bad_mouthing,0.2,True,high,True,attacker_defection_rate,0.000000,0.000000,50,0.000000,0.000000
greedy_utility,bad_mouthing,0.2,True,high,True,decision_distortion,0.081005,0.004470,50,0.079766,0.082244
greedy_utility,bad_mouthing,0.2,True,high,True,decision_distortion_evidenced,0.068175,0.007745,50,0.066028,0.070322
greedy_utility,bad_mouthing,0.2,True,high,True,decision_distortion_counterfactual,0.092326,0.005990,50,0.090666,0.093987
greedy_utility,bad_mouthing,0.2,True,high,True,decision_distortion_counterfactual_evidenced,0.087665,0.010663,50,0.084709,0.090620
greedy_utility,bad_mouthing,0.3,True,high,True,generated_tasks,7.004760,0.035361,50,6.994958,7.014562
greedy_utility,bad_mouthing,0.3,True,high,True,completed_tasks,5.082200,0.053812,50,5.067284,5.097116
greedy_utility,bad_mouthing,0.3,True,high,True,attempted_interactions,7.004760,0.035361,50,6.994958,7.014562
greedy_utility,bad_mouthing,0.3,True,high,True,successful_cooperations,5.082200,0.053812,50,5.067284,5.097116
greedy_utility,bad_mouthing,0.3,True,high,True,failed_interactions,1.922560,0.056170,50,1.906990,1.938130
greedy_utility,bad_mouthing,0.3,True,high,True,blocked_privacy_interactions,0.000000,0.000000,50,0.000000,0.000000
greedy_utility,bad_mouthing,0.3,True,high,True,cooperation_rate,0.725567,0.007683,50,0.723438,0.727697
greedy_utility,bad_mouthing,0.3,True,high,True,task_completion_ratio,0.725567,0.007683,50,0.723438,0.727697
greedy_utility,bad_mouthing,0.3,True,high,True,reliability_score,0.725567,0.007683,50,0.723438,0.727697
greedy_utility,bad_mouthing,0.3,True,high,True,resource_efficiency,0.702959,0.007458,50,0.700892,0.705027
greedy_utility,bad_mouthing,0.3,True,high,True,fairness_index,0.926928,0.007830,50,0.924757,0.929098
greedy_utility,bad_mouthing,0.3,True,high,True,trust_stability_index,0.747856,0.007865,50,0.745675,0.750036
greedy_utility,bad_mouthing,0.3,True,high,True,privacy_exposure_risk,0.500000,0.000000,50,0.500000,0.500000
greedy_utility,bad_mouthing,0.3,True,high,True,candidate_privacy_risk,0.500000,0.000000,50,0.500000,0.500000
greedy_utility,bad_mouthing,0.3,True,high,True,accepted_privacy_exposure,0.500000,0.000000,50,0.500000,0.500000
greedy_utility,bad_mouthing,0.3,True,high,True,avg_trust,0.625274,0.008704,50,0.622861,0.627687
greedy_utility,bad_mouthing,0.3,True,high,True,trust_variance,0.063036,0.001966,50,0.062491,0.063581
greedy_utility,bad_mouthing,0.3,True,high,True,avg_preference,0.665738,0.006639,50,0.663898,0.667578
greedy_utility,bad_mouthing,0.3,True,high,True,avg_reciprocity,0.707567,0.012931,50,0.703983,0.711151
greedy_utility,bad_mouthing,0.3,True,high,True,avg_privacy_risk,0.500000,0.000000,50,0.500000,0.500000
greedy_utility,bad_mouthing,0.3,True,high,True,avg_total_utility,0.805131,0.001611,50,0.804685,0.805577
greedy_utility,bad_mouthing,0.3,True,high,True,avg_system_utility,0.749748,0.001756,50,0.749261,0.750235
greedy_utility,bad_mouthing,0.3,True,high,True,avg_social_utility,0.623379,0.001705,50,0.622906,0.623852
greedy_utility,bad_mouthing,0.3,True,high,True,avg_resource_utility,0.981829,0.000095,50,0.981803,0.981855
greedy_utility,bad_mouthing,0.3,True,high,True,avg_privacy_utility,0.500000,0.000000,50,0.500000,0.500000
greedy_utility,bad_mouthing,0.3,True,high,True,avg_incentive_utility,0.601297,0.000286,50,0.601218,0.601376
greedy_utility,bad_mouthing,0.3,True,high,True,energy_consumed,0.064840,0.000514,50,0.064698,0.064983
greedy_utility,bad_mouthing,0.3,True,high,True,bandwidth_consumed,0.275117,0.002515,50,0.274420,0.275814
greedy_utility,bad_mouthing,0.3,True,high,True,compute_consumed,0.366565,0.003389,50,0.365625,0.367504
greedy_utility,bad_mouthing,0.3,True,high,True,throughput_mbps,40.657600,0.430495,50,40.538273,40.776927
greedy_utility,bad_mouthing,0.3,True,high,True,packet_delivery_ratio,0.725567,0.007683,50,0.723438,0.727697
greedy_utility,bad_mouthing,0.3,True,high,True,e2e_delay_ms,97.043031,0.693009,50,96.850939,97.235124
greedy_utility,bad_mouthing,0.3,True,high,True,active_nodes,50.000000,0.000000,50,50.000000,50.000000
greedy_utility,bad_mouthing,0.3,True,high,True,reputation_honest,0.517173,0.048941,50,0.503607,0.530739
greedy_utility,bad_mouthing,0.3,True,high,True,reputation_attacker,0.791748,0.035199,50,0.781992,0.801505
greedy_utility,bad_mouthing,0.3,True,high,True,reputation_separation,-0.274575,0.064597,50,-0.292481,-0.256670
greedy_utility,bad_mouthing,0.3,True,high,True,attacker_defection_rate,0.000000,0.000000,50,0.000000,0.000000
greedy_utility,bad_mouthing,0.3,True,high,True,decision_distortion,0.085708,0.006535,50,0.083896,0.087519
greedy_utility,bad_mouthing,0.3,True,high,True,decision_distortion_evidenced,0.075855,0.009017,50,0.073356,0.078354
greedy_utility,bad_mouthing,0.3,True,high,True,decision_distortion_counterfactual,0.099959,0.008408,50,0.097628,0.102289
greedy_utility,bad_mouthing,0.3,True,high,True,decision_distortion_counterfactual_evidenced,0.100559,0.012450,50,0.097108,0.104010
greedy_utility,bad_mouthing,0.4,True,high,True,generated_tasks,7.004760,0.035361,50,6.994958,7.014562
greedy_utility,bad_mouthing,0.4,True,high,True,completed_tasks,5.082200,0.053812,50,5.067284,5.097116
greedy_utility,bad_mouthing,0.4,True,high,True,attempted_interactions,7.004760,0.035361,50,6.994958,7.014562
greedy_utility,bad_mouthing,0.4,True,high,True,successful_cooperations,5.082200,0.053812,50,5.067284,5.097116
greedy_utility,bad_mouthing,0.4,True,high,True,failed_interactions,1.922560,0.056170,50,1.906990,1.938130
greedy_utility,bad_mouthing,0.4,True,high,True,blocked_privacy_interactions,0.000000,0.000000,50,0.000000,0.000000
greedy_utility,bad_mouthing,0.4,True,high,True,cooperation_rate,0.725567,0.007683,50,0.723438,0.727697
greedy_utility,bad_mouthing,0.4,True,high,True,task_completion_ratio,0.725567,0.007683,50,0.723438,0.727697
greedy_utility,bad_mouthing,0.4,True,high,True,reliability_score,0.725567,0.007683,50,0.723438,0.727697
greedy_utility,bad_mouthing,0.4,True,high,True,resource_efficiency,0.702959,0.007458,50,0.700892,0.705027
greedy_utility,bad_mouthing,0.4,True,high,True,fairness_index,0.926928,0.007830,50,0.924757,0.929098
greedy_utility,bad_mouthing,0.4,True,high,True,trust_stability_index,0.747856,0.007865,50,0.745675,0.750036
greedy_utility,bad_mouthing,0.4,True,high,True,privacy_exposure_risk,0.500000,0.000000,50,0.500000,0.500000
greedy_utility,bad_mouthing,0.4,True,high,True,candidate_privacy_risk,0.500000,0.000000,50,0.500000,0.500000
greedy_utility,bad_mouthing,0.4,True,high,True,accepted_privacy_exposure,0.500000,0.000000,50,0.500000,0.500000
greedy_utility,bad_mouthing,0.4,True,high,True,avg_trust,0.625274,0.008704,50,0.622861,0.627687
greedy_utility,bad_mouthing,0.4,True,high,True,trust_variance,0.063036,0.001966,50,0.062491,0.063581
greedy_utility,bad_mouthing,0.4,True,high,True,avg_preference,0.665738,0.006639,50,0.663898,0.667578
greedy_utility,bad_mouthing,0.4,True,high,True,avg_reciprocity,0.707567,0.012931,50,0.703983,0.711151
greedy_utility,bad_mouthing,0.4,True,high,True,avg_privacy_risk,0.500000,0.000000,50,0.500000,0.500000
greedy_utility,bad_mouthing,0.4,True,high,True,avg_total_utility,0.805131,0.001611,50,0.804685,0.805577
greedy_utility,bad_mouthing,0.4,True,high,True,avg_system_utility,0.749748,0.001756,50,0.749261,0.750235
greedy_utility,bad_mouthing,0.4,True,high,True,avg_social_utility,0.623379,0.001705,50,0.622906,0.623852
greedy_utility,bad_mouthing,0.4,True,high,True,avg_resource_utility,0.981829,0.000095,50,0.981803,0.981855
greedy_utility,bad_mouthing,0.4,True,high,True,avg_privacy_utility,0.500000,0.000000,50,0.500000,0.500000
greedy_utility,bad_mouthing,0.4,True,high,True,avg_incentive_utility,0.601297,0.000286,50,0.601218,0.601376
greedy_utility,bad_mouthing,0.4,True,high,True,energy_consumed,0.064840,0.000514,50,0.064698,0.064983
greedy_utility,bad_mouthing,0.4,True,high,True,bandwidth_consumed,0.275117,0.002515,50,0.274420,0.275814
greedy_utility,bad_mouthing,0.4,True,high,True,compute_consumed,0.366565,0.003389,50,0.365625,0.367504
greedy_utility,bad_mouthing,0.4,True,high,True,throughput_mbps,40.657600,0.430495,50,40.538273,40.776927
greedy_utility,bad_mouthing,0.4,True,high,True,packet_delivery_ratio,0.725567,0.007683,50,0.723438,0.727697
greedy_utility,bad_mouthing,0.4,True,high,True,e2e_delay_ms,97.043031,0.693009,50,96.850939,97.235124
greedy_utility,bad_mouthing,0.4,True,high,True,active_nodes,50.000000,0.000000,50,50.000000,50.000000
greedy_utility,bad_mouthing,0.4,True,high,True,reputation_honest,0.389123,0.046886,50,0.376127,0.402119
greedy_utility,bad_mouthing,0.4,True,high,True,reputation_attacker,0.792192,0.029100,50,0.784126,0.800258
greedy_utility,bad_mouthing,0.4,True,high,True,reputation_separation,-0.403069,0.056129,50,-0.418627,-0.387511
greedy_utility,bad_mouthing,0.4,True,high,True,attacker_defection_rate,0.000000,0.000000,50,0.000000,0.000000
greedy_utility,bad_mouthing,0.4,True,high,True,decision_distortion,0.096145,0.007018,50,0.094200,0.098090
greedy_utility,bad_mouthing,0.4,True,high,True,decision_distortion_evidenced,0.086754,0.010262,50,0.083910,0.089599
greedy_utility,bad_mouthing,0.4,True,high,True,decision_distortion_counterfactual,0.115668,0.009615,50,0.113003,0.118334
greedy_utility,bad_mouthing,0.4,True,high,True,decision_distortion_counterfactual_evidenced,0.120876,0.015187,50,0.116667,0.125086
greedy_utility,ballot_stuffing,0.1,True,high,True,generated_tasks,7.004760,0.035361,50,6.994958,7.014562
greedy_utility,ballot_stuffing,0.1,True,high,True,completed_tasks,5.082200,0.053812,50,5.067284,5.097116
greedy_utility,ballot_stuffing,0.1,True,high,True,attempted_interactions,7.004760,0.035361,50,6.994958,7.014562
greedy_utility,ballot_stuffing,0.1,True,high,True,successful_cooperations,5.082200,0.053812,50,5.067284,5.097116
greedy_utility,ballot_stuffing,0.1,True,high,True,failed_interactions,1.922560,0.056170,50,1.906990,1.938130
greedy_utility,ballot_stuffing,0.1,True,high,True,blocked_privacy_interactions,0.000000,0.000000,50,0.000000,0.000000
greedy_utility,ballot_stuffing,0.1,True,high,True,cooperation_rate,0.725567,0.007683,50,0.723438,0.727697
greedy_utility,ballot_stuffing,0.1,True,high,True,task_completion_ratio,0.725567,0.007683,50,0.723438,0.727697
greedy_utility,ballot_stuffing,0.1,True,high,True,reliability_score,0.725567,0.007683,50,0.723438,0.727697
greedy_utility,ballot_stuffing,0.1,True,high,True,resource_efficiency,0.702959,0.007458,50,0.700892,0.705027
greedy_utility,ballot_stuffing,0.1,True,high,True,fairness_index,0.926928,0.007830,50,0.924757,0.929098
greedy_utility,ballot_stuffing,0.1,True,high,True,trust_stability_index,0.747856,0.007865,50,0.745675,0.750036
greedy_utility,ballot_stuffing,0.1,True,high,True,privacy_exposure_risk,0.500000,0.000000,50,0.500000,0.500000
greedy_utility,ballot_stuffing,0.1,True,high,True,candidate_privacy_risk,0.500000,0.000000,50,0.500000,0.500000
greedy_utility,ballot_stuffing,0.1,True,high,True,accepted_privacy_exposure,0.500000,0.000000,50,0.500000,0.500000
greedy_utility,ballot_stuffing,0.1,True,high,True,avg_trust,0.625274,0.008704,50,0.622861,0.627687
greedy_utility,ballot_stuffing,0.1,True,high,True,trust_variance,0.063036,0.001966,50,0.062491,0.063581
greedy_utility,ballot_stuffing,0.1,True,high,True,avg_preference,0.665738,0.006639,50,0.663898,0.667578
greedy_utility,ballot_stuffing,0.1,True,high,True,avg_reciprocity,0.707567,0.012931,50,0.703983,0.711151
greedy_utility,ballot_stuffing,0.1,True,high,True,avg_privacy_risk,0.500000,0.000000,50,0.500000,0.500000
greedy_utility,ballot_stuffing,0.1,True,high,True,avg_total_utility,0.805131,0.001611,50,0.804685,0.805577
greedy_utility,ballot_stuffing,0.1,True,high,True,avg_system_utility,0.749748,0.001756,50,0.749261,0.750235
greedy_utility,ballot_stuffing,0.1,True,high,True,avg_social_utility,0.623379,0.001705,50,0.622906,0.623852
greedy_utility,ballot_stuffing,0.1,True,high,True,avg_resource_utility,0.981829,0.000095,50,0.981803,0.981855
greedy_utility,ballot_stuffing,0.1,True,high,True,avg_privacy_utility,0.500000,0.000000,50,0.500000,0.500000
greedy_utility,ballot_stuffing,0.1,True,high,True,avg_incentive_utility,0.601297,0.000286,50,0.601218,0.601376
greedy_utility,ballot_stuffing,0.1,True,high,True,energy_consumed,0.064840,0.000514,50,0.064698,0.064983
greedy_utility,ballot_stuffing,0.1,True,high,True,bandwidth_consumed,0.275117,0.002515,50,0.274420,0.275814
greedy_utility,ballot_stuffing,0.1,True,high,True,compute_consumed,0.366565,0.003389,50,0.365625,0.367504
greedy_utility,ballot_stuffing,0.1,True,high,True,throughput_mbps,40.657600,0.430495,50,40.538273,40.776927
greedy_utility,ballot_stuffing,0.1,True,high,True,packet_delivery_ratio,0.725567,0.007683,50,0.723438,0.727697
greedy_utility,ballot_stuffing,0.1,True,high,True,e2e_delay_ms,97.043031,0.693009,50,96.850939,97.235124
greedy_utility,ballot_stuffing,0.1,True,high,True,active_nodes,50.000000,0.000000,50,50.000000,50.000000
greedy_utility,ballot_stuffing,0.1,True,high,True,reputation_honest,0.788659,0.021891,50,0.782591,0.794727
greedy_utility,ballot_stuffing,0.1,True,high,True,reputation_attacker,0.810881,0.069055,50,0.791740,0.830022
greedy_utility,ballot_stuffing,0.1,True,high,True,reputation_separation,-0.022222,0.073499,50,-0.042595,-0.001849
greedy_utility,ballot_stuffing,0.1,True,high,True,attacker_defection_rate,0.000000,0.000000,50,0.000000,0.000000
greedy_utility,ballot_stuffing,0.1,True,high,True,decision_distortion,0.080329,0.003926,50,0.079241,0.081417
greedy_utility,ballot_stuffing,0.1,True,high,True,decision_distortion_evidenced,0.058655,0.005655,50,0.057087,0.060222
greedy_utility,ballot_stuffing,0.1,True,high,True,decision_distortion_counterfactual,0.089967,0.004730,50,0.088656,0.091278
greedy_utility,ballot_stuffing,0.1,True,high,True,decision_distortion_counterfactual_evidenced,0.075126,0.007949,50,0.072923,0.077329
greedy_utility,ballot_stuffing,0.2,True,high,True,generated_tasks,7.004760,0.035361,50,6.994958,7.014562
greedy_utility,ballot_stuffing,0.2,True,high,True,completed_tasks,5.082200,0.053812,50,5.067284,5.097116
greedy_utility,ballot_stuffing,0.2,True,high,True,attempted_interactions,7.004760,0.035361,50,6.994958,7.014562
greedy_utility,ballot_stuffing,0.2,True,high,True,successful_cooperations,5.082200,0.053812,50,5.067284,5.097116
greedy_utility,ballot_stuffing,0.2,True,high,True,failed_interactions,1.922560,0.056170,50,1.906990,1.938130
greedy_utility,ballot_stuffing,0.2,True,high,True,blocked_privacy_interactions,0.000000,0.000000,50,0.000000,0.000000
greedy_utility,ballot_stuffing,0.2,True,high,True,cooperation_rate,0.725567,0.007683,50,0.723438,0.727697
greedy_utility,ballot_stuffing,0.2,True,high,True,task_completion_ratio,0.725567,0.007683,50,0.723438,0.727697
greedy_utility,ballot_stuffing,0.2,True,high,True,reliability_score,0.725567,0.007683,50,0.723438,0.727697
greedy_utility,ballot_stuffing,0.2,True,high,True,resource_efficiency,0.702959,0.007458,50,0.700892,0.705027
greedy_utility,ballot_stuffing,0.2,True,high,True,fairness_index,0.926928,0.007830,50,0.924757,0.929098
greedy_utility,ballot_stuffing,0.2,True,high,True,trust_stability_index,0.747856,0.007865,50,0.745675,0.750036
greedy_utility,ballot_stuffing,0.2,True,high,True,privacy_exposure_risk,0.500000,0.000000,50,0.500000,0.500000
greedy_utility,ballot_stuffing,0.2,True,high,True,candidate_privacy_risk,0.500000,0.000000,50,0.500000,0.500000
greedy_utility,ballot_stuffing,0.2,True,high,True,accepted_privacy_exposure,0.500000,0.000000,50,0.500000,0.500000
greedy_utility,ballot_stuffing,0.2,True,high,True,avg_trust,0.625274,0.008704,50,0.622861,0.627687
greedy_utility,ballot_stuffing,0.2,True,high,True,trust_variance,0.063036,0.001966,50,0.062491,0.063581
greedy_utility,ballot_stuffing,0.2,True,high,True,avg_preference,0.665738,0.006639,50,0.663898,0.667578
greedy_utility,ballot_stuffing,0.2,True,high,True,avg_reciprocity,0.707567,0.012931,50,0.703983,0.711151
greedy_utility,ballot_stuffing,0.2,True,high,True,avg_privacy_risk,0.500000,0.000000,50,0.500000,0.500000
greedy_utility,ballot_stuffing,0.2,True,high,True,avg_total_utility,0.805131,0.001611,50,0.804685,0.805577
greedy_utility,ballot_stuffing,0.2,True,high,True,avg_system_utility,0.749748,0.001756,50,0.749261,0.750235
greedy_utility,ballot_stuffing,0.2,True,high,True,avg_social_utility,0.623379,0.001705,50,0.622906,0.623852
greedy_utility,ballot_stuffing,0.2,True,high,True,avg_resource_utility,0.981829,0.000095,50,0.981803,0.981855
greedy_utility,ballot_stuffing,0.2,True,high,True,avg_privacy_utility,0.500000,0.000000,50,0.500000,0.500000
greedy_utility,ballot_stuffing,0.2,True,high,True,avg_incentive_utility,0.601297,0.000286,50,0.601218,0.601376
greedy_utility,ballot_stuffing,0.2,True,high,True,energy_consumed,0.064840,0.000514,50,0.064698,0.064983
greedy_utility,ballot_stuffing,0.2,True,high,True,bandwidth_consumed,0.275117,0.002515,50,0.274420,0.275814
greedy_utility,ballot_stuffing,0.2,True,high,True,compute_consumed,0.366565,0.003389,50,0.365625,0.367504
greedy_utility,ballot_stuffing,0.2,True,high,True,throughput_mbps,40.657600,0.430495,50,40.538273,40.776927
greedy_utility,ballot_stuffing,0.2,True,high,True,packet_delivery_ratio,0.725567,0.007683,50,0.723438,0.727697
greedy_utility,ballot_stuffing,0.2,True,high,True,e2e_delay_ms,97.043031,0.693009,50,96.850939,97.235124
greedy_utility,ballot_stuffing,0.2,True,high,True,active_nodes,50.000000,0.000000,50,50.000000,50.000000
greedy_utility,ballot_stuffing,0.2,True,high,True,reputation_honest,0.787240,0.023269,50,0.780790,0.793690
greedy_utility,ballot_stuffing,0.2,True,high,True,reputation_attacker,0.832772,0.041383,50,0.821301,0.844243
greedy_utility,ballot_stuffing,0.2,True,high,True,reputation_separation,-0.045532,0.047260,50,-0.058632,-0.032432
greedy_utility,ballot_stuffing,0.2,True,high,True,attacker_defection_rate,0.000000,0.000000,50,0.000000,0.000000
greedy_utility,ballot_stuffing,0.2,True,high,True,decision_distortion,0.080732,0.004556,50,0.079470,0.081995
greedy_utility,ballot_stuffing,0.2,True,high,True,decision_distortion_evidenced,0.059152,0.006706,50,0.057294,0.061011
greedy_utility,ballot_stuffing,0.2,True,high,True,decision_distortion_counterfactual,0.090331,0.005278,50,0.088868,0.091794
greedy_utility,ballot_stuffing,0.2,True,high,True,decision_distortion_counterfactual_evidenced,0.075701,0.009033,50,0.073197,0.078205
greedy_utility,ballot_stuffing,0.3,True,high,True,generated_tasks,7.004760,0.035361,50,6.994958,7.014562
greedy_utility,ballot_stuffing,0.3,True,high,True,completed_tasks,5.082200,0.053812,50,5.067284,5.097116
greedy_utility,ballot_stuffing,0.3,True,high,True,attempted_interactions,7.004760,0.035361,50,6.994958,7.014562
greedy_utility,ballot_stuffing,0.3,True,high,True,successful_cooperations,5.082200,0.053812,50,5.067284,5.097116
greedy_utility,ballot_stuffing,0.3,True,high,True,failed_interactions,1.922560,0.056170,50,1.906990,1.938130
greedy_utility,ballot_stuffing,0.3,True,high,True,blocked_privacy_interactions,0.000000,0.000000,50,0.000000,0.000000
greedy_utility,ballot_stuffing,0.3,True,high,True,cooperation_rate,0.725567,0.007683,50,0.723438,0.727697
greedy_utility,ballot_stuffing,0.3,True,high,True,task_completion_ratio,0.725567,0.007683,50,0.723438,0.727697
greedy_utility,ballot_stuffing,0.3,True,high,True,reliability_score,0.725567,0.007683,50,0.723438,0.727697
greedy_utility,ballot_stuffing,0.3,True,high,True,resource_efficiency,0.702959,0.007458,50,0.700892,0.705027
greedy_utility,ballot_stuffing,0.3,True,high,True,fairness_index,0.926928,0.007830,50,0.924757,0.929098
greedy_utility,ballot_stuffing,0.3,True,high,True,trust_stability_index,0.747856,0.007865,50,0.745675,0.750036
greedy_utility,ballot_stuffing,0.3,True,high,True,privacy_exposure_risk,0.500000,0.000000,50,0.500000,0.500000
greedy_utility,ballot_stuffing,0.3,True,high,True,candidate_privacy_risk,0.500000,0.000000,50,0.500000,0.500000
greedy_utility,ballot_stuffing,0.3,True,high,True,accepted_privacy_exposure,0.500000,0.000000,50,0.500000,0.500000
greedy_utility,ballot_stuffing,0.3,True,high,True,avg_trust,0.625274,0.008704,50,0.622861,0.627687
greedy_utility,ballot_stuffing,0.3,True,high,True,trust_variance,0.063036,0.001966,50,0.062491,0.063581
greedy_utility,ballot_stuffing,0.3,True,high,True,avg_preference,0.665738,0.006639,50,0.663898,0.667578
greedy_utility,ballot_stuffing,0.3,True,high,True,avg_reciprocity,0.707567,0.012931,50,0.703983,0.711151
greedy_utility,ballot_stuffing,0.3,True,high,True,avg_privacy_risk,0.500000,0.000000,50,0.500000,0.500000
greedy_utility,ballot_stuffing,0.3,True,high,True,avg_total_utility,0.805131,0.001611,50,0.804685,0.805577
greedy_utility,ballot_stuffing,0.3,True,high,True,avg_system_utility,0.749748,0.001756,50,0.749261,0.750235
greedy_utility,ballot_stuffing,0.3,True,high,True,avg_social_utility,0.623379,0.001705,50,0.622906,0.623852
greedy_utility,ballot_stuffing,0.3,True,high,True,avg_resource_utility,0.981829,0.000095,50,0.981803,0.981855
greedy_utility,ballot_stuffing,0.3,True,high,True,avg_privacy_utility,0.500000,0.000000,50,0.500000,0.500000
greedy_utility,ballot_stuffing,0.3,True,high,True,avg_incentive_utility,0.601297,0.000286,50,0.601218,0.601376
greedy_utility,ballot_stuffing,0.3,True,high,True,energy_consumed,0.064840,0.000514,50,0.064698,0.064983
greedy_utility,ballot_stuffing,0.3,True,high,True,bandwidth_consumed,0.275117,0.002515,50,0.274420,0.275814
greedy_utility,ballot_stuffing,0.3,True,high,True,compute_consumed,0.366565,0.003389,50,0.365625,0.367504
greedy_utility,ballot_stuffing,0.3,True,high,True,throughput_mbps,40.657600,0.430495,50,40.538273,40.776927
greedy_utility,ballot_stuffing,0.3,True,high,True,packet_delivery_ratio,0.725567,0.007683,50,0.723438,0.727697
greedy_utility,ballot_stuffing,0.3,True,high,True,e2e_delay_ms,97.043031,0.693009,50,96.850939,97.235124
greedy_utility,ballot_stuffing,0.3,True,high,True,active_nodes,50.000000,0.000000,50,50.000000,50.000000
greedy_utility,ballot_stuffing,0.3,True,high,True,reputation_honest,0.787943,0.026419,50,0.780620,0.795266
greedy_utility,ballot_stuffing,0.3,True,high,True,reputation_attacker,0.860529,0.019795,50,0.855042,0.866016
greedy_utility,ballot_stuffing,0.3,True,high,True,reputation_separation,-0.072586,0.031076,50,-0.081200,-0.063972
greedy_utility,ballot_stuffing,0.3,True,high,True,attacker_defection_rate,0.000000,0.000000,50,0.000000,0.000000
greedy_utility,ballot_stuffing,0.3,True,high,True,decision_distortion,0.080666,0.005337,50,0.079187,0.082145
greedy_utility,ballot_stuffing,0.3,True,high,True,decision_distortion_evidenced,0.058863,0.007901,50,0.056673,0.061053
greedy_utility,ballot_stuffing,0.3,True,high,True,decision_distortion_counterfactual,0.090010,0.005910,50,0.088372,0.091649
greedy_utility,ballot_stuffing,0.3,True,high,True,decision_distortion_counterfactual_evidenced,0.075132,0.010250,50,0.072291,0.077973
greedy_utility,ballot_stuffing,0.4,True,high,True,generated_tasks,7.004760,0.035361,50,6.994958,7.014562
greedy_utility,ballot_stuffing,0.4,True,high,True,completed_tasks,5.082200,0.053812,50,5.067284,5.097116
greedy_utility,ballot_stuffing,0.4,True,high,True,attempted_interactions,7.004760,0.035361,50,6.994958,7.014562
greedy_utility,ballot_stuffing,0.4,True,high,True,successful_cooperations,5.082200,0.053812,50,5.067284,5.097116
greedy_utility,ballot_stuffing,0.4,True,high,True,failed_interactions,1.922560,0.056170,50,1.906990,1.938130
greedy_utility,ballot_stuffing,0.4,True,high,True,blocked_privacy_interactions,0.000000,0.000000,50,0.000000,0.000000
greedy_utility,ballot_stuffing,0.4,True,high,True,cooperation_rate,0.725567,0.007683,50,0.723438,0.727697
greedy_utility,ballot_stuffing,0.4,True,high,True,task_completion_ratio,0.725567,0.007683,50,0.723438,0.727697
greedy_utility,ballot_stuffing,0.4,True,high,True,reliability_score,0.725567,0.007683,50,0.723438,0.727697
greedy_utility,ballot_stuffing,0.4,True,high,True,resource_efficiency,0.702959,0.007458,50,0.700892,0.705027
greedy_utility,ballot_stuffing,0.4,True,high,True,fairness_index,0.926928,0.007830,50,0.924757,0.929098
greedy_utility,ballot_stuffing,0.4,True,high,True,trust_stability_index,0.747856,0.007865,50,0.745675,0.750036
greedy_utility,ballot_stuffing,0.4,True,high,True,privacy_exposure_risk,0.500000,0.000000,50,0.500000,0.500000
greedy_utility,ballot_stuffing,0.4,True,high,True,candidate_privacy_risk,0.500000,0.000000,50,0.500000,0.500000
greedy_utility,ballot_stuffing,0.4,True,high,True,accepted_privacy_exposure,0.500000,0.000000,50,0.500000,0.500000
greedy_utility,ballot_stuffing,0.4,True,high,True,avg_trust,0.625274,0.008704,50,0.622861,0.627687
greedy_utility,ballot_stuffing,0.4,True,high,True,trust_variance,0.063036,0.001966,50,0.062491,0.063581
greedy_utility,ballot_stuffing,0.4,True,high,True,avg_preference,0.665738,0.006639,50,0.663898,0.667578
greedy_utility,ballot_stuffing,0.4,True,high,True,avg_reciprocity,0.707567,0.012931,50,0.703983,0.711151
greedy_utility,ballot_stuffing,0.4,True,high,True,avg_privacy_risk,0.500000,0.000000,50,0.500000,0.500000
greedy_utility,ballot_stuffing,0.4,True,high,True,avg_total_utility,0.805131,0.001611,50,0.804685,0.805577
greedy_utility,ballot_stuffing,0.4,True,high,True,avg_system_utility,0.749748,0.001756,50,0.749261,0.750235
greedy_utility,ballot_stuffing,0.4,True,high,True,avg_social_utility,0.623379,0.001705,50,0.622906,0.623852
greedy_utility,ballot_stuffing,0.4,True,high,True,avg_resource_utility,0.981829,0.000095,50,0.981803,0.981855
greedy_utility,ballot_stuffing,0.4,True,high,True,avg_privacy_utility,0.500000,0.000000,50,0.500000,0.500000
greedy_utility,ballot_stuffing,0.4,True,high,True,avg_incentive_utility,0.601297,0.000286,50,0.601218,0.601376
greedy_utility,ballot_stuffing,0.4,True,high,True,energy_consumed,0.064840,0.000514,50,0.064698,0.064983
greedy_utility,ballot_stuffing,0.4,True,high,True,bandwidth_consumed,0.275117,0.002515,50,0.274420,0.275814
greedy_utility,ballot_stuffing,0.4,True,high,True,compute_consumed,0.366565,0.003389,50,0.365625,0.367504
greedy_utility,ballot_stuffing,0.4,True,high,True,throughput_mbps,40.657600,0.430495,50,40.538273,40.776927
greedy_utility,ballot_stuffing,0.4,True,high,True,packet_delivery_ratio,0.725567,0.007683,50,0.723438,0.727697
greedy_utility,ballot_stuffing,0.4,True,high,True,e2e_delay_ms,97.043031,0.693009,50,96.850939,97.235124
greedy_utility,ballot_stuffing,0.4,True,high,True,active_nodes,50.000000,0.000000,50,50.000000,50.000000
greedy_utility,ballot_stuffing,0.4,True,high,True,reputation_honest,0.787013,0.029131,50,0.778938,0.795087
greedy_utility,ballot_stuffing,0.4,True,high,True,reputation_attacker,0.880197,0.016535,50,0.875614,0.884781
greedy_utility,ballot_stuffing,0.4,True,high,True,reputation_separation,-0.093184,0.033100,50,-0.102359,-0.084009
greedy_utility,ballot_stuffing,0.4,True,high,True,attacker_defection_rate,0.000000,0.000000,50,0.000000,0.000000
greedy_utility,ballot_stuffing,0.4,True,high,True,decision_distortion,0.081156,0.006630,50,0.079318,0.082994
greedy_utility,ballot_stuffing,0.4,True,high,True,decision_distortion_evidenced,0.059302,0.009754,50,0.056598,0.062006
greedy_utility,ballot_stuffing,0.4,True,high,True,decision_distortion_counterfactual,0.090871,0.007439,50,0.088809,0.092933
greedy_utility,ballot_stuffing,0.4,True,high,True,decision_distortion_counterfactual_evidenced,0.076404,0.012533,50,0.072931,0.079878
greedy_utility,collusion,0.1,True,high,True,generated_tasks,7.003360,0.038084,50,6.992804,7.013916
greedy_utility,collusion,0.1,True,high,True,completed_tasks,4.642320,0.082745,50,4.619384,4.665256
greedy_utility,collusion,0.1,True,high,True,attempted_interactions,7.003360,0.038084,50,6.992804,7.013916
greedy_utility,collusion,0.1,True,high,True,successful_cooperations,4.642320,0.082745,50,4.619384,4.665256
greedy_utility,collusion,0.1,True,high,True,failed_interactions,2.361040,0.081652,50,2.338407,2.383673
greedy_utility,collusion,0.1,True,high,True,blocked_privacy_interactions,0.000000,0.000000,50,0.000000,0.000000
greedy_utility,collusion,0.1,True,high,True,cooperation_rate,0.662845,0.011234,50,0.659731,0.665959
greedy_utility,collusion,0.1,True,high,True,task_completion_ratio,0.662845,0.011234,50,0.659731,0.665959
greedy_utility,collusion,0.1,True,high,True,reliability_score,0.662845,0.011234,50,0.659731,0.665959
greedy_utility,collusion,0.1,True,high,True,resource_efficiency,0.642191,0.010888,50,0.639173,0.645209
greedy_utility,collusion,0.1,True,high,True,fairness_index,0.902294,0.009175,50,0.899750,0.904837
greedy_utility,collusion,0.1,True,high,True,trust_stability_index,0.722995,0.005983,50,0.721337,0.724653
greedy_utility,collusion,0.1,True,high,True,privacy_exposure_risk,0.500000,0.000000,50,0.500000,0.500000
greedy_utility,collusion,0.1,True,high,True,candidate_privacy_risk,0.500000,0.000000,50,0.500000,0.500000
greedy_utility,collusion,0.1,True,high,True,accepted_privacy_exposure,0.500000,0.000000,50,0.500000,0.500000
greedy_utility,collusion,0.1,True,high,True,avg_trust,0.592704,0.008891,50,0.590239,0.595168
greedy_utility,collusion,0.1,True,high,True,trust_variance,0.069251,0.001496,50,0.068837,0.069666
greedy_utility,collusion,0.1,True,high,True,avg_preference,0.640192,0.006944,50,0.638267,0.642116
greedy_utility,collusion,0.1,True,high,True,avg_reciprocity,0.666045,0.014667,50,0.661980,0.670111
greedy_utility,collusion,0.1,True,high,True,avg_privacy_risk,0.500000,0.000000,50,0.500000,0.500000
greedy_utility,collusion,0.1,True,high,True,avg_total_utility,0.805658,0.001453,50,0.805255,0.806061
greedy_utility,collusion,0.1,True,high,True,avg_system_utility,0.750304,0.001540,50,0.749877,0.750731
greedy_utility,collusion,0.1,True,high,True,avg_social_utility,0.623765,0.001375,50,0.623384,0.624146
greedy_utility,collusion,0.1,True,high,True,avg_resource_utility,0.981829,0.000089,50,0.981805,0.981854
greedy_utility,collusion,0.1,True,high,True,avg_privacy_utility,0.500000,0.000000,50,0.500000,0.500000
greedy_utility,collusion,0.1,True,high,True,avg_incentive_utility,0.601378,0.000242,50,0.601311,0.601445
greedy_utility,collusion,0.1,True,high,True,energy_consumed,0.064707,0.000494,50,0.064570,0.064844
greedy_utility,collusion,0.1,True,high,True,bandwidth_consumed,0.274858,0.002312,50,0.274217,0.275499
greedy_utility,collusion,0.1,True,high,True,compute_consumed,0.366790,0.003508,50,0.365818,0.367763
greedy_utility,collusion,0.1,True,high,True,throughput_mbps,37.138560,0.661961,50,36.955074,37.322046
greedy_utility,collusion,0.1,True,high,True,packet_delivery_ratio,0.662845,0.011234,50,0.659731,0.665959
greedy_utility,collusion,0.1,True,high,True,e2e_delay_ms,96.942686,0.615304,50,96.772133,97.113240
greedy_utility,collusion,0.1,True,high,True,active_nodes,50.000000,0.000000,50,50.000000,50.000000
greedy_utility,collusion,0.1,True,high,True,reputation_honest,0.778667,0.024063,50,0.771996,0.785337
greedy_utility,collusion,0.1,True,high,True,reputation_attacker,0.189336,0.005899,50,0.187701,0.190971
greedy_utility,collusion,0.1,True,high,True,reputation_separation,0.589331,0.025625,50,0.582228,0.596433
greedy_utility,collusion,0.1,True,high,True,attacker_defection_rate,0.924026,0.034110,50,0.914571,0.933481
greedy_utility,collusion,0.1,True,high,True,decision_distortion,0.081070,0.004610,50,0.079792,0.082348
greedy_utility,collusion,0.1,True,high,True,decision_distortion_evidenced,0.060877,0.006009,50,0.059211,0.062542
greedy_utility,collusion,0.1,True,high,True,decision_distortion_counterfactual,0.090945,0.005283,50,0.089481,0.092409
greedy_utility,collusion,0.1,True,high,True,decision_distortion_counterfactual_evidenced,0.077928,0.007967,50,0.075719,0.080136
greedy_utility,collusion,0.2,True,high,True,generated_tasks,7.008600,0.034573,50,6.999017,7.018183
greedy_utility,collusion,0.2,True,high,True,completed_tasks,4.176680,0.101333,50,4.148592,4.204768
greedy_utility,collusion,0.2,True,high,True,attempted_interactions,7.008600,0.034573,50,6.999017,7.018183
greedy_utility,collusion,0.2,True,high,True,successful_cooperations,4.176680,0.101333,50,4.148592,4.204768
greedy_utility,collusion,0.2,True,high,True,failed_interactions,2.831920,0.101699,50,2.803730,2.860110
greedy_utility,collusion,0.2,True,high,True,blocked_privacy_interactions,0.000000,0.000000,50,0.000000,0.000000
greedy_utility,collusion,0.2,True,high,True,cooperation_rate,0.595879,0.014381,50,0.591892,0.599865
greedy_utility,collusion,0.2,True,high,True,task_completion_ratio,0.595879,0.014381,50,0.591892,0.599865
greedy_utility,collusion,0.2,True,high,True,reliability_score,0.595879,0.014381,50,0.591892,0.599865
greedy_utility,collusion,0.2,True,high,True,resource_efficiency,0.577304,0.013955,50,0.573436,0.581172
greedy_utility,collusion,0.2,True,high,True,fairness_index,0.875148,0.012366,50,0.871720,0.878575
greedy_utility,collusion,0.2,True,high,True,trust_stability_index,0.705320,0.005331,50,0.703842,0.706797
greedy_utility,collusion,0.2,True,high,True,privacy_exposure_risk,0.500000,0.000000,50,0.500000,0.500000
greedy_utility,collusion,0.2,True,high,True,candidate_privacy_risk,0.500000,0.000000,50,0.500000,0.500000
greedy_utility,collusion,0.2,True,high,True,accepted_privacy_exposure,0.500000,0.000000,50,0.500000,0.500000
greedy_utility,collusion,0.2,True,high,True,avg_trust,0.561032,0.007820,50,0.558865,0.563200
greedy_utility,collusion,0.2,True,high,True,trust_variance,0.073670,0.001333,50,0.073301,0.074039
greedy_utility,collusion,0.2,True,high,True,avg_preference,0.615381,0.005585,50,0.613833,0.616929
greedy_utility,collusion,0.2,True,high,True,avg_reciprocity,0.622921,0.012179,50,0.619545,0.626297
greedy_utility,collusion,0.2,True,high,True,avg_privacy_risk,0.500000,0.000000,50,0.500000,0.500000
greedy_utility,collusion,0.2,True,high,True,avg_total_utility,0.805283,0.001449,50,0.804881,0.805684
greedy_utility,collusion,0.2,True,high,True,avg_system_utility,0.750016,0.001564,50,0.749583,0.750450
greedy_utility,collusion,0.2,True,high,True,avg_social_utility,0.623322,0.001404,50,0.622933,0.623711
greedy_utility,collusion,0.2,True,high,True,avg_resource_utility,0.981822,0.000091,50,0.981797,0.981848
greedy_utility,collusion,0.2,True,high,True,avg_privacy_utility,0.500000,0.000000,50,0.500000,0.500000
greedy_utility,collusion,0.2,True,high,True,avg_incentive_utility,0.601358,0.000253,50,0.601288,0.601428
greedy_utility,collusion,0.2,True,high,True,energy_consumed,0.064723,0.000423,50,0.064606,0.064840
greedy_utility,collusion,0.2,True,high,True,bandwidth_consumed,0.275245,0.002683,50,0.274501,0.275988
greedy_utility,collusion,0.2,True,high,True,compute_consumed,0.367360,0.003247,50,0.366460,0.368260
greedy_utility,collusion,0.2,True,high,True,throughput_mbps,33.413440,0.810663,50,33.188736,33.638144
greedy_utility,collusion,0.2,True,high,True,packet_delivery_ratio,0.595879,0.014381,50,0.591892,0.599865
greedy_utility,collusion,0.2,True,high,True,e2e_delay_ms,96.755407,0.693491,50,96.563181,96.947633
greedy_utility,collusion,0.2,True,high,True,active_nodes,50.000000,0.000000,50,50.000000,50.000000
greedy_utility,collusion,0.2,True,high,True,reputation_honest,0.782720,0.025029,50,0.775783,0.789658
greedy_utility,collusion,0.2,True,high,True,reputation_attacker,0.190775,0.007670,50,0.188649,0.192901
greedy_utility,collusion,0.2,True,high,True,reputation_separation,0.591945,0.025734,50,0.584812,0.599078
greedy_utility,collusion,0.2,True,high,True,attacker_defection_rate,0.921747,0.022848,50,0.915413,0.928080
greedy_utility,collusion,0.2,True,high,True,decision_distortion,0.079294,0.004340,50,0.078091,0.080498
greedy_utility,collusion,0.2,True,high,True,decision_distortion_evidenced,0.058367,0.006345,50,0.056608,0.060126
greedy_utility,collusion,0.2,True,high,True,decision_distortion_counterfactual,0.089031,0.004959,50,0.087657,0.090406
greedy_utility,collusion,0.2,True,high,True,decision_distortion_counterfactual_evidenced,0.075017,0.007990,50,0.072803,0.077232
greedy_utility,collusion,0.3,True,high,True,generated_tasks,6.996080,0.036185,50,6.986050,7.006110
greedy_utility,collusion,0.3,True,high,True,completed_tasks,3.736120,0.107708,50,3.706265,3.765975
greedy_utility,collusion,0.3,True,high,True,attempted_interactions,6.996080,0.036185,50,6.986050,7.006110
greedy_utility,collusion,0.3,True,high,True,successful_cooperations,3.736120,0.107708,50,3.706265,3.765975
greedy_utility,collusion,0.3,True,high,True,failed_interactions,3.259960,0.105052,50,3.230841,3.289079
greedy_utility,collusion,0.3,True,high,True,blocked_privacy_interactions,0.000000,0.000000,50,0.000000,0.000000
greedy_utility,collusion,0.3,True,high,True,cooperation_rate,0.534016,0.015088,50,0.529834,0.538198
greedy_utility,collusion,0.3,True,high,True,task_completion_ratio,0.534016,0.015088,50,0.529834,0.538198
greedy_utility,collusion,0.3,True,high,True,reliability_score,0.534016,0.015088,50,0.529834,0.538198
greedy_utility,collusion,0.3,True,high,True,resource_efficiency,0.517359,0.014620,50,0.513307,0.521412
greedy_utility,collusion,0.3,True,high,True,fairness_index,0.842829,0.016276,50,0.838318,0.847340
greedy_utility,collusion,0.3,True,high,True,trust_stability_index,0.698196,0.005314,50,0.696723,0.699669
greedy_utility,collusion,0.3,True,high,True,privacy_exposure_risk,0.500000,0.000000,50,0.500000,0.500000
greedy_utility,collusion,0.3,True,high,True,candidate_privacy_risk,0.500000,0.000000,50,0.500000,0.500000
greedy_utility,collusion,0.3,True,high,True,accepted_privacy_exposure,0.500000,0.000000,50,0.500000,0.500000
greedy_utility,collusion,0.3,True,high,True,avg_trust,0.530293,0.008148,50,0.528035,0.532552
greedy_utility,collusion,0.3,True,high,True,trust_variance,0.075451,0.001329,50,0.075083,0.075819
greedy_utility,collusion,0.3,True,high,True,avg_preference,0.591659,0.006855,50,0.589759,0.593559
greedy_utility,collusion,0.3,True,high,True,avg_reciprocity,0.584288,0.019367,50,0.578919,0.589656
greedy_utility,collusion,0.3,True,high,True,avg_privacy_risk,0.500000,0.000000,50,0.500000,0.500000
greedy_utility,collusion,0.3,True,high,True,avg_total_utility,0.805084,0.001660,50,0.804624,0.805544
greedy_utility,collusion,0.3,True,high,True,avg_system_utility,0.749717,0.001749,50,0.749232,0.750202
greedy_utility,collusion,0.3,True,high,True,avg_social_utility,0.623314,0.001636,50,0.622861,0.623768
greedy_utility,collusion,0.3,True,high,True,avg_resource_utility,0.981812,0.000079,50,0.981790,0.981834
greedy_utility,collusion,0.3,True,high,True,avg_privacy_utility,0.500000,0.000000,50,0.500000,0.500000
greedy_utility,collusion,0.3,True,high,True,avg_incentive_utility,0.601294,0.000263,50,0.601221,0.601367
greedy_utility,collusion,0.3,True,high,True,energy_consumed,0.064688,0.000425,50,0.064571,0.064806
greedy_utility,collusion,0.3,True,high,True,bandwidth_consumed,0.274755,0.002559,50,0.274046,0.275465
greedy_utility,collusion,0.3,True,high,True,compute_consumed,0.366967,0.002645,50,0.366234,0.367700
greedy_utility,collusion,0.3,True,high,True,throughput_mbps,29.888960,0.861665,50,29.650119,30.127801
greedy_utility,collusion,0.3,True,high,True,packet_delivery_ratio,0.534016,0.015088,50,0.529834,0.538198
greedy_utility,collusion,0.3,True,high,True,e2e_delay_ms,96.495009,0.706061,50,96.299298,96.690719
greedy_utility,collusion,0.3,True,high,True,active_nodes,50.000000,0.000000,50,50.000000,50.000000
greedy_utility,collusion,0.3,True,high,True,reputation_honest,0.779832,0.024968,50,0.772911,0.786753
greedy_utility,collusion,0.3,True,high,True,reputation_attacker,0.192392,0.009444,50,0.189774,0.195010
greedy_utility,collusion,0.3,True,high,True,reputation_separation,0.587440,0.025877,50,0.580267,0.594613
greedy_utility,collusion,0.3,True,high,True,attacker_defection_rate,0.914804,0.018894,50,0.909566,0.920041
greedy_utility,collusion,0.3,True,high,True,decision_distortion,0.079660,0.004864,50,0.078312,0.081008
greedy_utility,collusion,0.3,True,high,True,decision_distortion_evidenced,0.058821,0.006844,50,0.056924,0.060718
greedy_utility,collusion,0.3,True,high,True,decision_distortion_counterfactual,0.089473,0.006058,50,0.087794,0.091152
greedy_utility,collusion,0.3,True,high,True,decision_distortion_counterfactual_evidenced,0.075233,0.009642,50,0.072560,0.077906
greedy_utility,collusion,0.4,True,high,True,generated_tasks,6.999200,0.037952,50,6.988680,7.009720
greedy_utility,collusion,0.4,True,high,True,completed_tasks,3.271480,0.114829,50,3.239651,3.303309
greedy_utility,collusion,0.4,True,high,True,attempted_interactions,6.999200,0.037952,50,6.988680,7.009720
greedy_utility,collusion,0.4,True,high,True,successful_cooperations,3.271480,0.114829,50,3.239651,3.303309
greedy_utility,collusion,0.4,True,high,True,failed_interactions,3.727720,0.115729,50,3.695642,3.759798
greedy_utility,collusion,0.4,True,high,True,blocked_privacy_interactions,0.000000,0.000000,50,0.000000,0.000000
greedy_utility,collusion,0.4,True,high,True,cooperation_rate,0.467250,0.016142,50,0.462776,0.471725
greedy_utility,collusion,0.4,True,high,True,task_completion_ratio,0.467250,0.016142,50,0.462776,0.471725
greedy_utility,collusion,0.4,True,high,True,reliability_score,0.467250,0.016142,50,0.462776,0.471725
greedy_utility,collusion,0.4,True,high,True,resource_efficiency,0.452696,0.015618,50,0.448367,0.457025
greedy_utility,collusion,0.4,True,high,True,fairness_index,0.810292,0.019212,50,0.804967,0.815618
greedy_utility,collusion,0.4,True,high,True,trust_stability_index,0.697836,0.005543,50,0.696300,0.699373
greedy_utility,collusion,0.4,True,high,True,privacy_exposure_risk,0.500000,0.000000,50,0.500000,0.500000
greedy_utility,collusion,0.4,True,high,True,candidate_privacy_risk,0.500000,0.000000,50,0.500000,0.500000
greedy_utility,collusion,0.4,True,high,True,accepted_privacy_exposure,0.500000,0.000000,50,0.500000,0.500000
greedy_utility,collusion,0.4,True,high,True,avg_trust,0.501100,0.009377,50,0.498501,0.503699
greedy_utility,collusion,0.4,True,high,True,trust_variance,0.075541,0.001386,50,0.075157,0.075925
greedy_utility,collusion,0.4,True,high,True,avg_preference,0.569332,0.007828,50,0.567162,0.571502
greedy_utility,collusion,0.4,True,high,True,avg_reciprocity,0.549779,0.018356,50,0.544691,0.554866
greedy_utility,collusion,0.4,True,high,True,avg_privacy_risk,0.500000,0.000000,50,0.500000,0.500000
greedy_utility,collusion,0.4,True,high,True,avg_total_utility,0.805584,0.001223,50,0.805245,0.805923
greedy_utility,collusion,0.4,True,high,True,avg_system_utility,0.750262,0.001367,50,0.749883,0.750641
greedy_utility,collusion,0.4,True,high,True,avg_social_utility,0.623657,0.001402,50,0.623269,0.624046
greedy_utility,collusion,0.4,True,high,True,avg_resource_utility,0.981835,0.000098,50,0.981808,0.981862
greedy_utility,collusion,0.4,True,high,True,avg_privacy_utility,0.500000,0.000000,50,0.500000,0.500000
greedy_utility,collusion,0.4,True,high,True,avg_incentive_utility,0.601380,0.000239,50,0.601314,0.601447
greedy_utility,collusion,0.4,True,high,True,energy_consumed,0.064709,0.000554,50,0.064556,0.064863
greedy_utility,collusion,0.4,True,high,True,bandwidth_consumed,0.274753,0.003015,50,0.273917,0.275588
greedy_utility,collusion,0.4,True,high,True,compute_consumed,0.366229,0.002856,50,0.365437,0.367020
greedy_utility,collusion,0.4,True,high,True,throughput_mbps,26.171840,0.918629,50,25.917209,26.426471
greedy_utility,collusion,0.4,True,high,True,packet_delivery_ratio,0.467250,0.016142,50,0.462776,0.471725
greedy_utility,collusion,0.4,True,high,True,e2e_delay_ms,95.546608,0.897124,50,95.297938,95.795278
greedy_utility,collusion,0.4,True,high,True,active_nodes,50.000000,0.000000,50,50.000000,50.000000
greedy_utility,collusion,0.4,True,high,True,reputation_honest,0.784878,0.028867,50,0.776877,0.792880
greedy_utility,collusion,0.4,True,high,True,reputation_attacker,0.192439,0.009651,50,0.189764,0.195114
greedy_utility,collusion,0.4,True,high,True,reputation_separation,0.592440,0.032835,50,0.583338,0.601541
greedy_utility,collusion,0.4,True,high,True,attacker_defection_rate,0.920387,0.015745,50,0.916023,0.924752
greedy_utility,collusion,0.4,True,high,True,decision_distortion,0.081767,0.006000,50,0.080104,0.083430
greedy_utility,collusion,0.4,True,high,True,decision_distortion_evidenced,0.061383,0.007731,50,0.059240,0.063526
greedy_utility,collusion,0.4,True,high,True,decision_distortion_counterfactual,0.091664,0.006641,50,0.089823,0.093505
greedy_utility,collusion,0.4,True,high,True,decision_distortion_counterfactual_evidenced,0.078604,0.011082,50,0.075532,0.081676
greedy_utility,none,0.0,True,high,True,generated_tasks,7.004760,0.035361,50,6.994958,7.014562
greedy_utility,none,0.0,True,high,True,completed_tasks,5.082200,0.053812,50,5.067284,5.097116
greedy_utility,none,0.0,True,high,True,attempted_interactions,7.004760,0.035361,50,6.994958,7.014562
greedy_utility,none,0.0,True,high,True,successful_cooperations,5.082200,0.053812,50,5.067284,5.097116
greedy_utility,none,0.0,True,high,True,failed_interactions,1.922560,0.056170,50,1.906990,1.938130
greedy_utility,none,0.0,True,high,True,blocked_privacy_interactions,0.000000,0.000000,50,0.000000,0.000000
greedy_utility,none,0.0,True,high,True,cooperation_rate,0.725567,0.007683,50,0.723438,0.727697
greedy_utility,none,0.0,True,high,True,task_completion_ratio,0.725567,0.007683,50,0.723438,0.727697
greedy_utility,none,0.0,True,high,True,reliability_score,0.725567,0.007683,50,0.723438,0.727697
greedy_utility,none,0.0,True,high,True,resource_efficiency,0.702959,0.007458,50,0.700892,0.705027
greedy_utility,none,0.0,True,high,True,fairness_index,0.926928,0.007830,50,0.924757,0.929098
greedy_utility,none,0.0,True,high,True,trust_stability_index,0.747856,0.007865,50,0.745675,0.750036
greedy_utility,none,0.0,True,high,True,privacy_exposure_risk,0.500000,0.000000,50,0.500000,0.500000
greedy_utility,none,0.0,True,high,True,candidate_privacy_risk,0.500000,0.000000,50,0.500000,0.500000
greedy_utility,none,0.0,True,high,True,accepted_privacy_exposure,0.500000,0.000000,50,0.500000,0.500000
greedy_utility,none,0.0,True,high,True,avg_trust,0.625274,0.008704,50,0.622861,0.627687
greedy_utility,none,0.0,True,high,True,trust_variance,0.063036,0.001966,50,0.062491,0.063581
greedy_utility,none,0.0,True,high,True,avg_preference,0.665738,0.006639,50,0.663898,0.667578
greedy_utility,none,0.0,True,high,True,avg_reciprocity,0.707567,0.012931,50,0.703983,0.711151
greedy_utility,none,0.0,True,high,True,avg_privacy_risk,0.500000,0.000000,50,0.500000,0.500000
greedy_utility,none,0.0,True,high,True,avg_total_utility,0.805131,0.001611,50,0.804685,0.805577
greedy_utility,none,0.0,True,high,True,avg_system_utility,0.749748,0.001756,50,0.749261,0.750235
greedy_utility,none,0.0,True,high,True,avg_social_utility,0.623379,0.001705,50,0.622906,0.623852
greedy_utility,none,0.0,True,high,True,avg_resource_utility,0.981829,0.000095,50,0.981803,0.981855
greedy_utility,none,0.0,True,high,True,avg_privacy_utility,0.500000,0.000000,50,0.500000,0.500000
greedy_utility,none,0.0,True,high,True,avg_incentive_utility,0.601297,0.000286,50,0.601218,0.601376
greedy_utility,none,0.0,True,high,True,energy_consumed,0.064840,0.000514,50,0.064698,0.064983
greedy_utility,none,0.0,True,high,True,bandwidth_consumed,0.275117,0.002515,50,0.274420,0.275814
greedy_utility,none,0.0,True,high,True,compute_consumed,0.366565,0.003389,50,0.365625,0.367504
greedy_utility,none,0.0,True,high,True,throughput_mbps,40.657600,0.430495,50,40.538273,40.776927
greedy_utility,none,0.0,True,high,True,packet_delivery_ratio,0.725567,0.007683,50,0.723438,0.727697
greedy_utility,none,0.0,True,high,True,e2e_delay_ms,97.043031,0.693009,50,96.850939,97.235124
greedy_utility,none,0.0,True,high,True,active_nodes,50.000000,0.000000,50,50.000000,50.000000
greedy_utility,none,0.0,True,high,True,reputation_honest,0.789084,0.020884,50,0.783296,0.794873
greedy_utility,none,0.0,True,high,True,attacker_defection_rate,0.000000,0.000000,50,0.000000,0.000000
greedy_utility,none,0.0,True,high,True,decision_distortion,0.080284,0.003470,50,0.079322,0.081246
greedy_utility,none,0.0,True,high,True,decision_distortion_evidenced,0.058674,0.005238,50,0.057222,0.060126
greedy_utility,none,0.0,True,high,True,decision_distortion_counterfactual,0.089893,0.004309,50,0.088699,0.091088
greedy_utility,none,0.0,True,high,True,decision_distortion_counterfactual_evidenced,0.075099,0.007433,50,0.073039,0.077159
greedy_utility,on_off,0.1,True,high,True,generated_tasks,7.003360,0.038084,50,6.992804,7.013916
greedy_utility,on_off,0.1,True,high,True,completed_tasks,4.998160,0.061825,50,4.981023,5.015297
greedy_utility,on_off,0.1,True,high,True,attempted_interactions,7.003360,0.038084,50,6.992804,7.013916
greedy_utility,on_off,0.1,True,high,True,successful_cooperations,4.998160,0.061825,50,4.981023,5.015297
greedy_utility,on_off,0.1,True,high,True,failed_interactions,2.005200,0.057432,50,1.989281,2.021119
greedy_utility,on_off,0.1,True,high,True,blocked_privacy_interactions,0.000000,0.000000,50,0.000000,0.000000
greedy_utility,on_off,0.1,True,high,True,cooperation_rate,0.713770,0.007864,50,0.711590,0.715950
greedy_utility,on_off,0.1,True,high,True,task_completion_ratio,0.713770,0.007864,50,0.711590,0.715950
greedy_utility,on_off,0.1,True,high,True,reliability_score,0.713770,0.007864,50,0.711590,0.715950
greedy_utility,on_off,0.1,True,high,True,resource_efficiency,0.691527,0.007626,50,0.689414,0.693641
greedy_utility,on_off,0.1,True,high,True,fairness_index,0.926605,0.006839,50,0.924709,0.928500
greedy_utility,on_off,0.1,True,high,True,trust_stability_index,0.742751,0.006051,50,0.741074,0.744428
greedy_utility,on_off,0.1,True,high,True,privacy_exposure_risk,0.500000,0.000000,50,0.500000,0.500000
greedy_utility,on_off,0.1,True,high,True,candidate_privacy_risk,0.500000,0.000000,50,0.500000,0.500000
greedy_utility,on_off,0.1,True,high,True,accepted_privacy_exposure,0.500000,0.000000,50,0.500000,0.500000
greedy_utility,on_off,0.1,True,high,True,avg_trust,0.617409,0.009541,50,0.614764,0.620054
greedy_utility,on_off,0.1,True,high,True,trust_variance,0.064312,0.001513,50,0.063893,0.064732
greedy_utility,on_off,0.1,True,high,True,avg_preference,0.660527,0.007254,50,0.658516,0.662538
greedy_utility,on_off,0.1,True,high,True,avg_reciprocity,0.702251,0.013440,50,0.698525,0.705976
greedy_utility,on_off,0.1,True,high,True,avg_privacy_risk,0.500000,0.000000,50,0.500000,0.500000
greedy_utility,on_off,0.1,True,high,True,avg_total_utility,0.805658,0.001453,50,0.805255,0.806061
greedy_utility,on_off,0.1,True,high,True,avg_system_utility,0.750304,0.001540,50,0.749877,0.750731
greedy_utility,on_off,0.1,True,high,True,avg_social_utility,0.623765,0.001375,50,0.623384,0.624146
greedy_utility,on_off,0.1,True,high,True,avg_resource_utility,0.981829,0.000089,50,0.981805,0.981854
greedy_utility,on_off,0.1,True,high,True,avg_privacy_utility,0.500000,0.000000,50,0.500000,0.500000
greedy_utility,on_off,0.1,True,high,True,avg_incentive_utility,0.601378,0.000242,50,0.601311,0.601445
greedy_utility,on_off,0.1,True,high,True,energy_consumed,0.064707,0.000494,50,0.064570,0.064844
greedy_utility,on_off,0.1,True,high,True,bandwidth_consumed,0.274858,0.002312,50,0.274217,0.275499
greedy_utility,on_off,0.1,True,high,True,compute_consumed,0.366790,0.003508,50,0.365818,0.367763
greedy_utility,on_off,0.1,True,high,True,throughput_mbps,39.985280,0.494601,50,39.848184,40.122376
greedy_utility,on_off,0.1,True,high,True,packet_delivery_ratio,0.713770,0.007864,50,0.711590,0.715950
greedy_utility,on_off,0.1,True,high,True,e2e_delay_ms,97.011360,0.594031,50,96.846703,97.176017
greedy_utility,on_off,0.1,True,high,True,active_nodes,50.000000,0.000000,50,50.000000,50.000000
greedy_utility,on_off,0.1,True,high,True,reputation_honest,0.779407,0.024392,50,0.772646,0.786168
greedy_utility,on_off,0.1,True,high,True,reputation_attacker,0.636286,0.100714,50,0.608369,0.664202
greedy_utility,on_off,0.1,True,high,True,reputation_separation,0.143121,0.099255,50,0.115609,0.170633
greedy_utility,on_off,0.1,True,high,True,attacker_defection_rate,0.412736,0.027633,50,0.405077,0.420396
greedy_utility,on_off,0.1,True,high,True,decision_distortion,0.081084,0.004610,50,0.079806,0.082361
greedy_utility,on_off,0.1,True,high,True,decision_distortion_evidenced,0.060806,0.006070,50,0.059123,0.062488
greedy_utility,on_off,0.1,True,high,True,decision_distortion_counterfactual,0.090949,0.005268,50,0.089489,0.092410
greedy_utility,on_off,0.1,True,high,True,decision_distortion_counterfactual_evidenced,0.077842,0.008009,50,0.075622,0.080062
greedy_utility,on_off,0.2,True,high,True,generated_tasks,7.008600,0.034573,50,6.999017,7.018183
greedy_utility,on_off,0.2,True,high,True,completed_tasks,4.905280,0.056539,50,4.889608,4.920952
greedy_utility,on_off,0.2,True,high,True,attempted_interactions,7.008600,0.034573,50,6.999017,7.018183
greedy_utility,on_off,0.2,True,high,True,successful_cooperations,4.905280,0.056539,50,4.889608,4.920952
greedy_utility,on_off,0.2,True,high,True,failed_interactions,2.103320,0.051065,50,2.089166,2.117474
greedy_utility,on_off,0.2,True,high,True,blocked_privacy_interactions,0.000000,0.000000,50,0.000000,0.000000
greedy_utility,on_off,0.2,True,high,True,cooperation_rate,0.699897,0.007330,50,0.697865,0.701928
greedy_utility,on_off,0.2,True,high,True,task_completion_ratio,0.699897,0.007330,50,0.697865,0.701928
greedy_utility,on_off,0.2,True,high,True,reliability_score,0.699897,0.007330,50,0.697865,0.701928
greedy_utility,on_off,0.2,True,high,True,resource_efficiency,0.678075,0.007115,50,0.676103,0.680047
greedy_utility,on_off,0.2,True,high,True,fairness_index,0.926568,0.008055,50,0.924335,0.928801
greedy_utility,on_off,0.2,True,high,True,trust_stability_index,0.737501,0.006834,50,0.735607,0.739395
greedy_utility,on_off,0.2,True,high,True,privacy_exposure_risk,0.500000,0.000000,50,0.500000,0.500000
greedy_utility,on_off,0.2,True,high,True,candidate_privacy_risk,0.500000,0.000000,50,0.500000,0.500000
greedy_utility,on_off,0.2,True,high,True,accepted_privacy_exposure,0.500000,0.000000,50,0.500000,0.500000
greedy_utility,on_off,0.2,True,high,True,avg_trust,0.611157,0.008503,50,0.608800,0.613514
greedy_utility,on_off,0.2,True,high,True,trust_variance,0.065625,0.001708,50,0.065151,0.066098
greedy_utility,on_off,0.2,True,high,True,avg_preference,0.655976,0.005890,50,0.654343,0.657608
greedy_utility,on_off,0.2,True,high,True,avg_reciprocity,0.694981,0.011191,50,0.691879,0.698084
greedy_utility,on_off,0.2,True,high,True,avg_privacy_risk,0.500000,0.000000,50,0.500000,0.500000
greedy_utility,on_off,0.2,True,high,True,avg_total_utility,0.805283,0.001449,50,0.804881,0.805684
greedy_utility,on_off,0.2,True,high,True,avg_system_utility,0.750016,0.001564,50,0.749583,0.750450
greedy_utility,on_off,0.2,True,high,True,avg_social_utility,0.623322,0.001404,50,0.622933,0.623711
greedy_utility,on_off,0.2,True,high,True,avg_resource_utility,0.981822,0.000091,50,0.981797,0.981848
greedy_utility,on_off,0.2,True,high,True,avg_privacy_utility,0.500000,0.000000,50,0.500000,0.500000
greedy_utility,on_off,0.2,True,high,True,avg_incentive_utility,0.601358,0.000253,50,0.601288,0.601428
greedy_utility,on_off,0.2,True,high,True,energy_consumed,0.064723,0.000423,50,0.064606,0.064840
greedy_utility,on_off,0.2,True,high,True,bandwidth_consumed,0.275245,0.002683,50,0.274501,0.275988
greedy_utility,on_off,0.2,True,high,True,compute_consumed,0.367360,0.003247,50,0.366460,0.368260
greedy_utility,on_off,0.2,True,high,True,throughput_mbps,39.242240,0.452315,50,39.116865,39.367615
greedy_utility,on_off,0.2,True,high,True,packet_delivery_ratio,0.699897,0.007330,50,0.697865,0.701928
greedy_utility,on_off,0.2,True,high,True,e2e_delay_ms,96.863611,0.684485,50,96.673881,97.053340
greedy_utility,on_off,0.2,True,high,True,active_nodes,50.000000,0.000000,50,50.000000,50.000000
greedy_utility,on_off,0.2,True,high,True,reputation_honest,0.783101,0.024750,50,0.776240,0.789961
greedy_utility,on_off,0.2,True,high,True,reputation_attacker,0.625722,0.078719,50,0.603902,0.647542
greedy_utility,on_off,0.2,True,high,True,reputation_separation,0.157378,0.077756,50,0.135825,0.178931
greedy_utility,on_off,0.2,True,high,True,attacker_defection_rate,0.406675,0.012396,50,0.403239,0.410111
greedy_utility,on_off,0.2,True,high,True,decision_distortion,0.079372,0.004360,50,0.078164,0.080580
greedy_utility,on_off,0.2,True,high,True,decision_distortion_evidenced,0.058573,0.006488,50,0.056775,0.060372
greedy_utility,on_off,0.2,True,high,True,decision_distortion_counterfactual,0.089213,0.005014,50,0.087823,0.090603
greedy_utility,on_off,0.2,True,high,True,decision_distortion_counterfactual_evidenced,0.075404,0.008326,50,0.073096,0.077712
greedy_utility,on_off,0.3,True,high,True,generated_tasks,6.996080,0.036185,50,6.986050,7.006110
greedy_utility,on_off,0.3,True,high,True,completed_tasks,4.793200,0.061004,50,4.776291,4.810109
greedy_utility,on_off,0.3,True,high,True,attempted_interactions,6.996080,0.036185,50,6.986050,7.006110
greedy_utility,on_off,0.3,True,high,True,successful_cooperations,4.793200,0.061004,50,4.776291,4.810109
greedy_utility,on_off,0.3,True,high,True,failed_interactions,2.202880,0.061264,50,2.185898,2.219862
greedy_utility,on_off,0.3,True,high,True,blocked_privacy_interactions,0.000000,0.000000,50,0.000000,0.000000
greedy_utility,on_off,0.3,True,high,True,cooperation_rate,0.685240,0.008666,50,0.682838,0.687642
greedy_utility,on_off,0.3,True,high,True,task_completion_ratio,0.685240,0.008666,50,0.682838,0.687642
greedy_utility,on_off,0.3,True,high,True,reliability_score,0.685240,0.008666,50,0.682838,0.687642
greedy_utility,on_off,0.3,True,high,True,resource_efficiency,0.663863,0.008406,50,0.661533,0.666193
greedy_utility,on_off,0.3,True,high,True,fairness_index,0.926269,0.007731,50,0.924126,0.928411
greedy_utility,on_off,0.3,True,high,True,trust_stability_index,0.734225,0.006675,50,0.732375,0.736075
greedy_utility,on_off,0.3,True,high,True,privacy_exposure_risk,0.500000,0.000000,50,0.500000,0.500000
greedy_utility,on_off,0.3,True,high,True,candidate_privacy_risk,0.500000,0.000000,50,0.500000,0.500000
greedy_utility,on_off,0.3,True,high,True,accepted_privacy_exposure,0.500000,0.000000,50,0.500000,0.500000
greedy_utility,on_off,0.3,True,high,True,avg_trust,0.605082,0.007816,50,0.602916,0.607249
greedy_utility,on_off,0.3,True,high,True,trust_variance,0.066444,0.001669,50,0.065981,0.066906
greedy_utility,on_off,0.3,True,high,True,avg_preference,0.651263,0.006125,50,0.649566,0.652961
greedy_utility,on_off,0.3,True,high,True,avg_reciprocity,0.688230,0.013953,50,0.684363,0.692098
greedy_utility,on_off,0.3,True,high,True,avg_privacy_risk,0.500000,0.000000,50,0.500000,0.500000
greedy_utility,on_off,0.3,True,high,True,avg_total_utility,0.805084,0.001660,50,0.804624,0.805544
greedy_utility,on_off,0.3,True,high,True,avg_system_utility,0.749717,0.001749,50,0.749232,0.750202
greedy_utility,on_off,0.3,True,high,True,avg_social_utility,0.623314,0.001636,50,0.622861,0.623768
greedy_utility,on_off,0.3,True,high,True,avg_resource_utility,0.981812,0.000079,50,0.981790,0.981834
greedy_utility,on_off,0.3,True,high,True,avg_privacy_utility,0.500000,0.000000,50,0.500000,0.500000
greedy_utility,on_off,0.3,True,high,True,avg_incentive_utility,0.601294,0.000263,50,0.601221,0.601367
greedy_utility,on_off,0.3,True,high,True,energy_consumed,0.064688,0.000425,50,0.064571,0.064806
greedy_utility,on_off,0.3,True,high,True,bandwidth_consumed,0.274755,0.002559,50,0.274046,0.275465
greedy_utility,on_off,0.3,True,high,True,compute_consumed,0.366967,0.002645,50,0.366234,0.367700
greedy_utility,on_off,0.3,True,high,True,throughput_mbps,38.345600,0.488031,50,38.210325,38.480875
greedy_utility,on_off,0.3,True,high,True,packet_delivery_ratio,0.685240,0.008666,50,0.682838,0.687642
greedy_utility,on_off,0.3,True,high,True,e2e_delay_ms,96.860250,0.535708,50,96.711760,97.008741
greedy_utility,on_off,0.3,True,high,True,active_nodes,50.000000,0.000000,50,50.000000,50.000000
greedy_utility,on_off,0.3,True,high,True,reputation_honest,0.781958,0.024590,50,0.775142,0.788774
greedy_utility,on_off,0.3,True,high,True,reputation_attacker,0.630583,0.056539,50,0.614912,0.646255
greedy_utility,on_off,0.3,True,high,True,reputation_separation,0.151375,0.063465,50,0.133783,0.168967
greedy_utility,on_off,0.3,True,high,True,attacker_defection_rate,0.408244,0.013503,50,0.404501,0.411987
greedy_utility,on_off,0.3,True,high,True,decision_distortion,0.080137,0.004787,50,0.078810,0.081464
greedy_utility,on_off,0.3,True,high,True,decision_distortion_evidenced,0.059186,0.006749,50,0.057315,0.061057
greedy_utility,on_off,0.3,True,high,True,decision_distortion_counterfactual,0.090167,0.005932,50,0.088523,0.091812
greedy_utility,on_off,0.3,True,high,True,decision_distortion_counterfactual_evidenced,0.075973,0.009583,50,0.073317,0.078629
greedy_utility,on_off,0.4,True,high,True,generated_tasks,6.999200,0.037952,50,6.988680,7.009720
greedy_utility,on_off,0.4,True,high,True,completed_tasks,4.701480,0.059622,50,4.684954,4.718006
greedy_utility,on_off,0.4,True,high,True,attempted_interactions,6.999200,0.037952,50,6.988680,7.009720
greedy_utility,on_off,0.4,True,high,True,successful_cooperations,4.701480,0.059622,50,4.684954,4.718006
greedy_utility,on_off,0.4,True,high,True,failed_interactions,2.297720,0.052776,50,2.283091,2.312349
greedy_utility,on_off,0.4,True,high,True,blocked_privacy_interactions,0.000000,0.000000,50,0.000000,0.000000
greedy_utility,on_off,0.4,True,high,True,cooperation_rate,0.671173,0.007503,50,0.669093,0.673252
greedy_utility,on_off,0.4,True,high,True,task_completion_ratio,0.671173,0.007503,50,0.669093,0.673252
greedy_utility,on_off,0.4,True,high,True,reliability_score,0.671173,0.007503,50,0.669093,0.673252
greedy_utility,on_off,0.4,True,high,True,resource_efficiency,0.650260,0.007245,50,0.648252,0.652268
greedy_utility,on_off,0.4,True,high,True,fairness_index,0.925440,0.007477,50,0.923367,0.927512
greedy_utility,on_off,0.4,True,high,True,trust_stability_index,0.731014,0.005765,50,0.729416,0.732612
greedy_utility,on_off,0.4,True,high,True,privacy_exposure_risk,0.500000,0.000000,50,0.500000,0.500000
greedy_utility,on_off,0.4,True,high,True,candidate_privacy_risk,0.500000,0.000000,50,0.500000,0.500000
greedy_utility,on_off,0.4,True,high,True,accepted_privacy_exposure,0.500000,0.000000,50,0.500000,0.500000
greedy_utility,on_off,0.4,True,high,True,avg_trust,0.600281,0.007765,50,0.598129,0.602434
greedy_utility,on_off,0.4,True,high,True,trust_variance,0.067246,0.001441,50,0.066847,0.067646
greedy_utility,on_off,0.4,True,high,True,avg_preference,0.648194,0.006078,50,0.646509,0.649879
greedy_utility,on_off,0.4,True,high,True,avg_reciprocity,0.686048,0.013029,50,0.682437,0.689660
greedy_utility,on_off,0.4,True,high,True,avg_privacy_risk,0.500000,0.000000,50,0.500000,0.500000
greedy_utility,on_off,0.4,True,high,True,avg_total_utility,0.805584,0.001223,50,0.805245,0.805923
greedy_utility,on_off,0.4,True,high,True,avg_system_utility,0.750262,0.001367,50,0.749883,0.750641
greedy_utility,on_off,0.4,True,high,True,avg_social_utility,0.623657,0.001402,50,0.623269,0.624046
greedy_utility,on_off,0.4,True,high,True,avg_resource_utility,0.981835,0.000098,50,0.981808,0.981862
greedy_utility,on_off,0.4,True,high,True,avg_privacy_utility,0.500000,0.000000,50,0.500000,0.500000
greedy_utility,on_off,0.4,True,high,True,avg_incentive_utility,0.601380,0.000239,50,0.601314,0.601447
greedy_utility,on_off,0.4,True,high,True,energy_consumed,0.064709,0.000554,50,0.064556,0.064863
greedy_utility,on_off,0.4,True,high,True,bandwidth_consumed,0.274753,0.003015,50,0.273917,0.275588
greedy_utility,on_off,0.4,True,high,True,compute_consumed,0.366229,0.002856,50,0.365437,0.367020
greedy_utility,on_off,0.4,True,high,True,throughput_mbps,37.611840,0.476973,50,37.479630,37.744050
greedy_utility,on_off,0.4,True,high,True,packet_delivery_ratio,0.671173,0.007503,50,0.669093,0.673252
greedy_utility,on_off,0.4,True,high,True,e2e_delay_ms,96.563218,0.734937,50,96.359504,96.766932
greedy_utility,on_off,0.4,True,high,True,active_nodes,50.000000,0.000000,50,50.000000,50.000000
greedy_utility,on_off,0.4,True,high,True,reputation_honest,0.784631,0.028551,50,0.776717,0.792545
greedy_utility,on_off,0.4,True,high,True,reputation_attacker,0.626729,0.054785,50,0.611544,0.641915
greedy_utility,on_off,0.4,True,high,True,reputation_separation,0.157901,0.060527,50,0.141124,0.174679
greedy_utility,on_off,0.4,True,high,True,attacker_defection_rate,0.407997,0.009824,50,0.405274,0.410720
greedy_utility,on_off,0.4,True,high,True,decision_distortion,0.082025,0.006207,50,0.080304,0.083746
greedy_utility,on_off,0.4,True,high,True,decision_distortion_evidenced,0.061965,0.007913,50,0.059772,0.064159
greedy_utility,on_off,0.4,True,high,True,decision_distortion_counterfactual,0.092167,0.006920,50,0.090248,0.094085
greedy_utility,on_off,0.4,True,high,True,decision_distortion_counterfactual_evidenced,0.079608,0.011219,50,0.076498,0.082718
greedy_utility,reciprocity_exploitation,0.1,True,high,True,generated_tasks,7.003360,0.038084,50,6.992804,7.013916
greedy_utility,reciprocity_exploitation,0.1,True,high,True,completed_tasks,4.659520,0.075684,50,4.638541,4.680499
greedy_utility,reciprocity_exploitation,0.1,True,high,True,attempted_interactions,7.003360,0.038084,50,6.992804,7.013916
greedy_utility,reciprocity_exploitation,0.1,True,high,True,successful_cooperations,4.659520,0.075684,50,4.638541,4.680499
greedy_utility,reciprocity_exploitation,0.1,True,high,True,failed_interactions,2.343840,0.074951,50,2.323065,2.364615
greedy_utility,reciprocity_exploitation,0.1,True,high,True,blocked_privacy_interactions,0.000000,0.000000,50,0.000000,0.000000
greedy_utility,reciprocity_exploitation,0.1,True,high,True,cooperation_rate,0.665325,0.010167,50,0.662507,0.668143
greedy_utility,reciprocity_exploitation,0.1,True,high,True,task_completion_ratio,0.665325,0.010167,50,0.662507,0.668143
greedy_utility,reciprocity_exploitation,0.1,True,high,True,reliability_score,0.665325,0.010167,50,0.662507,0.668143
greedy_utility,reciprocity_exploitation,0.1,True,high,True,resource_efficiency,0.644594,0.009850,50,0.641864,0.647325
greedy_utility,reciprocity_exploitation,0.1,True,high,True,fairness_index,0.903356,0.008368,50,0.901036,0.905675
greedy_utility,reciprocity_exploitation,0.1,True,high,True,trust_stability_index,0.724570,0.005598,50,0.723018,0.726122
greedy_utility,reciprocity_exploitation,0.1,True,high,True,privacy_exposure_risk,0.500000,0.000000,50,0.500000,0.500000
greedy_utility,reciprocity_exploitation,0.1,True,high,True,candidate_privacy_risk,0.500000,0.000000,50,0.500000,0.500000
greedy_utility,reciprocity_exploitation,0.1,True,high,True,accepted_privacy_exposure,0.500000,0.000000,50,0.500000,0.500000
greedy_utility,reciprocity_exploitation,0.1,True,high,True,avg_trust,0.593932,0.008708,50,0.591518,0.596346
greedy_utility,reciprocity_exploitation,0.1,True,high,True,trust_variance,0.068858,0.001400,50,0.068470,0.069245
greedy_utility,reciprocity_exploitation,0.1,True,high,True,avg_preference,0.641357,0.006881,50,0.639450,0.643265
greedy_utility,reciprocity_exploitation,0.1,True,high,True,avg_reciprocity,0.668289,0.014265,50,0.664335,0.672243
greedy_utility,reciprocity_exploitation,0.1,True,high,True,avg_privacy_risk,0.500000,0.000000,50,0.500000,0.500000
greedy_utility,reciprocity_exploitation,0.1,True,high,True,avg_total_utility,0.805658,0.001453,50,0.805255,0.806061
greedy_utility,reciprocity_exploitation,0.1,True,high,True,avg_system_utility,0.750304,0.001540,50,0.749877,0.750731
greedy_utility,reciprocity_exploitation,0.1,True,high,True,avg_social_utility,0.623765,0.001375,50,0.623384,0.624146
greedy_utility,reciprocity_exploitation,0.1,True,high,True,avg_resource_utility,0.981829,0.000089,50,0.981805,0.981854
greedy_utility,reciprocity_exploitation,0.1,True,high,True,avg_privacy_utility,0.500000,0.000000,50,0.500000,0.500000
greedy_utility,reciprocity_exploitation,0.1,True,high,True,avg_incentive_utility,0.601378,0.000242,50,0.601311,0.601445
greedy_utility,reciprocity_exploitation,0.1,True,high,True,energy_consumed,0.064707,0.000494,50,0.064570,0.064844
greedy_utility,reciprocity_exploitation,0.1,True,high,True,bandwidth_consumed,0.274858,0.002312,50,0.274217,0.275499
greedy_utility,reciprocity_exploitation,0.1,True,high,True,compute_consumed,0.366790,0.003508,50,0.365818,0.367763
greedy_utility,reciprocity_exploitation,0.1,True,high,True,throughput_mbps,37.276160,0.605473,50,37.108331,37.443989
greedy_utility,reciprocity_exploitation,0.1,True,high,True,packet_delivery_ratio,0.665325,0.010167,50,0.662507,0.668143
greedy_utility,reciprocity_exploitation,0.1,True,high,True,e2e_delay_ms,96.946425,0.618508,50,96.774983,97.117867
greedy_utility,reciprocity_exploitation,0.1,True,high,True,active_nodes,50.000000,0.000000,50,50.000000,50.000000
greedy_utility,reciprocity_exploitation,0.1,True,high,True,reputation_honest,0.778879,0.024188,50,0.772174,0.785583
greedy_utility,reciprocity_exploitation,0.1,True,high,True,reputation_attacker,0.196478,0.011278,50,0.193352,0.199604
greedy_utility,reciprocity_exploitation,0.1,True,high,True,reputation_separation,0.582401,0.026272,50,0.575119,0.589683
greedy_utility,reciprocity_exploitation,0.1,True,high,True,attacker_defection_rate,0.899717,0.016193,50,0.895228,0.904205
greedy_utility,reciprocity_exploitation,0.1,True,high,True,decision_distortion,0.081066,0.004605,50,0.079790,0.082343
greedy_utility,reciprocity_exploitation,0.1,True,high,True,decision_distortion_evidenced,0.060871,0.006030,50,0.059199,0.062542
greedy_utility,reciprocity_exploitation,0.1,True,high,True,decision_distortion_counterfactual,0.090941,0.005275,50,0.089479,0.092404
greedy_utility,reciprocity_exploitation,0.1,True,high,True,decision_distortion_counterfactual_evidenced,0.077922,0.007988,50,0.075708,0.080136
greedy_utility,reciprocity_exploitation,0.2,True,high,True,generated_tasks,7.008600,0.034573,50,6.999017,7.018183
greedy_utility,reciprocity_exploitation,0.2,True,high,True,completed_tasks,4.211120,0.093953,50,4.185078,4.237162
greedy_utility,reciprocity_exploitation,0.2,True,high,True,attempted_interactions,7.008600,0.034573,50,6.999017,7.018183
greedy_utility,reciprocity_exploitation,0.2,True,high,True,successful_cooperations,4.211120,0.093953,50,4.185078,4.237162
greedy_utility,reciprocity_exploitation,0.2,True,high,True,failed_interactions,2.797480,0.093557,50,2.771547,2.823413
greedy_utility,reciprocity_exploitation,0.2,True,high,True,blocked_privacy_interactions,0.000000,0.000000,50,0.000000,0.000000
greedy_utility,reciprocity_exploitation,0.2,True,high,True,cooperation_rate,0.600767,0.013318,50,0.597075,0.604459
greedy_utility,reciprocity_exploitation,0.2,True,high,True,task_completion_ratio,0.600767,0.013318,50,0.597075,0.604459
greedy_utility,reciprocity_exploitation,0.2,True,high,True,reliability_score,0.600767,0.013318,50,0.597075,0.604459
greedy_utility,reciprocity_exploitation,0.2,True,high,True,resource_efficiency,0.582042,0.012934,50,0.578457,0.585627
greedy_utility,reciprocity_exploitation,0.2,True,high,True,fairness_index,0.877848,0.012858,50,0.874284,0.881412
greedy_utility,reciprocity_exploitation,0.2,True,high,True,trust_stability_index,0.707567,0.005371,50,0.706079,0.709056
greedy_utility,reciprocity_exploitation,0.2,True,high,True,privacy_exposure_risk,0.500000,0.000000,50,0.500000,0.500000
greedy_utility,reciprocity_exploitation,0.2,True,high,True,candidate_privacy_risk,0.500000,0.000000,50,0.500000,0.500000
greedy_utility,reciprocity_exploitation,0.2,True,high,True,accepted_privacy_exposure,0.500000,0.000000,50,0.500000,0.500000
greedy_utility,reciprocity_exploitation,0.2,True,high,True,avg_trust,0.562977,0.007727,50,0.560835,0.565118
greedy_utility,reciprocity_exploitation,0.2,True,high,True,trust_variance,0.073108,0.001343,50,0.072736,0.073480
greedy_utility,reciprocity_exploitation,0.2,True,high,True,avg_preference,0.617213,0.005576,50,0.615667,0.618758
greedy_utility,reciprocity_exploitation,0.2,True,high,True,avg_reciprocity,0.626530,0.012937,50,0.622944,0.630116
greedy_utility,reciprocity_exploitation,0.2,True,high,True,avg_privacy_risk,0.500000,0.000000,50,0.500000,0.500000
greedy_utility,reciprocity_exploitation,0.2,True,high,True,avg_total_utility,0.805283,0.001449,50,0.804881,0.805684
greedy_utility,reciprocity_exploitation,0.2,True,high,True,avg_system_utility,0.750016,0.001564,50,0.749583,0.750450
greedy_utility,reciprocity_exploitation,0.2,True,high,True,avg_social_utility,0.623322,0.001404,50,0.622933,0.623711
greedy_utility,reciprocity_exploitation,0.2,True,high,True,avg_resource_utility,0.981822,0.000091,50,0.981797,0.981848
greedy_utility,reciprocity_exploitation,0.2,True,high,True,avg_privacy_utility,0.500000,0.000000,50,0.500000,0.500000
greedy_utility,reciprocity_exploitation,0.2,True,high,True,avg_incentive_utility,0.601358,0.000253,50,0.601288,0.601428
greedy_utility,reciprocity_exploitation,0.2,True,high,True,energy_consumed,0.064723,0.000423,50,0.064606,0.064840
greedy_utility,reciprocity_exploitation,0.2,True,high,True,bandwidth_consumed,0.275245,0.002683,50,0.274501,0.275988
greedy_utility,reciprocity_exploitation,0.2,True,high,True,compute_consumed,0.367360,0.003247,50,0.366460,0.368260
greedy_utility,reciprocity_exploitation,0.2,True,high,True,throughput_mbps,33.688960,0.751622,50,33.480621,33.897299
greedy_utility,reciprocity_exploitation,0.2,True,high,True,packet_delivery_ratio,0.600767,0.013318,50,0.597075,0.604459
greedy_utility,reciprocity_exploitation,0.2,True,high,True,e2e_delay_ms,96.764578,0.675013,50,96.577474,96.951682
greedy_utility,reciprocity_exploitation,0.2,True,high,True,active_nodes,50.000000,0.000000,50,50.000000,50.000000
greedy_utility,reciprocity_exploitation,0.2,True,high,True,reputation_honest,0.782905,0.025087,50,0.775951,0.789859
greedy_utility,reciprocity_exploitation,0.2,True,high,True,reputation_attacker,0.198341,0.017043,50,0.193617,0.203065
greedy_utility,reciprocity_exploitation,0.2,True,high,True,reputation_separation,0.584564,0.029097,50,0.576499,0.592629
greedy_utility,reciprocity_exploitation,0.2,True,high,True,attacker_defection_rate,0.897174,0.009797,50,0.894458,0.899889
greedy_utility,reciprocity_exploitation,0.2,True,high,True,decision_distortion,0.079303,0.004321,50,0.078105,0.080501
greedy_utility,reciprocity_exploitation,0.2,True,high,True,decision_distortion_evidenced,0.058352,0.006341,50,0.056594,0.060109
greedy_utility,reciprocity_exploitation,0.2,True,high,True,decision_distortion_counterfactual,0.089050,0.004934,50,0.087682,0.090417
greedy_utility,reciprocity_exploitation,0.2,True,high,True,decision_distortion_counterfactual_evidenced,0.075019,0.007994,50,0.072803,0.077234
greedy_utility,reciprocity_exploitation,0.3,True,high,True,generated_tasks,6.996080,0.036185,50,6.986050,7.006110
greedy_utility,reciprocity_exploitation,0.3,True,high,True,completed_tasks,3.766600,0.097778,50,3.739497,3.793703
greedy_utility,reciprocity_exploitation,0.3,True,high,True,attempted_interactions,6.996080,0.036185,50,6.986050,7.006110
greedy_utility,reciprocity_exploitation,0.3,True,high,True,successful_cooperations,3.766600,0.097778,50,3.739497,3.793703
greedy_utility,reciprocity_exploitation,0.3,True,high,True,failed_interactions,3.229480,0.097200,50,3.202538,3.256422
greedy_utility,reciprocity_exploitation,0.3,True,high,True,blocked_privacy_interactions,0.000000,0.000000,50,0.000000,0.000000
greedy_utility,reciprocity_exploitation,0.3,True,high,True,cooperation_rate,0.538350,0.013812,50,0.534521,0.542179
greedy_utility,reciprocity_exploitation,0.3,True,high,True,task_completion_ratio,0.538350,0.013812,50,0.534521,0.542179
greedy_utility,reciprocity_exploitation,0.3,True,high,True,reliability_score,0.538350,0.013812,50,0.534521,0.542179
greedy_utility,reciprocity_exploitation,0.3,True,high,True,resource_efficiency,0.521557,0.013377,50,0.517849,0.525265
greedy_utility,reciprocity_exploitation,0.3,True,high,True,fairness_index,0.844908,0.015987,50,0.840476,0.849339
greedy_utility,reciprocity_exploitation,0.3,True,high,True,trust_stability_index,0.700616,0.005325,50,0.699140,0.702092
greedy_utility,reciprocity_exploitation,0.3,True,high,True,privacy_exposure_risk,0.500000,0.000000,50,0.500000,0.500000
greedy_utility,reciprocity_exploitation,0.3,True,high,True,candidate_privacy_risk,0.500000,0.000000,50,0.500000,0.500000
greedy_utility,reciprocity_exploitation,0.3,True,high,True,accepted_privacy_exposure,0.500000,0.000000,50,0.500000,0.500000
greedy_utility,reciprocity_exploitation,0.3,True,high,True,avg_trust,0.532202,0.008090,50,0.529960,0.534445
greedy_utility,reciprocity_exploitation,0.3,True,high,True,trust_variance,0.074846,0.001331,50,0.074477,0.075215
greedy_utility,reciprocity_exploitation,0.3,True,high,True,avg_preference,0.593637,0.006870,50,0.591732,0.595541
greedy_utility,reciprocity_exploitation,0.3,True,high,True,avg_reciprocity,0.588753,0.019242,50,0.583420,0.594087
greedy_utility,reciprocity_exploitation,0.3,True,high,True,avg_privacy_risk,0.500000,0.000000,50,0.500000,0.500000
greedy_utility,reciprocity_exploitation,0.3,True,high,True,avg_total_utility,0.805084,0.001660,50,0.804624,0.805544
greedy_utility,reciprocity_exploitation,0.3,True,high,True,avg_system_utility,0.749717,0.001749,50,0.749232,0.750202
greedy_utility,reciprocity_exploitation,0.3,True,high,True,avg_social_utility,0.623314,0.001636,50,0.622861,0.623768
greedy_utility,reciprocity_exploitation,0.3,True,high,True,avg_resource_utility,0.981812,0.000079,50,0.981790,0.981834
greedy_utility,reciprocity_exploitation,0.3,True,high,True,avg_privacy_utility,0.500000,0.000000,50,0.500000,0.500000
greedy_utility,reciprocity_exploitation,0.3,True,high,True,avg_incentive_utility,0.601294,0.000263,50,0.601221,0.601367
greedy_utility,reciprocity_exploitation,0.3,True,high,True,energy_consumed,0.064688,0.000425,50,0.064571,0.064806
greedy_utility,reciprocity_exploitation,0.3,True,high,True,bandwidth_consumed,0.274755,0.002559,50,0.274046,0.275465
greedy_utility,reciprocity_exploitation,0.3,True,high,True,compute_consumed,0.366967,0.002645,50,0.366234,0.367700
greedy_utility,reciprocity_exploitation,0.3,True,high,True,throughput_mbps,30.132800,0.782224,50,29.915979,30.349621
greedy_utility,reciprocity_exploitation,0.3,True,high,True,packet_delivery_ratio,0.538350,0.013812,50,0.534521,0.542179
greedy_utility,reciprocity_exploitation,0.3,True,high,True,e2e_delay_ms,96.536002,0.655349,50,96.354348,96.717655
greedy_utility,reciprocity_exploitation,0.3,True,high,True,active_nodes,50.000000,0.000000,50,50.000000,50.000000
greedy_utility,reciprocity_exploitation,0.3,True,high,True,reputation_honest,0.780224,0.024680,50,0.773383,0.787065
greedy_utility,reciprocity_exploitation,0.3,True,high,True,reputation_attacker,0.196952,0.008867,50,0.194494,0.199410
greedy_utility,reciprocity_exploitation,0.3,True,high,True,reputation_separation,0.583272,0.026427,50,0.575947,0.590597
greedy_utility,reciprocity_exploitation,0.3,True,high,True,attacker_defection_rate,0.900182,0.009593,50,0.897523,0.902841
greedy_utility,reciprocity_exploitation,0.3,True,high,True,decision_distortion,0.079684,0.004834,50,0.078344,0.081024
greedy_utility,reciprocity_exploitation,0.3,True,high,True,decision_distortion_evidenced,0.058841,0.006799,50,0.056956,0.060725
greedy_utility,reciprocity_exploitation,0.3,True,high,True,decision_distortion_counterfactual,0.089518,0.006032,50,0.087846,0.091190
greedy_utility,reciprocity_exploitation,0.3,True,high,True,decision_distortion_counterfactual_evidenced,0.075290,0.009613,50,0.072626,0.077955
greedy_utility,reciprocity_exploitation,0.4,True,high,True,generated_tasks,6.999200,0.037952,50,6.988680,7.009720
greedy_utility,reciprocity_exploitation,0.4,True,high,True,completed_tasks,3.331480,0.106103,50,3.302070,3.360890
greedy_utility,reciprocity_exploitation,0.4,True,high,True,attempted_interactions,6.999200,0.037952,50,6.988680,7.009720
greedy_utility,reciprocity_exploitation,0.4,True,high,True,successful_cooperations,3.331480,0.106103,50,3.302070,3.360890
greedy_utility,reciprocity_exploitation,0.4,True,high,True,failed_interactions,3.667720,0.107874,50,3.637819,3.697621
greedy_utility,reciprocity_exploitation,0.4,True,high,True,blocked_privacy_interactions,0.000000,0.000000,50,0.000000,0.000000
greedy_utility,reciprocity_exploitation,0.4,True,high,True,cooperation_rate,0.475802,0.014871,50,0.471680,0.479924
greedy_utility,reciprocity_exploitation,0.4,True,high,True,task_completion_ratio,0.475802,0.014871,50,0.471680,0.479924
greedy_utility,reciprocity_exploitation,0.4,True,high,True,reliability_score,0.475802,0.014871,50,0.471680,0.479924
greedy_utility,reciprocity_exploitation,0.4,True,high,True,resource_efficiency,0.460985,0.014387,50,0.456997,0.464973
greedy_utility,reciprocity_exploitation,0.4,True,high,True,fairness_index,0.816231,0.015347,50,0.811977,0.820485
greedy_utility,reciprocity_exploitation,0.4,True,high,True,trust_stability_index,0.700128,0.004970,50,0.698751,0.701506
greedy_utility,reciprocity_exploitation,0.4,True,high,True,privacy_exposure_risk,0.500000,0.000000,50,0.500000,0.500000
greedy_utility,reciprocity_exploitation,0.4,True,high,True,candidate_privacy_risk,0.500000,0.000000,50,0.500000,0.500000
greedy_utility,reciprocity_exploitation,0.4,True,high,True,accepted_privacy_exposure,0.500000,0.000000,50,0.500000,0.500000
greedy_utility,reciprocity_exploitation,0.4,True,high,True,avg_trust,0.504617,0.008104,50,0.502371,0.506863
greedy_utility,reciprocity_exploitation,0.4,True,high,True,trust_variance,0.074968,0.001243,50,0.074624,0.075312
greedy_utility,reciprocity_exploitation,0.4,True,high,True,avg_preference,0.572532,0.007079,50,0.570570,0.574494
greedy_utility,reciprocity_exploitation,0.4,True,high,True,avg_reciprocity,0.555796,0.017012,50,0.551081,0.560512
greedy_utility,reciprocity_exploitation,0.4,True,high,True,avg_privacy_risk,0.500000,0.000000,50,0.500000,0.500000
greedy_utility,reciprocity_exploitation,0.4,True,high,True,avg_total_utility,0.805584,0.001223,50,0.805245,0.805923
greedy_utility,reciprocity_exploitation,0.4,True,high,True,avg_system_utility,0.750262,0.001367,50,0.749883,0.750641
greedy_utility,reciprocity_exploitation,0.4,True,high,True,avg_social_utility,0.623657,0.001402,50,0.623269,0.624046
greedy_utility,reciprocity_exploitation,0.4,True,high,True,avg_resource_utility,0.981835,0.000098,50,0.981808,0.981862
greedy_utility,reciprocity_exploitation,0.4,True,high,True,avg_privacy_utility,0.500000,0.000000,50,0.500000,0.500000
greedy_utility,reciprocity_exploitation,0.4,True,high,True,avg_incentive_utility,0.601380,0.000239,50,0.601314,0.601447
greedy_utility,reciprocity_exploitation,0.4,True,high,True,energy_consumed,0.064709,0.000554,50,0.064556,0.064863
greedy_utility,reciprocity_exploitation,0.4,True,high,True,bandwidth_consumed,0.274753,0.003015,50,0.273917,0.275588
greedy_utility,reciprocity_exploitation,0.4,True,high,True,compute_consumed,0.366229,0.002856,50,0.365437,0.367020
greedy_utility,reciprocity_exploitation,0.4,True,high,True,throughput_mbps,26.651840,0.848827,50,26.416557,26.887123
greedy_utility,reciprocity_exploitation,0.4,True,high,True,packet_delivery_ratio,0.475802,0.014871,50,0.471680,0.479924
greedy_utility,reciprocity_exploitation,0.4,True,high,True,e2e_delay_ms,95.679247,0.780383,50,95.462936,95.895558
greedy_utility,reciprocity_exploitation,0.4,True,high,True,active_nodes,50.000000,0.000000,50,50.000000,50.000000
greedy_utility,reciprocity_exploitation,0.4,True,high,True,reputation_honest,0.784742,0.029020,50,0.776698,0.792786
greedy_utility,reciprocity_exploitation,0.4,True,high,True,reputation_attacker,0.199800,0.011677,50,0.196563,0.203036
greedy_utility,reciprocity_exploitation,0.4,True,high,True,reputation_separation,0.584942,0.032948,50,0.575810,0.594075
greedy_utility,reciprocity_exploitation,0.4,True,high,True,attacker_defection_rate,0.898855,0.007814,50,0.896689,0.901021
greedy_utility,reciprocity_exploitation,0.4,True,high,True,decision_distortion,0.081779,0.006045,50,0.080104,0.083455
greedy_utility,reciprocity_exploitation,0.4,True,high,True,decision_distortion_evidenced,0.061470,0.007744,50,0.059323,0.063616
greedy_utility,reciprocity_exploitation,0.4,True,high,True,decision_distortion_counterfactual,0.091689,0.006695,50,0.089833,0.093544
greedy_utility,reciprocity_exploitation,0.4,True,high,True,decision_distortion_counterfactual_evidenced,0.078715,0.011076,50,0.075645,0.081785
greedy_utility,selective,0.1,True,high,True,generated_tasks,7.003360,0.038084,50,6.992804,7.013916
greedy_utility,selective,0.1,True,high,True,completed_tasks,4.623600,0.079662,50,4.601519,4.645681
greedy_utility,selective,0.1,True,high,True,attempted_interactions,7.003360,0.038084,50,6.992804,7.013916
greedy_utility,selective,0.1,True,high,True,successful_cooperations,4.623600,0.079662,50,4.601519,4.645681
greedy_utility,selective,0.1,True,high,True,failed_interactions,2.379760,0.079429,50,2.357743,2.401777
greedy_utility,selective,0.1,True,high,True,blocked_privacy_interactions,0.000000,0.000000,50,0.000000,0.000000
greedy_utility,selective,0.1,True,high,True,cooperation_rate,0.660171,0.010841,50,0.657166,0.663176
greedy_utility,selective,0.1,True,high,True,task_completion_ratio,0.660171,0.010841,50,0.657166,0.663176
greedy_utility,selective,0.1,True,high,True,reliability_score,0.660171,0.010841,50,0.657166,0.663176
greedy_utility,selective,0.1,True,high,True,resource_efficiency,0.639600,0.010506,50,0.636688,0.642512
greedy_utility,selective,0.1,True,high,True,fairness_index,0.898966,0.008451,50,0.896623,0.901308
greedy_utility,selective,0.1,True,high,True,trust_stability_index,0.722330,0.005623,50,0.720771,0.723888
greedy_utility,selective,0.1,True,high,True,privacy_exposure_risk,0.500000,0.000000,50,0.500000,0.500000
greedy_utility,selective,0.1,True,high,True,candidate_privacy_risk,0.500000,0.000000,50,0.500000,0.500000
greedy_utility,selective,0.1,True,high,True,accepted_privacy_exposure,0.500000,0.000000,50,0.500000,0.500000
greedy_utility,selective,0.1,True,high,True,avg_trust,0.591454,0.008864,50,0.588997,0.593911
greedy_utility,selective,0.1,True,high,True,trust_variance,0.069418,0.001406,50,0.069028,0.069807
greedy_utility,selective,0.1,True,high,True,avg_preference,0.639260,0.006975,50,0.637327,0.641194
greedy_utility,selective,0.1,True,high,True,avg_reciprocity,0.664550,0.014444,50,0.660546,0.668553
greedy_utility,selective,0.1,True,high,True,avg_privacy_risk,0.500000,0.000000,50,0.500000,0.500000
greedy_utility,selective,0.1,True,high,True,avg_total_utility,0.805658,0.001453,50,0.805255,0.806061
greedy_utility,selective,0.1,True,high,True,avg_system_utility,0.750304,0.001540,50,0.749877,0.750731
greedy_utility,selective,0.1,True,high,True,avg_social_utility,0.623765,0.001375,50,0.623384,0.624146
greedy_utility,selective,0.1,True,high,True,avg_resource_utility,0.981829,0.000089,50,0.981805,0.981854
greedy_utility,selective,0.1,True,high,True,avg_privacy_utility,0.500000,0.000000,50,0.500000,0.500000
greedy_utility,selective,0.1,True,high,True,avg_incentive_utility,0.601378,0.000242,50,0.601311,0.601445
greedy_utility,selective,0.1,True,high,True,energy_consumed,0.064707,0.000494,50,0.064570,0.064844
greedy_utility,selective,0.1,True,high,True,bandwidth_consumed,0.274858,0.002312,50,0.274217,0.275499
greedy_utility,selective,0.1,True,high,True,compute_consumed,0.366790,0.003508,50,0.365818,0.367763
greedy_utility,selective,0.1,True,high,True,throughput_mbps,36.988800,0.637292,50,36.812152,37.165448
greedy_utility,selective,0.1,True,high,True,packet_delivery_ratio,0.660171,0.010841,50,0.657166,0.663176
greedy_utility,selective,0.1,True,high,True,e2e_delay_ms,96.939147,0.615544,50,96.768527,97.109768
greedy_utility,selective,0.1,True,high,True,active_nodes,50.000000,0.000000,50,50.000000,50.000000
greedy_utility,selective,0.1,True,high,True,reputation_honest,0.778667,0.024063,50,0.771996,0.785337
greedy_utility,selective,0.1,True,high,True,reputation_attacker,0.187904,0.004705,50,0.186600,0.189208
greedy_utility,selective,0.1,True,high,True,reputation_separation,0.590762,0.024688,50,0.583919,0.597605
greedy_utility,selective,0.1,True,high,True,attacker_defection_rate,0.951148,0.011472,50,0.947968,0.954328
greedy_utility,selective,0.1,True,high,True,decision_distortion,0.081070,0.004610,50,0.079792,0.082348
greedy_utility,selective,0.1,True,high,True,decision_distortion_evidenced,0.060877,0.006009,50,0.059211,0.062542
greedy_utility,selective,0.1,True,high,True,decision_distortion_counterfactual,0.090945,0.005283,50,0.089481,0.092409
greedy_utility,selective,0.1,True,high,True,decision_distortion_counterfactual_evidenced,0.077928,0.007967,50,0.075719,0.080136
greedy_utility,selective,0.2,True,high,True,generated_tasks,7.008600,0.034573,50,6.999017,7.018183
greedy_utility,selective,0.2,True,high,True,completed_tasks,4.139400,0.096587,50,4.112627,4.166173
greedy_utility,selective,0.2,True,high,True,attempted_interactions,7.008600,0.034573,50,6.999017,7.018183
greedy_utility,selective,0.2,True,high,True,successful_cooperations,4.139400,0.096587,50,4.112627,4.166173
greedy_utility,selective,0.2,True,high,True,failed_interactions,2.869200,0.096894,50,2.842342,2.896058
greedy_utility,selective,0.2,True,high,True,blocked_privacy_interactions,0.000000,0.000000,50,0.000000,0.000000
greedy_utility,selective,0.2,True,high,True,cooperation_rate,0.590553,0.013742,50,0.586744,0.594362
greedy_utility,selective,0.2,True,high,True,task_completion_ratio,0.590553,0.013742,50,0.586744,0.594362
greedy_utility,selective,0.2,True,high,True,reliability_score,0.590553,0.013742,50,0.586744,0.594362
greedy_utility,selective,0.2,True,high,True,resource_efficiency,0.572145,0.013342,50,0.568447,0.575843
greedy_utility,selective,0.2,True,high,True,fairness_index,0.868139,0.014044,50,0.864246,0.872031
greedy_utility,selective,0.2,True,high,True,trust_stability_index,0.704529,0.005286,50,0.703064,0.705994
greedy_utility,selective,0.2,True,high,True,privacy_exposure_risk,0.500000,0.000000,50,0.500000,0.500000
greedy_utility,selective,0.2,True,high,True,candidate_privacy_risk,0.500000,0.000000,50,0.500000,0.500000
greedy_utility,selective,0.2,True,high,True,accepted_privacy_exposure,0.500000,0.000000,50,0.500000,0.500000
greedy_utility,selective,0.2,True,high,True,avg_trust,0.558247,0.007592,50,0.556143,0.560351
greedy_utility,selective,0.2,True,high,True,trust_variance,0.073868,0.001322,50,0.073501,0.074234
greedy_utility,selective,0.2,True,high,True,avg_preference,0.613317,0.005456,50,0.611805,0.614829
greedy_utility,selective,0.2,True,high,True,avg_reciprocity,0.619382,0.012548,50,0.615903,0.622860
greedy_utility,selective,0.2,True,high,True,avg_privacy_risk,0.500000,0.000000,50,0.500000,0.500000
greedy_utility,selective,0.2,True,high,True,avg_total_utility,0.805283,0.001449,50,0.804881,0.805684
greedy_utility,selective,0.2,True,high,True,avg_system_utility,0.750016,0.001564,50,0.749583,0.750450
greedy_utility,selective,0.2,True,high,True,avg_social_utility,0.623322,0.001404,50,0.622933,0.623711
greedy_utility,selective,0.2,True,high,True,avg_resource_utility,0.981822,0.000091,50,0.981797,0.981848
greedy_utility,selective,0.2,True,high,True,avg_privacy_utility,0.500000,0.000000,50,0.500000,0.500000
greedy_utility,selective,0.2,True,high,True,avg_incentive_utility,0.601358,0.000253,50,0.601288,0.601428
greedy_utility,selective,0.2,True,high,True,energy_consumed,0.064723,0.000423,50,0.064606,0.064840
greedy_utility,selective,0.2,True,high,True,bandwidth_consumed,0.275245,0.002683,50,0.274501,0.275988
greedy_utility,selective,0.2,True,high,True,compute_consumed,0.367360,0.003247,50,0.366460,0.368260
greedy_utility,selective,0.2,True,high,True,throughput_mbps,33.115200,0.772695,50,32.901020,33.329380
greedy_utility,selective,0.2,True,high,True,packet_delivery_ratio,0.590553,0.013742,50,0.586744,0.594362
greedy_utility,selective,0.2,True,high,True,e2e_delay_ms,96.731394,0.688161,50,96.540646,96.922142
greedy_utility,selective,0.2,True,high,True,active_nodes,50.000000,0.000000,50,50.000000,50.000000
greedy_utility,selective,0.2,True,high,True,reputation_honest,0.782720,0.025029,50,0.775783,0.789658
greedy_utility,selective,0.2,True,high,True,reputation_attacker,0.188913,0.006886,50,0.187004,0.190821
greedy_utility,selective,0.2,True,high,True,reputation_separation,0.593808,0.026155,50,0.586558,0.601057
greedy_utility,selective,0.2,True,high,True,attacker_defection_rate,0.948051,0.008742,50,0.945627,0.950474
greedy_utility,selective,0.2,True,high,True,decision_distortion,0.079294,0.004340,50,0.078091,0.080498
greedy_utility,selective,0.2,True,high,True,decision_distortion_evidenced,0.058367,0.006345,50,0.056608,0.060126
greedy_utility,selective,0.2,True,high,True,decision_distortion_counterfactual,0.089031,0.004959,50,0.087657,0.090406
greedy_utility,selective,0.2,True,high,True,decision_distortion_counterfactual_evidenced,0.075017,0.007990,50,0.072803,0.077232
greedy_utility,selective,0.3,True,high,True,generated_tasks,6.996080,0.036185,50,6.986050,7.006110
greedy_utility,selective,0.3,True,high,True,completed_tasks,3.662600,0.101071,50,3.634584,3.690616
greedy_utility,selective,0.3,True,high,True,attempted_interactions,6.996080,0.036185,50,6.986050,7.006110
greedy_utility,selective,0.3,True,high,True,successful_cooperations,3.662600,0.101071,50,3.634584,3.690616
greedy_utility,selective,0.3,True,high,True,failed_interactions,3.333480,0.101512,50,3.305342,3.361618
greedy_utility,selective,0.3,True,high,True,blocked_privacy_interactions,0.000000,0.000000,50,0.000000,0.000000
greedy_utility,selective,0.3,True,high,True,cooperation_rate,0.523485,0.014317,50,0.519516,0.527454
greedy_utility,selective,0.3,True,high,True,task_completion_ratio,0.523485,0.014317,50,0.519516,0.527454
greedy_utility,selective,0.3,True,high,True,reliability_score,0.523485,0.014317,50,0.519516,0.527454
greedy_utility,selective,0.3,True,high,True,resource_efficiency,0.507156,0.013871,50,0.503311,0.511001
greedy_utility,selective,0.3,True,high,True,fairness_index,0.828819,0.018039,50,0.823819,0.833819
greedy_utility,selective,0.3,True,high,True,trust_stability_index,0.698192,0.005373,50,0.696702,0.699681
greedy_utility,selective,0.3,True,high,True,privacy_exposure_risk,0.500000,0.000000,50,0.500000,0.500000
greedy_utility,selective,0.3,True,high,True,candidate_privacy_risk,0.500000,0.000000,50,0.500000,0.500000
greedy_utility,selective,0.3,True,high,True,accepted_privacy_exposure,0.500000,0.000000,50,0.500000,0.500000
greedy_utility,selective,0.3,True,high,True,avg_trust,0.525339,0.008333,50,0.523029,0.527649
greedy_utility,selective,0.3,True,high,True,trust_variance,0.075452,0.001343,50,0.075080,0.075824
greedy_utility,selective,0.3,True,high,True,avg_preference,0.587959,0.006991,50,0.586021,0.589897
greedy_utility,selective,0.3,True,high,True,avg_reciprocity,0.578080,0.019482,50,0.572680,0.583480
greedy_utility,selective,0.3,True,high,True,avg_privacy_risk,0.500000,0.000000,50,0.500000,0.500000
greedy_utility,selective,0.3,True,high,True,avg_total_utility,0.805084,0.001660,50,0.804624,0.805544
greedy_utility,selective,0.3,True,high,True,avg_system_utility,0.749717,0.001749,50,0.749232,0.750202
greedy_utility,selective,0.3,True,high,True,avg_social_utility,0.623314,0.001636,50,0.622861,0.623768
greedy_utility,selective,0.3,True,high,True,avg_resource_utility,0.981812,0.000079,50,0.981790,0.981834
greedy_utility,selective,0.3,True,high,True,avg_privacy_utility,0.500000,0.000000,50,0.500000,0.500000
greedy_utility,selective,0.3,True,high,True,avg_incentive_utility,0.601294,0.000263,50,0.601221,0.601367
greedy_utility,selective,0.3,True,high,True,energy_consumed,0.064688,0.000425,50,0.064571,0.064806
greedy_utility,selective,0.3,True,high,True,bandwidth_consumed,0.274755,0.002559,50,0.274046,0.275465
greedy_utility,selective,0.3,True,high,True,compute_consumed,0.366967,0.002645,50,0.366234,0.367700
greedy_utility,selective,0.3,True,high,True,throughput_mbps,29.300800,0.808570,50,29.076676,29.524924
greedy_utility,selective,0.3,True,high,True,packet_delivery_ratio,0.523485,0.014317,50,0.519516,0.527454
greedy_utility,selective,0.3,True,high,True,e2e_delay_ms,96.413246,0.677315,50,96.225504,96.600988
greedy_utility,selective,0.3,True,high,True,active_nodes,50.000000,0.000000,50,50.000000,50.000000
greedy_utility,selective,0.3,True,high,True,reputation_honest,0.779832,0.024968,50,0.772911,0.786753
greedy_utility,selective,0.3,True,high,True,reputation_attacker,0.187978,0.003058,50,0.187131,0.188826
greedy_utility,selective,0.3,True,high,True,reputation_separation,0.591854,0.024917,50,0.584947,0.598760
greedy_utility,selective,0.3,True,high,True,attacker_defection_rate,0.950069,0.007364,50,0.948028,0.952110
greedy_utility,selective,0.3,True,high,True,decision_distortion,0.079660,0.004864,50,0.078312,0.081008
greedy_utility,selective,0.3,True,high,True,decision_distortion_evidenced,0.058821,0.006844,50,0.056924,0.060718
greedy_utility,selective,0.3,True,high,True,decision_distortion_counterfactual,0.089473,0.006058,50,0.087794,0.091152
greedy_utility,selective,0.3,True,high,True,decision_distortion_counterfactual_evidenced,0.075233,0.009642,50,0.072560,0.077906
greedy_utility,selective,0.4,True,high,True,generated_tasks,6.999200,0.037952,50,6.988680,7.009720
greedy_utility,selective,0.4,True,high,True,completed_tasks,3.189240,0.111134,50,3.158435,3.220045
greedy_utility,selective,0.4,True,high,True,attempted_interactions,6.999200,0.037952,50,6.988680,7.009720
greedy_utility,selective,0.4,True,high,True,successful_cooperations,3.189240,0.111134,50,3.158435,3.220045
greedy_utility,selective,0.4,True,high,True,failed_interactions,3.809960,0.113562,50,3.778482,3.841438
greedy_utility,selective,0.4,True,high,True,blocked_privacy_interactions,0.000000,0.000000,50,0.000000,0.000000
greedy_utility,selective,0.4,True,high,True,cooperation_rate,0.455488,0.015672,50,0.451144,0.459832
greedy_utility,selective,0.4,True,high,True,task_completion_ratio,0.455488,0.015672,50,0.451144,0.459832
greedy_utility,selective,0.4,True,high,True,reliability_score,0.455488,0.015672,50,0.451144,0.459832
greedy_utility,selective,0.4,True,high,True,resource_efficiency,0.441302,0.015165,50,0.437099,0.445505
greedy_utility,selective,0.4,True,high,True,fairness_index,0.792096,0.017939,50,0.787123,0.797068
greedy_utility,selective,0.4,True,high,True,trust_stability_index,0.699360,0.005325,50,0.697884,0.700837
greedy_utility,selective,0.4,True,high,True,privacy_exposure_risk,0.500000,0.000000,50,0.500000,0.500000
greedy_utility,selective,0.4,True,high,True,candidate_privacy_risk,0.500000,0.000000,50,0.500000,0.500000
greedy_utility,selective,0.4,True,high,True,accepted_privacy_exposure,0.500000,0.000000,50,0.500000,0.500000
greedy_utility,selective,0.4,True,high,True,avg_trust,0.494861,0.008638,50,0.492467,0.497255
greedy_utility,selective,0.4,True,high,True,trust_variance,0.075160,0.001331,50,0.074791,0.075529
greedy_utility,selective,0.4,True,high,True,avg_preference,0.564770,0.007363,50,0.562729,0.566811
greedy_utility,selective,0.4,True,high,True,avg_reciprocity,0.542693,0.017596,50,0.537815,0.547570
greedy_utility,selective,0.4,True,high,True,avg_privacy_risk,0.500000,0.000000,50,0.500000,0.500000
greedy_utility,selective,0.4,True,high,True,avg_total_utility,0.805584,0.001223,50,0.805245,0.805923
greedy_utility,selective,0.4,True,high,True,avg_system_utility,0.750262,0.001367,50,0.749883,0.750641
greedy_utility,selective,0.4,True,high,True,avg_social_utility,0.623657,0.001402,50,0.623269,0.624046
greedy_utility,selective,0.4,True,high,True,avg_resource_utility,0.981835,0.000098,50,0.981808,0.981862
greedy_utility,selective,0.4,True,high,True,avg_privacy_utility,0.500000,0.000000,50,0.500000,0.500000
greedy_utility,selective,0.4,True,high,True,avg_incentive_utility,0.601380,0.000239,50,0.601314,0.601447
greedy_utility,selective,0.4,True,high,True,energy_consumed,0.064709,0.000554,50,0.064556,0.064863
greedy_utility,selective,0.4,True,high,True,bandwidth_consumed,0.274753,0.003015,50,0.273917,0.275588
greedy_utility,selective,0.4,True,high,True,compute_consumed,0.366229,0.002856,50,0.365437,0.367020
greedy_utility,selective,0.4,True,high,True,throughput_mbps,25.513920,0.889075,50,25.267481,25.760359
greedy_utility,selective,0.4,True,high,True,packet_delivery_ratio,0.455488,0.015672,50,0.451144,0.459832
greedy_utility,selective,0.4,True,high,True,e2e_delay_ms,95.311630,0.890115,50,95.064902,95.558357
greedy_utility,selective,0.4,True,high,True,active_nodes,50.000000,0.000000,50,50.000000,50.000000
greedy_utility,selective,0.4,True,high,True,reputation_honest,0.784878,0.028867,50,0.776877,0.792880
greedy_utility,selective,0.4,True,high,True,reputation_attacker,0.188608,0.005852,50,0.186986,0.190230
greedy_utility,selective,0.4,True,high,True,reputation_separation,0.596270,0.030088,50,0.587930,0.604610
greedy_utility,selective,0.4,True,high,True,attacker_defection_rate,0.949806,0.005764,50,0.948209,0.951404
greedy_utility,selective,0.4,True,high,True,decision_distortion,0.081767,0.006000,50,0.080104,0.083430
greedy_utility,selective,0.4,True,high,True,decision_distortion_evidenced,0.061383,0.007731,50,0.059240,0.063526
greedy_utility,selective,0.4,True,high,True,decision_distortion_counterfactual,0.091664,0.006641,50,0.089823,0.093505
greedy_utility,selective,0.4,True,high,True,decision_distortion_counterfactual_evidenced,0.078604,0.011082,50,0.075532,0.081676
greedy_utility,sybil,0.1,True,high,True,generated_tasks,7.003360,0.038084,50,6.992804,7.013916
greedy_utility,sybil,0.1,True,high,True,completed_tasks,4.629960,0.084412,50,4.606562,4.653358
greedy_utility,sybil,0.1,True,high,True,attempted_interactions,7.003360,0.038084,50,6.992804,7.013916
greedy_utility,sybil,0.1,True,high,True,successful_cooperations,4.629960,0.084412,50,4.606562,4.653358
greedy_utility,sybil,0.1,True,high,True,failed_interactions,2.373400,0.083781,50,2.350177,2.396623
greedy_utility,sybil,0.1,True,high,True,blocked_privacy_interactions,0.000000,0.000000,50,0.000000,0.000000
greedy_utility,sybil,0.1,True,high,True,cooperation_rate,0.661093,0.011490,50,0.657908,0.664278
greedy_utility,sybil,0.1,True,high,True,task_completion_ratio,0.661093,0.011490,50,0.657908,0.664278
greedy_utility,sybil,0.1,True,high,True,reliability_score,0.661093,0.011490,50,0.657908,0.664278
greedy_utility,sybil,0.1,True,high,True,resource_efficiency,0.640494,0.011138,50,0.637406,0.643581
greedy_utility,sybil,0.1,True,high,True,fairness_index,0.900805,0.009072,50,0.898290,0.903319
greedy_utility,sybil,0.1,True,high,True,trust_stability_index,0.722301,0.005936,50,0.720656,0.723947
greedy_utility,sybil,0.1,True,high,True,privacy_exposure_risk,0.500000,0.000000,50,0.500000,0.500000
greedy_utility,sybil,0.1,True,high,True,candidate_privacy_risk,0.500000,0.000000,50,0.500000,0.500000
greedy_utility,sybil,0.1,True,high,True,accepted_privacy_exposure,0.500000,0.000000,50,0.500000,0.500000
greedy_utility,sybil,0.1,True,high,True,avg_trust,0.591957,0.008920,50,0.589485,0.594430
greedy_utility,sybil,0.1,True,high,True,trust_variance,0.069425,0.001484,50,0.069013,0.069836
greedy_utility,sybil,0.1,True,high,True,avg_preference,0.639507,0.006978,50,0.637572,0.641441
greedy_utility,sybil,0.1,True,high,True,avg_reciprocity,0.664652,0.014675,50,0.660585,0.668720
greedy_utility,sybil,0.1,True,high,True,avg_privacy_risk,0.500000,0.000000,50,0.500000,0.500000
greedy_utility,sybil,0.1,True,high,True,avg_total_utility,0.805658,0.001453,50,0.805255,0.806061
greedy_utility,sybil,0.1,True,high,True,avg_system_utility,0.750304,0.001540,50,0.749877,0.750731
greedy_utility,sybil,0.1,True,high,True,avg_social_utility,0.623765,0.001375,50,0.623384,0.624146
greedy_utility,sybil,0.1,True,high,True,avg_resource_utility,0.981829,0.000089,50,0.981805,0.981854
greedy_utility,sybil,0.1,True,high,True,avg_privacy_utility,0.500000,0.000000,50,0.500000,0.500000
greedy_utility,sybil,0.1,True,high,True,avg_incentive_utility,0.601378,0.000242,50,0.601311,0.601445
greedy_utility,sybil,0.1,True,high,True,energy_consumed,0.064707,0.000494,50,0.064570,0.064844
greedy_utility,sybil,0.1,True,high,True,bandwidth_consumed,0.274858,0.002312,50,0.274217,0.275499
greedy_utility,sybil,0.1,True,high,True,compute_consumed,0.366790,0.003508,50,0.365818,0.367763
greedy_utility,sybil,0.1,True,high,True,throughput_mbps,37.039680,0.675300,50,36.852496,37.226864
greedy_utility,sybil,0.1,True,high,True,packet_delivery_ratio,0.661093,0.011490,50,0.657908,0.664278
greedy_utility,sybil,0.1,True,high,True,e2e_delay_ms,96.935094,0.624366,50,96.762028,97.108159
greedy_utility,sybil,0.1,True,high,True,active_nodes,50.000000,0.000000,50,50.000000,50.000000
greedy_utility,sybil,0.1,True,high,True,reputation_honest,0.778617,0.023977,50,0.771971,0.785263
greedy_utility,sybil,0.1,True,high,True,reputation_attacker,0.187229,0.004357,50,0.186021,0.188437
greedy_utility,sybil,0.1,True,high,True,reputation_separation,0.591388,0.025120,50,0.584425,0.598350
greedy_utility,sybil,0.1,True,high,True,attacker_defection_rate,0.941764,0.033417,50,0.932501,0.951026
greedy_utility,sybil,0.1,True,high,True,decision_distortion,0.081067,0.004611,50,0.079789,0.082345
greedy_utility,sybil,0.1,True,high,True,decision_distortion_evidenced,0.060877,0.005998,50,0.059215,0.062540
greedy_utility,sybil,0.1,True,high,True,decision_distortion_counterfactual,0.090943,0.005285,50,0.089478,0.092407
greedy_utility,sybil,0.1,True,high,True,decision_distortion_counterfactual_evidenced,0.077928,0.007952,50,0.075724,0.080132
greedy_utility,sybil,0.2,True,high,True,generated_tasks,7.008600,0.034573,50,6.999017,7.018183
greedy_utility,sybil,0.2,True,high,True,completed_tasks,4.149240,0.103579,50,4.120529,4.177951
greedy_utility,sybil,0.2,True,high,True,attempted_interactions,7.008600,0.034573,50,6.999017,7.018183
greedy_utility,sybil,0.2,True,high,True,successful_cooperations,4.149240,0.103579,50,4.120529,4.177951
greedy_utility,sybil,0.2,True,high,True,failed_interactions,2.859360,0.104066,50,2.830514,2.888206
greedy_utility,sybil,0.2,True,high,True,blocked_privacy_interactions,0.000000,0.000000,50,0.000000,0.000000
greedy_utility,sybil,0.2,True,high,True,cooperation_rate,0.591974,0.014724,50,0.587893,0.596055
greedy_utility,sybil,0.2,True,high,True,task_completion_ratio,0.591974,0.014724,50,0.587893,0.596055
greedy_utility,sybil,0.2,True,high,True,reliability_score,0.591974,0.014724,50,0.587893,0.596055
greedy_utility,sybil,0.2,True,high,True,resource_efficiency,0.573522,0.014287,50,0.569562,0.577483
greedy_utility,sybil,0.2,True,high,True,fairness_index,0.871484,0.012832,50,0.867928,0.875041
greedy_utility,sybil,0.2,True,high,True,trust_stability_index,0.704271,0.005358,50,0.702786,0.705756
greedy_utility,sybil,0.2,True,high,True,privacy_exposure_risk,0.500000,0.000000,50,0.500000,0.500000
greedy_utility,sybil,0.2,True,high,True,candidate_privacy_risk,0.500000,0.000000,50,0.500000,0.500000
greedy_utility,sybil,0.2,True,high,True,accepted_privacy_exposure,0.500000,0.000000,50,0.500000,0.500000
greedy_utility,sybil,0.2,True,high,True,avg_trust,0.559324,0.007977,50,0.557113,0.561535
greedy_utility,sybil,0.2,True,high,True,trust_variance,0.073932,0.001339,50,0.073561,0.074304
greedy_utility,sybil,0.2,True,high,True,avg_preference,0.613866,0.005650,50,0.612300,0.615432
greedy_utility,sybil,0.2,True,high,True,avg_reciprocity,0.619871,0.012384,50,0.616439,0.623304
greedy_utility,sybil,0.2,True,high,True,avg_privacy_risk,0.500000,0.000000,50,0.500000,0.500000
greedy_utility,sybil,0.2,True,high,True,avg_total_utility,0.805283,0.001449,50,0.804881,0.805684
greedy_utility,sybil,0.2,True,high,True,avg_system_utility,0.750016,0.001564,50,0.749583,0.750450
greedy_utility,sybil,0.2,True,high,True,avg_social_utility,0.623322,0.001404,50,0.622933,0.623711
greedy_utility,sybil,0.2,True,high,True,avg_resource_utility,0.981822,0.000091,50,0.981797,0.981848
greedy_utility,sybil,0.2,True,high,True,avg_privacy_utility,0.500000,0.000000,50,0.500000,0.500000
greedy_utility,sybil,0.2,True,high,True,avg_incentive_utility,0.601358,0.000253,50,0.601288,0.601428
greedy_utility,sybil,0.2,True,high,True,energy_consumed,0.064723,0.000423,50,0.064606,0.064840
greedy_utility,sybil,0.2,True,high,True,bandwidth_consumed,0.275245,0.002683,50,0.274501,0.275988
greedy_utility,sybil,0.2,True,high,True,compute_consumed,0.367360,0.003247,50,0.366460,0.368260
greedy_utility,sybil,0.2,True,high,True,throughput_mbps,33.193920,0.828633,50,32.964235,33.423605
greedy_utility,sybil,0.2,True,high,True,packet_delivery_ratio,0.591974,0.014724,50,0.587893,0.596055
greedy_utility,sybil,0.2,True,high,True,e2e_delay_ms,96.739053,0.703323,50,96.544102,96.934004
greedy_utility,sybil,0.2,True,high,True,active_nodes,50.000000,0.000000,50,50.000000,50.000000
greedy_utility,sybil,0.2,True,high,True,reputation_honest,0.782630,0.024991,50,0.775703,0.789558
greedy_utility,sybil,0.2,True,high,True,reputation_attacker,0.187960,0.004170,50,0.186805,0.189116
greedy_utility,sybil,0.2,True,high,True,reputation_separation,0.594670,0.024555,50,0.587864,0.601476
greedy_utility,sybil,0.2,True,high,True,attacker_defection_rate,0.941115,0.022637,50,0.934840,0.947390
greedy_utility,sybil,0.2,True,high,True,decision_distortion,0.079313,0.004339,50,0.078110,0.080516
greedy_utility,sybil,0.2,True,high,True,decision_distortion_evidenced,0.058375,0.006316,50,0.056624,0.060125
greedy_utility,sybil,0.2,True,high,True,decision_distortion_counterfactual,0.089045,0.004958,50,0.087670,0.090419
greedy_utility,sybil,0.2,True,high,True,decision_distortion_counterfactual_evidenced,0.075016,0.007954,50,0.072811,0.077221
greedy_utility,sybil,0.3,True,high,True,generated_tasks,6.996080,0.036185,50,6.986050,7.006110
greedy_utility,sybil,0.3,True,high,True,completed_tasks,3.698160,0.111194,50,3.667339,3.728981
greedy_utility,sybil,0.3,True,high,True,attempted_interactions,6.996080,0.036185,50,6.986050,7.006110
greedy_utility,sybil,0.3,True,high,True,successful_cooperations,3.698160,0.111194,50,3.667339,3.728981
greedy_utility,sybil,0.3,True,high,True,failed_interactions,3.297920,0.108239,50,3.267918,3.327922
greedy_utility,sybil,0.3,True,high,True,blocked_privacy_interactions,0.000000,0.000000,50,0.000000,0.000000
greedy_utility,sybil,0.3,True,high,True,cooperation_rate,0.528572,0.015564,50,0.524258,0.532886
greedy_utility,sybil,0.3,True,high,True,task_completion_ratio,0.528572,0.015564,50,0.524258,0.532886
greedy_utility,sybil,0.3,True,high,True,reliability_score,0.528572,0.015564,50,0.524258,0.532886
greedy_utility,sybil,0.3,True,high,True,resource_efficiency,0.512085,0.015082,50,0.507905,0.516266
greedy_utility,sybil,0.3,True,high,True,fairness_index,0.837064,0.016756,50,0.832420,0.841709
greedy_utility,sybil,0.3,True,high,True,trust_stability_index,0.697187,0.005345,50,0.695705,0.698668
greedy_utility,sybil,0.3,True,high,True,privacy_exposure_risk,0.500000,0.000000,50,0.500000,0.500000
greedy_utility,sybil,0.3,True,high,True,candidate_privacy_risk,0.500000,0.000000,50,0.500000,0.500000
greedy_utility,sybil,0.3,True,high,True,accepted_privacy_exposure,0.500000,0.000000,50,0.500000,0.500000
greedy_utility,sybil,0.3,True,high,True,avg_trust,0.527708,0.008086,50,0.525467,0.529950
greedy_utility,sybil,0.3,True,high,True,trust_variance,0.075703,0.001336,50,0.075333,0.076074
greedy_utility,sybil,0.3,True,high,True,avg_preference,0.589508,0.006858,50,0.587607,0.591409
greedy_utility,sybil,0.3,True,high,True,avg_reciprocity,0.580355,0.019949,50,0.574825,0.585885
greedy_utility,sybil,0.3,True,high,True,avg_privacy_risk,0.500000,0.000000,50,0.500000,0.500000
greedy_utility,sybil,0.3,True,high,True,avg_total_utility,0.805084,0.001660,50,0.804624,0.805544
greedy_utility,sybil,0.3,True,high,True,avg_system_utility,0.749717,0.001749,50,0.749232,0.750202
greedy_utility,sybil,0.3,True,high,True,avg_social_utility,0.623314,0.001636,50,0.622861,0.623768
greedy_utility,sybil,0.3,True,high,True,avg_resource_utility,0.981812,0.000079,50,0.981790,0.981834
greedy_utility,sybil,0.3,True,high,True,avg_privacy_utility,0.500000,0.000000,50,0.500000,0.500000
greedy_utility,sybil,0.3,True,high,True,avg_incentive_utility,0.601294,0.000263,50,0.601221,0.601367
greedy_utility,sybil,0.3,True,high,True,energy_consumed,0.064688,0.000425,50,0.064571,0.064806
greedy_utility,sybil,0.3,True,high,True,bandwidth_consumed,0.274755,0.002559,50,0.274046,0.275465
greedy_utility,sybil,0.3,True,high,True,compute_consumed,0.366967,0.002645,50,0.366234,0.367700
greedy_utility,sybil,0.3,True,high,True,throughput_mbps,29.585280,0.889550,50,29.338709,29.831851
greedy_utility,sybil,0.3,True,high,True,packet_delivery_ratio,0.528572,0.015564,50,0.524258,0.532886
greedy_utility,sybil,0.3,True,high,True,e2e_delay_ms,96.460729,0.726176,50,96.259443,96.662014
greedy_utility,sybil,0.3,True,high,True,active_nodes,50.000000,0.000000,50,50.000000,50.000000
greedy_utility,sybil,0.3,True,high,True,reputation_honest,0.779650,0.024957,50,0.772732,0.786567
greedy_utility,sybil,0.3,True,high,True,reputation_attacker,0.189159,0.008004,50,0.186940,0.191378
greedy_utility,sybil,0.3,True,high,True,reputation_separation,0.590491,0.025841,50,0.583328,0.597653
greedy_utility,sybil,0.3,True,high,True,attacker_defection_rate,0.932934,0.018385,50,0.927838,0.938030
greedy_utility,sybil,0.3,True,high,True,decision_distortion,0.079667,0.004858,50,0.078321,0.081014
greedy_utility,sybil,0.3,True,high,True,decision_distortion_evidenced,0.058825,0.006878,50,0.056918,0.060731
greedy_utility,sybil,0.3,True,high,True,decision_distortion_counterfactual,0.089478,0.006059,50,0.087799,0.091158
greedy_utility,sybil,0.3,True,high,True,decision_distortion_counterfactual_evidenced,0.075232,0.009672,50,0.072551,0.077913
greedy_utility,sybil,0.4,True,high,True,generated_tasks,6.999200,0.037952,50,6.988680,7.009720
greedy_utility,sybil,0.4,True,high,True,completed_tasks,3.219960,0.118560,50,3.187097,3.252823
greedy_utility,sybil,0.4,True,high,True,attempted_interactions,6.999200,0.037952,50,6.988680,7.009720
greedy_utility,sybil,0.4,True,high,True,successful_cooperations,3.219960,0.118560,50,3.187097,3.252823
greedy_utility,sybil,0.4,True,high,True,failed_interactions,3.779240,0.119883,50,3.746010,3.812470
greedy_utility,sybil,0.4,True,high,True,blocked_privacy_interactions,0.000000,0.000000,50,0.000000,0.000000
greedy_utility,sybil,0.4,True,high,True,cooperation_rate,0.459899,0.016705,50,0.455269,0.464530
greedy_utility,sybil,0.4,True,high,True,task_completion_ratio,0.459899,0.016705,50,0.455269,0.464530
greedy_utility,sybil,0.4,True,high,True,reliability_score,0.459899,0.016705,50,0.455269,0.464530
greedy_utility,sybil,0.4,True,high,True,resource_efficiency,0.445575,0.016163,50,0.441095,0.450055
greedy_utility,sybil,0.4,True,high,True,fairness_index,0.801357,0.019944,50,0.795829,0.806885
greedy_utility,sybil,0.4,True,high,True,trust_stability_index,0.697463,0.005664,50,0.695894,0.699033
greedy_utility,sybil,0.4,True,high,True,privacy_exposure_risk,0.500000,0.000000,50,0.500000,0.500000
greedy_utility,sybil,0.4,True,high,True,candidate_privacy_risk,0.500000,0.000000,50,0.500000,0.500000
greedy_utility,sybil,0.4,True,high,True,accepted_privacy_exposure,0.500000,0.000000,50,0.500000,0.500000
greedy_utility,sybil,0.4,True,high,True,avg_trust,0.497832,0.009164,50,0.495292,0.500373
greedy_utility,sybil,0.4,True,high,True,trust_variance,0.075634,0.001416,50,0.075242,0.076027
greedy_utility,sybil,0.4,True,high,True,avg_preference,0.566601,0.007735,50,0.564457,0.568745
greedy_utility,sybil,0.4,True,high,True,avg_reciprocity,0.544855,0.018126,50,0.539830,0.549879
greedy_utility,sybil,0.4,True,high,True,avg_privacy_risk,0.500000,0.000000,50,0.500000,0.500000
greedy_utility,sybil,0.4,True,high,True,avg_total_utility,0.805584,0.001223,50,0.805245,0.805923
greedy_utility,sybil,0.4,True,high,True,avg_system_utility,0.750262,0.001367,50,0.749883,0.750641
greedy_utility,sybil,0.4,True,high,True,avg_social_utility,0.623657,0.001402,50,0.623269,0.624046
greedy_utility,sybil,0.4,True,high,True,avg_resource_utility,0.981835,0.000098,50,0.981808,0.981862
greedy_utility,sybil,0.4,True,high,True,avg_privacy_utility,0.500000,0.000000,50,0.500000,0.500000
greedy_utility,sybil,0.4,True,high,True,avg_incentive_utility,0.601380,0.000239,50,0.601314,0.601447
greedy_utility,sybil,0.4,True,high,True,energy_consumed,0.064709,0.000554,50,0.064556,0.064863
greedy_utility,sybil,0.4,True,high,True,bandwidth_consumed,0.274753,0.003015,50,0.273917,0.275588
greedy_utility,sybil,0.4,True,high,True,compute_consumed,0.366229,0.002856,50,0.365437,0.367020
greedy_utility,sybil,0.4,True,high,True,throughput_mbps,25.759680,0.948483,50,25.496774,26.022586
greedy_utility,sybil,0.4,True,high,True,packet_delivery_ratio,0.459899,0.016705,50,0.455269,0.464530
greedy_utility,sybil,0.4,True,high,True,e2e_delay_ms,95.403697,0.945084,50,95.141733,95.665661
greedy_utility,sybil,0.4,True,high,True,active_nodes,50.000000,0.000000,50,50.000000,50.000000
greedy_utility,sybil,0.4,True,high,True,reputation_honest,0.784719,0.028770,50,0.776744,0.792694
greedy_utility,sybil,0.4,True,high,True,reputation_attacker,0.188579,0.004238,50,0.187404,0.189753
greedy_utility,sybil,0.4,True,high,True,reputation_separation,0.596141,0.029942,50,0.587841,0.604440
greedy_utility,sybil,0.4,True,high,True,attacker_defection_rate,0.938816,0.015682,50,0.934469,0.943162
greedy_utility,sybil,0.4,True,high,True,decision_distortion,0.081734,0.005985,50,0.080076,0.083393
greedy_utility,sybil,0.4,True,high,True,decision_distortion_evidenced,0.061387,0.007695,50,0.059254,0.063520
greedy_utility,sybil,0.4,True,high,True,decision_distortion_counterfactual,0.091615,0.006608,50,0.089783,0.093446
greedy_utility,sybil,0.4,True,high,True,decision_distortion_counterfactual_evidenced,0.078582,0.011035,50,0.075523,0.081640
greedy_utility,whitewashing,0.1,True,high,True,generated_tasks,7.003360,0.038084,50,6.992804,7.013916
greedy_utility,whitewashing,0.1,True,high,True,completed_tasks,4.603920,0.082184,50,4.581140,4.626700
greedy_utility,whitewashing,0.1,True,high,True,attempted_interactions,7.003360,0.038084,50,6.992804,7.013916
greedy_utility,whitewashing,0.1,True,high,True,successful_cooperations,4.603920,0.082184,50,4.581140,4.626700
greedy_utility,whitewashing,0.1,True,high,True,failed_interactions,2.399440,0.082171,50,2.376663,2.422217
greedy_utility,whitewashing,0.1,True,high,True,blocked_privacy_interactions,0.000000,0.000000,50,0.000000,0.000000
greedy_utility,whitewashing,0.1,True,high,True,cooperation_rate,0.657371,0.011204,50,0.654266,0.660477
greedy_utility,whitewashing,0.1,True,high,True,task_completion_ratio,0.657371,0.011204,50,0.654266,0.660477
greedy_utility,whitewashing,0.1,True,high,True,reliability_score,0.657371,0.011204,50,0.654266,0.660477
greedy_utility,whitewashing,0.1,True,high,True,resource_efficiency,0.636888,0.010861,50,0.633878,0.639898
greedy_utility,whitewashing,0.1,True,high,True,fairness_index,0.896374,0.008499,50,0.894019,0.898730
greedy_utility,whitewashing,0.1,True,high,True,trust_stability_index,0.739159,0.006901,50,0.737246,0.741072
greedy_utility,whitewashing,0.1,True,high,True,privacy_exposure_risk,0.500000,0.000000,50,0.500000,0.500000
greedy_utility,whitewashing,0.1,True,high,True,candidate_privacy_risk,0.500000,0.000000,50,0.500000,0.500000
greedy_utility,whitewashing,0.1,True,high,True,accepted_privacy_exposure,0.500000,0.000000,50,0.500000,0.500000
greedy_utility,whitewashing,0.1,True,high,True,avg_trust,0.616562,0.008851,50,0.614108,0.619015
greedy_utility,whitewashing,0.1,True,high,True,trust_variance,0.065210,0.001725,50,0.064732,0.065688
greedy_utility,whitewashing,0.1,True,high,True,avg_preference,0.659880,0.006593,50,0.658053,0.661707
greedy_utility,whitewashing,0.1,True,high,True,avg_reciprocity,0.696729,0.012668,50,0.693218,0.700241
greedy_utility,whitewashing,0.1,True,high,True,avg_privacy_risk,0.500000,0.000000,50,0.500000,0.500000
greedy_utility,whitewashing,0.1,True,high,True,avg_total_utility,0.805658,0.001453,50,0.805255,0.806061
greedy_utility,whitewashing,0.1,True,high,True,avg_system_utility,0.750304,0.001540,50,0.749877,0.750731
greedy_utility,whitewashing,0.1,True,high,True,avg_social_utility,0.623765,0.001375,50,0.623384,0.624146
greedy_utility,whitewashing,0.1,True,high,True,avg_resource_utility,0.981829,0.000089,50,0.981805,0.981854
greedy_utility,whitewashing,0.1,True,high,True,avg_privacy_utility,0.500000,0.000000,50,0.500000,0.500000
greedy_utility,whitewashing,0.1,True,high,True,avg_incentive_utility,0.601378,0.000242,50,0.601311,0.601445
greedy_utility,whitewashing,0.1,True,high,True,energy_consumed,0.064707,0.000494,50,0.064570,0.064844
greedy_utility,whitewashing,0.1,True,high,True,bandwidth_consumed,0.274858,0.002312,50,0.274217,0.275499
greedy_utility,whitewashing,0.1,True,high,True,compute_consumed,0.366790,0.003508,50,0.365818,0.367763
greedy_utility,whitewashing,0.1,True,high,True,throughput_mbps,36.831360,0.657475,50,36.649117,37.013603
greedy_utility,whitewashing,0.1,True,high,True,packet_delivery_ratio,0.657371,0.011204,50,0.654266,0.660477
greedy_utility,whitewashing,0.1,True,high,True,e2e_delay_ms,96.926447,0.624461,50,96.753355,97.099538
greedy_utility,whitewashing,0.1,True,high,True,active_nodes,50.000000,0.000000,50,50.000000,50.000000
greedy_utility,whitewashing,0.1,True,high,True,reputation_honest,0.773216,0.024424,50,0.766446,0.779986
greedy_utility,whitewashing,0.1,True,high,True,reputation_attacker,0.259687,0.065322,50,0.241581,0.277793
greedy_utility,whitewashing,0.1,True,high,True,reputation_separation,0.513529,0.066895,50,0.494987,0.532072
greedy_utility,whitewashing,0.1,True,high,True,attacker_defection_rate,0.979472,0.007750,50,0.977324,0.981620
greedy_utility,whitewashing,0.1,True,high,True,whitewash_events,60.000000,0.000000,50,60.000000,60.000000
greedy_utility,whitewashing,0.1,True,high,True,decision_distortion,0.081010,0.004336,50,0.079809,0.082212
greedy_utility,whitewashing,0.1,True,high,True,decision_distortion_evidenced,0.061177,0.006008,50,0.059512,0.062842
greedy_utility,whitewashing,0.1,True,high,True,decision_distortion_counterfactual,0.090909,0.004908,50,0.089549,0.092270
greedy_utility,whitewashing,0.1,True,high,True,decision_distortion_counterfactual_evidenced,0.078273,0.007905,50,0.076082,0.080464
greedy_utility,whitewashing,0.2,True,high,True,generated_tasks,7.008600,0.034573,50,6.999017,7.018183
greedy_utility,whitewashing,0.2,True,high,True,completed_tasks,4.095400,0.099283,50,4.067880,4.122920
greedy_utility,whitewashing,0.2,True,high,True,attempted_interactions,7.008600,0.034573,50,6.999017,7.018183
greedy_utility,whitewashing,0.2,True,high,True,successful_cooperations,4.095400,0.099283,50,4.067880,4.122920
greedy_utility,whitewashing,0.2,True,high,True,failed_interactions,2.913200,0.099751,50,2.885551,2.940849
greedy_utility,whitewashing,0.2,True,high,True,blocked_privacy_interactions,0.000000,0.000000,50,0.000000,0.000000
greedy_utility,whitewashing,0.2,True,high,True,cooperation_rate,0.584308,0.014162,50,0.580382,0.588233
greedy_utility,whitewashing,0.2,True,high,True,task_completion_ratio,0.584308,0.014162,50,0.580382,0.588233
greedy_utility,whitewashing,0.2,True,high,True,reliability_score,0.584308,0.014162,50,0.580382,0.588233
greedy_utility,whitewashing,0.2,True,high,True,resource_efficiency,0.566096,0.013749,50,0.562285,0.569907
greedy_utility,whitewashing,0.2,True,high,True,fairness_index,0.861811,0.014825,50,0.857702,0.865921
greedy_utility,whitewashing,0.2,True,high,True,trust_stability_index,0.726826,0.007171,50,0.724839,0.728814
greedy_utility,whitewashing,0.2,True,high,True,privacy_exposure_risk,0.500000,0.000000,50,0.500000,0.500000
greedy_utility,whitewashing,0.2,True,high,True,candidate_privacy_risk,0.500000,0.000000,50,0.500000,0.500000
greedy_utility,whitewashing,0.2,True,high,True,accepted_privacy_exposure,0.500000,0.000000,50,0.500000,0.500000
greedy_utility,whitewashing,0.2,True,high,True,avg_trust,0.607095,0.008837,50,0.604645,0.609544
greedy_utility,whitewashing,0.2,True,high,True,trust_variance,0.068293,0.001793,50,0.067797,0.068790
greedy_utility,whitewashing,0.2,True,high,True,avg_preference,0.652861,0.006648,50,0.651018,0.654704
greedy_utility,whitewashing,0.2,True,high,True,avg_reciprocity,0.678150,0.014657,50,0.674087,0.682213
greedy_utility,whitewashing,0.2,True,high,True,avg_privacy_risk,0.500000,0.000000,50,0.500000,0.500000
greedy_utility,whitewashing,0.2,True,high,True,avg_total_utility,0.805283,0.001449,50,0.804881,0.805684
greedy_utility,whitewashing,0.2,True,high,True,avg_system_utility,0.750016,0.001564,50,0.749583,0.750450
greedy_utility,whitewashing,0.2,True,high,True,avg_social_utility,0.623322,0.001404,50,0.622933,0.623711
greedy_utility,whitewashing,0.2,True,high,True,avg_resource_utility,0.981822,0.000091,50,0.981797,0.981848
greedy_utility,whitewashing,0.2,True,high,True,avg_privacy_utility,0.500000,0.000000,50,0.500000,0.500000
greedy_utility,whitewashing,0.2,True,high,True,avg_incentive_utility,0.601358,0.000253,50,0.601288,0.601428
greedy_utility,whitewashing,0.2,True,high,True,energy_consumed,0.064723,0.000423,50,0.064606,0.064840
greedy_utility,whitewashing,0.2,True,high,True,bandwidth_consumed,0.275245,0.002683,50,0.274501,0.275988
greedy_utility,whitewashing,0.2,True,high,True,compute_consumed,0.367360,0.003247,50,0.366460,0.368260
greedy_utility,whitewashing,0.2,True,high,True,throughput_mbps,32.763200,0.794267,50,32.543040,32.983360
greedy_utility,whitewashing,0.2,True,high,True,packet_delivery_ratio,0.584308,0.014162,50,0.580382,0.588233
greedy_utility,whitewashing,0.2,True,high,True,e2e_delay_ms,96.698095,0.712906,50,96.500488,96.895702
greedy_utility,whitewashing,0.2,True,high,True,active_nodes,50.000000,0.000000,50,50.000000,50.000000
greedy_utility,whitewashing,0.2,True,high,True,reputation_honest,0.770091,0.028506,50,0.762189,0.777992
greedy_utility,whitewashing,0.2,True,high,True,reputation_attacker,0.266252,0.039965,50,0.255174,0.277329
greedy_utility,whitewashing,0.2,True,high,True,reputation_separation,0.503839,0.043002,50,0.491920,0.515759
greedy_utility,whitewashing,0.2,True,high,True,attacker_defection_rate,0.979165,0.005083,50,0.977756,0.980574
greedy_utility,whitewashing,0.2,True,high,True,whitewash_events,120.000000,0.000000,50,120.000000,120.000000
greedy_utility,whitewashing,0.2,True,high,True,decision_distortion,0.078720,0.004424,50,0.077494,0.079946
greedy_utility,whitewashing,0.2,True,high,True,decision_distortion_evidenced,0.058075,0.006440,50,0.056289,0.059860
greedy_utility,whitewashing,0.2,True,high,True,decision_distortion_counterfactual,0.088358,0.005246,50,0.086904,0.089812
greedy_utility,whitewashing,0.2,True,high,True,decision_distortion_counterfactual_evidenced,0.074543,0.008019,50,0.072320,0.076766
greedy_utility,whitewashing,0.3,True,high,True,generated_tasks,6.996080,0.036185,50,6.986050,7.006110
greedy_utility,whitewashing,0.3,True,high,True,completed_tasks,3.601040,0.105370,50,3.571833,3.630247
greedy_utility,whitewashing,0.3,True,high,True,attempted_interactions,6.996080,0.036185,50,6.986050,7.006110
greedy_utility,whitewashing,0.3,True,high,True,successful_cooperations,3.601040,0.105370,50,3.571833,3.630247
greedy_utility,whitewashing,0.3,True,high,True,failed_interactions,3.395040,0.105339,50,3.365841,3.424239
greedy_utility,whitewashing,0.3,True,high,True,blocked_privacy_interactions,0.000000,0.000000,50,0.000000,0.000000
greedy_utility,whitewashing,0.3,True,high,True,cooperation_rate,0.514666,0.014902,50,0.510535,0.518797
greedy_utility,whitewashing,0.3,True,high,True,task_completion_ratio,0.514666,0.014902,50,0.510535,0.518797
greedy_utility,whitewashing,0.3,True,high,True,reliability_score,0.514666,0.014902,50,0.510535,0.518797
greedy_utility,whitewashing,0.3,True,high,True,resource_efficiency,0.498612,0.014438,50,0.494610,0.502614
greedy_utility,whitewashing,0.3,True,high,True,fairness_index,0.818056,0.020077,50,0.812491,0.823622
greedy_utility,whitewashing,0.3,True,high,True,trust_stability_index,0.713938,0.007711,50,0.711801,0.716076
greedy_utility,whitewashing,0.3,True,high,True,privacy_exposure_risk,0.500000,0.000000,50,0.500000,0.500000
greedy_utility,whitewashing,0.3,True,high,True,candidate_privacy_risk,0.500000,0.000000,50,0.500000,0.500000
greedy_utility,whitewashing,0.3,True,high,True,accepted_privacy_exposure,0.500000,0.000000,50,0.500000,0.500000
greedy_utility,whitewashing,0.3,True,high,True,avg_trust,0.595370,0.010595,50,0.592433,0.598307
greedy_utility,whitewashing,0.3,True,high,True,trust_variance,0.071515,0.001928,50,0.070981,0.072050
greedy_utility,whitewashing,0.3,True,high,True,avg_preference,0.644753,0.008693,50,0.642343,0.647163
greedy_utility,whitewashing,0.3,True,high,True,avg_reciprocity,0.660962,0.019357,50,0.655597,0.666328
greedy_utility,whitewashing,0.3,True,high,True,avg_privacy_risk,0.500000,0.000000,50,0.500000,0.500000
greedy_utility,whitewashing,0.3,True,high,True,avg_total_utility,0.805084,0.001660,50,0.804624,0.805544
greedy_utility,whitewashing,0.3,True,high,True,avg_system_utility,0.749717,0.001749,50,0.749232,0.750202
greedy_utility,whitewashing,0.3,True,high,True,avg_social_utility,0.623314,0.001636,50,0.622861,0.623768
greedy_utility,whitewashing,0.3,True,high,True,avg_resource_utility,0.981812,0.000079,50,0.981790,0.981834
greedy_utility,whitewashing,0.3,True,high,True,avg_privacy_utility,0.500000,0.000000,50,0.500000,0.500000
greedy_utility,whitewashing,0.3,True,high,True,avg_incentive_utility,0.601294,0.000263,50,0.601221,0.601367
greedy_utility,whitewashing,0.3,True,high,True,energy_consumed,0.064688,0.000425,50,0.064571,0.064806
greedy_utility,whitewashing,0.3,True,high,True,bandwidth_consumed,0.274755,0.002559,50,0.274046,0.275465
greedy_utility,whitewashing,0.3,True,high,True,compute_consumed,0.366967,0.002645,50,0.366234,0.367700
greedy_utility,whitewashing,0.3,True,high,True,throughput_mbps,28.808320,0.842956,50,28.574665,29.041975
greedy_utility,whitewashing,0.3,True,high,True,packet_delivery_ratio,0.514666,0.014902,50,0.510535,0.518797
greedy_utility,whitewashing,0.3,True,high,True,e2e_delay_ms,96.346931,0.663905,50,96.162906,96.530956
greedy_utility,whitewashing,0.3,True,high,True,active_nodes,50.000000,0.000000,50,50.000000,50.000000
greedy_utility,whitewashing,0.3,True,high,True,reputation_honest,0.758797,0.029000,50,0.750759,0.766836
greedy_utility,whitewashing,0.3,True,high,True,reputation_attacker,0.272697,0.036965,50,0.262451,0.282944
greedy_utility,whitewashing,0.3,True,high,True,reputation_separation,0.486100,0.040117,50,0.474980,0.497220
greedy_utility,whitewashing,0.3,True,high,True,attacker_defection_rate,0.979509,0.004288,50,0.978320,0.980697
greedy_utility,whitewashing,0.3,True,high,True,whitewash_events,180.000000,0.000000,50,180.000000,180.000000
greedy_utility,whitewashing,0.3,True,high,True,decision_distortion,0.078792,0.004366,50,0.077582,0.080003
greedy_utility,whitewashing,0.3,True,high,True,decision_distortion_evidenced,0.058728,0.006554,50,0.056912,0.060545
greedy_utility,whitewashing,0.3,True,high,True,decision_distortion_counterfactual,0.088331,0.005203,50,0.086889,0.089774
greedy_utility,whitewashing,0.3,True,high,True,decision_distortion_counterfactual_evidenced,0.074679,0.008863,50,0.072222,0.077136
greedy_utility,whitewashing,0.4,True,high,True,generated_tasks,6.999200,0.037952,50,6.988680,7.009720
greedy_utility,whitewashing,0.4,True,high,True,completed_tasks,3.106680,0.115433,50,3.074684,3.138676
greedy_utility,whitewashing,0.4,True,high,True,attempted_interactions,6.999200,0.037952,50,6.988680,7.009720
greedy_utility,whitewashing,0.4,True,high,True,successful_cooperations,3.106680,0.115433,50,3.074684,3.138676
greedy_utility,whitewashing,0.4,True,high,True,failed_interactions,3.892520,0.118363,50,3.859711,3.925329
greedy_utility,whitewashing,0.4,True,high,True,blocked_privacy_interactions,0.000000,0.000000,50,0.000000,0.000000
greedy_utility,whitewashing,0.4,True,high,True,cooperation_rate,0.443672,0.016293,50,0.439156,0.448188
greedy_utility,whitewashing,0.4,True,high,True,task_completion_ratio,0.443672,0.016293,50,0.439156,0.448188
greedy_utility,whitewashing,0.4,True,high,True,reliability_score,0.443672,0.016293,50,0.439156,0.448188
greedy_utility,whitewashing,0.4,True,high,True,resource_efficiency,0.429854,0.015766,50,0.425484,0.434224
greedy_utility,whitewashing,0.4,True,high,True,fairness_index,0.775561,0.019526,50,0.770148,0.780973
greedy_utility,whitewashing,0.4,True,high,True,trust_stability_index,0.698422,0.009647,50,0.695748,0.701095
greedy_utility,whitewashing,0.4,True,high,True,privacy_exposure_risk,0.500000,0.000000,50,0.500000,0.500000
greedy_utility,whitewashing,0.4,True,high,True,candidate_privacy_risk,0.500000,0.000000,50,0.500000,0.500000
greedy_utility,whitewashing,0.4,True,high,True,accepted_privacy_exposure,0.500000,0.000000,50,0.500000,0.500000
greedy_utility,whitewashing,0.4,True,high,True,avg_trust,0.579205,0.011974,50,0.575886,0.582524
greedy_utility,whitewashing,0.4,True,high,True,trust_variance,0.075395,0.002412,50,0.074726,0.076063
greedy_utility,whitewashing,0.4,True,high,True,avg_preference,0.632751,0.009378,50,0.630152,0.635351
greedy_utility,whitewashing,0.4,True,high,True,avg_reciprocity,0.634444,0.018262,50,0.629382,0.639506
greedy_utility,whitewashing,0.4,True,high,True,avg_privacy_risk,0.500000,0.000000,50,0.500000,0.500000
greedy_utility,whitewashing,0.4,True,high,True,avg_total_utility,0.805584,0.001223,50,0.805245,0.805923
greedy_utility,whitewashing,0.4,True,high,True,avg_system_utility,0.750262,0.001367,50,0.749883,0.750641
greedy_utility,whitewashing,0.4,True,high,True,avg_social_utility,0.623657,0.001402,50,0.623269,0.624046
greedy_utility,whitewashing,0.4,True,high,True,avg_resource_utility,0.981835,0.000098,50,0.981808,0.981862
greedy_utility,whitewashing,0.4,True,high,True,avg_privacy_utility,0.500000,0.000000,50,0.500000,0.500000
greedy_utility,whitewashing,0.4,True,high,True,avg_incentive_utility,0.601380,0.000239,50,0.601314,0.601447
greedy_utility,whitewashing,0.4,True,high,True,energy_consumed,0.064709,0.000554,50,0.064556,0.064863
greedy_utility,whitewashing,0.4,True,high,True,bandwidth_consumed,0.274753,0.003015,50,0.273917,0.275588
greedy_utility,whitewashing,0.4,True,high,True,compute_consumed,0.366229,0.002856,50,0.365437,0.367020
greedy_utility,whitewashing,0.4,True,high,True,throughput_mbps,24.853440,0.923460,50,24.597470,25.109410
greedy_utility,whitewashing,0.4,True,high,True,packet_delivery_ratio,0.443672,0.016293,50,0.439156,0.448188
greedy_utility,whitewashing,0.4,True,high,True,e2e_delay_ms,95.053480,0.937092,50,94.793731,95.313228
greedy_utility,whitewashing,0.4,True,high,True,active_nodes,50.000000,0.000000,50,50.000000,50.000000
greedy_utility,whitewashing,0.4,True,high,True,reputation_honest,0.756303,0.034959,50,0.746613,0.765994
greedy_utility,whitewashing,0.4,True,high,True,reputation_attacker,0.265736,0.023378,50,0.259256,0.272216
greedy_utility,whitewashing,0.4,True,high,True,reputation_separation,0.490567,0.044831,50,0.478141,0.502994
greedy_utility,whitewashing,0.4,True,high,True,attacker_defection_rate,0.979365,0.003522,50,0.978389,0.980342
greedy_utility,whitewashing,0.4,True,high,True,whitewash_events,240.000000,0.000000,50,240.000000,240.000000
greedy_utility,whitewashing,0.4,True,high,True,decision_distortion,0.080362,0.006204,50,0.078643,0.082082
greedy_utility,whitewashing,0.4,True,high,True,decision_distortion_evidenced,0.060304,0.007858,50,0.058125,0.062482
greedy_utility,whitewashing,0.4,True,high,True,decision_distortion_counterfactual,0.089692,0.007146,50,0.087711,0.091673
greedy_utility,whitewashing,0.4,True,high,True,decision_distortion_counterfactual_evidenced,0.076538,0.011405,50,0.073376,0.079699
nitti_subjective_trust,bad_mouthing,0.1,True,high,True,generated_tasks,6.998040,0.031211,50,6.989389,7.006691
nitti_subjective_trust,bad_mouthing,0.1,True,high,True,completed_tasks,4.565240,0.055111,50,4.549964,4.580516
nitti_subjective_trust,bad_mouthing,0.1,True,high,True,attempted_interactions,6.996240,0.031565,50,6.987491,7.004989
nitti_subjective_trust,bad_mouthing,0.1,True,high,True,successful_cooperations,4.565240,0.055111,50,4.549964,4.580516
nitti_subjective_trust,bad_mouthing,0.1,True,high,True,failed_interactions,2.431000,0.051035,50,2.416854,2.445146
nitti_subjective_trust,bad_mouthing,0.1,True,high,True,blocked_privacy_interactions,0.000000,0.000000,50,0.000000,0.000000
nitti_subjective_trust,bad_mouthing,0.1,True,high,True,cooperation_rate,0.652588,0.007214,50,0.650589,0.654588
nitti_subjective_trust,bad_mouthing,0.1,True,high,True,task_completion_ratio,0.652443,0.007247,50,0.650434,0.654452
nitti_subjective_trust,bad_mouthing,0.1,True,high,True,reliability_score,0.652588,0.007214,50,0.650589,0.654588
nitti_subjective_trust,bad_mouthing,0.1,True,high,True,resource_efficiency,0.632112,0.007044,50,0.630159,0.634064
nitti_subjective_trust,bad_mouthing,0.1,True,high,True,fairness_index,0.829709,0.017601,50,0.824830,0.834588
nitti_subjective_trust,bad_mouthing,0.1,True,high,True,trust_stability_index,0.706275,0.005503,50,0.704749,0.707800
nitti_subjective_trust,bad_mouthing,0.1,True,high,True,privacy_exposure_risk,0.500000,0.000000,50,0.500000,0.500000
nitti_subjective_trust,bad_mouthing,0.1,True,high,True,candidate_privacy_risk,0.499876,0.000157,50,0.499832,0.499919
nitti_subjective_trust,bad_mouthing,0.1,True,high,True,accepted_privacy_exposure,0.500000,0.000000,50,0.500000,0.500000
nitti_subjective_trust,bad_mouthing,0.1,True,high,True,avg_trust,0.492907,0.009815,50,0.490187,0.495628
nitti_subjective_trust,bad_mouthing,0.1,True,high,True,trust_variance,0.073431,0.001376,50,0.073050,0.073813
nitti_subjective_trust,bad_mouthing,0.1,True,high,True,avg_preference,0.576843,0.006822,50,0.574952,0.578734
nitti_subjective_trust,bad_mouthing,0.1,True,high,True,avg_reciprocity,0.618588,0.013079,50,0.614962,0.622213
nitti_subjective_trust,bad_mouthing,0.1,True,high,True,avg_privacy_risk,0.499876,0.000157,50,0.499832,0.499919
nitti_subjective_trust,bad_mouthing,0.1,True,high,True,avg_total_utility,0.519662,0.007465,50,0.517593,0.521732
nitti_subjective_trust,bad_mouthing,0.1,True,high,True,avg_system_utility,0.698239,0.002080,50,0.697662,0.698815
nitti_subjective_trust,bad_mouthing,0.1,True,high,True,avg_social_utility,0.473943,0.006940,50,0.472019,0.475867
nitti_subjective_trust,bad_mouthing,0.1,True,high,True,avg_resource_utility,0.981825,0.000079,50,0.981803,0.981847
nitti_subjective_trust,bad_mouthing,0.1,True,high,True,avg_privacy_utility,0.500000,0.000000,50,0.500000,0.500000
nitti_subjective_trust,bad_mouthing,0.1,True,high,True,avg_incentive_utility,0.582775,0.003197,50,0.581889,0.583661
nitti_subjective_trust,bad_mouthing,0.1,True,high,True,energy_consumed,0.064686,0.000449,50,0.064562,0.064811
nitti_subjective_trust,bad_mouthing,0.1,True,high,True,bandwidth_consumed,0.274875,0.002304,50,0.274236,0.275513
nitti_subjective_trust,bad_mouthing,0.1,True,high,True,compute_consumed,0.366263,0.002855,50,0.365472,0.367055
nitti_subjective_trust,bad_mouthing,0.1,True,high,True,throughput_mbps,36.521920,0.440887,50,36.399712,36.644128
nitti_subjective_trust,bad_mouthing,0.1,True,high,True,packet_delivery_ratio,0.652588,0.007214,50,0.650589,0.654588
nitti_subjective_trust,bad_mouthing,0.1,True,high,True,e2e_delay_ms,96.896336,0.581123,50,96.735257,97.057415
nitti_subjective_trust,bad_mouthing,0.1,True,high,True,active_nodes,49.980400,0.019294,50,49.975052,49.985748
nitti_subjective_trust,bad_mouthing,0.1,True,high,True,reputation_honest,0.407826,0.033492,50,0.398543,0.417110
nitti_subjective_trust,bad_mouthing,0.1,True,high,True,reputation_attacker,0.479496,0.127676,50,0.444106,0.514886
nitti_subjective_trust,bad_mouthing,0.1,True,high,True,reputation_separation,-0.071670,0.132143,50,-0.108298,-0.035041
nitti_subjective_trust,bad_mouthing,0.1,True,high,True,attacker_defection_rate,0.000000,0.000000,50,0.000000,0.000000
nitti_subjective_trust,bad_mouthing,0.1,True,high,True,decision_distortion,0.075071,0.004435,50,0.073842,0.076300
nitti_subjective_trust,bad_mouthing,0.1,True,high,True,decision_distortion_evidenced,0.069614,0.004902,50,0.068256,0.070973
nitti_subjective_trust,bad_mouthing,0.1,True,high,True,decision_distortion_counterfactual,0.086696,0.005019,50,0.085305,0.088087
nitti_subjective_trust,bad_mouthing,0.1,True,high,True,decision_distortion_counterfactual_evidenced,0.087838,0.006375,50,0.086071,0.089605
nitti_subjective_trust,bad_mouthing,0.2,True,high,True,generated_tasks,6.998040,0.031211,50,6.989389,7.006691
nitti_subjective_trust,bad_mouthing,0.2,True,high,True,completed_tasks,4.565240,0.055111,50,4.549964,4.580516
nitti_subjective_trust,bad_mouthing,0.2,True,high,True,attempted_interactions,6.996240,0.031565,50,6.987491,7.004989
nitti_subjective_trust,bad_mouthing,0.2,True,high,True,successful_cooperations,4.565240,0.055111,50,4.549964,4.580516
nitti_subjective_trust,bad_mouthing,0.2,True,high,True,failed_interactions,2.431000,0.051035,50,2.416854,2.445146
nitti_subjective_trust,bad_mouthing,0.2,True,high,True,blocked_privacy_interactions,0.000000,0.000000,50,0.000000,0.000000
nitti_subjective_trust,bad_mouthing,0.2,True,high,True,cooperation_rate,0.652588,0.007214,50,0.650589,0.654588
nitti_subjective_trust,bad_mouthing,0.2,True,high,True,task_completion_ratio,0.652443,0.007247,50,0.650434,0.654452
nitti_subjective_trust,bad_mouthing,0.2,True,high,True,reliability_score,0.652588,0.007214,50,0.650589,0.654588
nitti_subjective_trust,bad_mouthing,0.2,True,high,True,resource_efficiency,0.632112,0.007044,50,0.630159,0.634064
nitti_subjective_trust,bad_mouthing,0.2,True,high,True,fairness_index,0.829709,0.017601,50,0.824830,0.834588
nitti_subjective_trust,bad_mouthing,0.2,True,high,True,trust_stability_index,0.706275,0.005503,50,0.704749,0.707800
nitti_subjective_trust,bad_mouthing,0.2,True,high,True,privacy_exposure_risk,0.500000,0.000000,50,0.500000,0.500000
nitti_subjective_trust,bad_mouthing,0.2,True,high,True,candidate_privacy_risk,0.499876,0.000157,50,0.499832,0.499919
nitti_subjective_trust,bad_mouthing,0.2,True,high,True,accepted_privacy_exposure,0.500000,0.000000,50,0.500000,0.500000
nitti_subjective_trust,bad_mouthing,0.2,True,high,True,avg_trust,0.492907,0.009815,50,0.490187,0.495628
nitti_subjective_trust,bad_mouthing,0.2,True,high,True,trust_variance,0.073431,0.001376,50,0.073050,0.073813
nitti_subjective_trust,bad_mouthing,0.2,True,high,True,avg_preference,0.576843,0.006822,50,0.574952,0.578734
nitti_subjective_trust,bad_mouthing,0.2,True,high,True,avg_reciprocity,0.618588,0.013079,50,0.614962,0.622213
nitti_subjective_trust,bad_mouthing,0.2,True,high,True,avg_privacy_risk,0.499876,0.000157,50,0.499832,0.499919
nitti_subjective_trust,bad_mouthing,0.2,True,high,True,avg_total_utility,0.519662,0.007465,50,0.517593,0.521732
nitti_subjective_trust,bad_mouthing,0.2,True,high,True,avg_system_utility,0.698239,0.002080,50,0.697662,0.698815
nitti_subjective_trust,bad_mouthing,0.2,True,high,True,avg_social_utility,0.473943,0.006940,50,0.472019,0.475867
nitti_subjective_trust,bad_mouthing,0.2,True,high,True,avg_resource_utility,0.981825,0.000079,50,0.981803,0.981847
nitti_subjective_trust,bad_mouthing,0.2,True,high,True,avg_privacy_utility,0.500000,0.000000,50,0.500000,0.500000
nitti_subjective_trust,bad_mouthing,0.2,True,high,True,avg_incentive_utility,0.582775,0.003197,50,0.581889,0.583661
nitti_subjective_trust,bad_mouthing,0.2,True,high,True,energy_consumed,0.064686,0.000449,50,0.064562,0.064811
nitti_subjective_trust,bad_mouthing,0.2,True,high,True,bandwidth_consumed,0.274875,0.002304,50,0.274236,0.275513
nitti_subjective_trust,bad_mouthing,0.2,True,high,True,compute_consumed,0.366263,0.002855,50,0.365472,0.367055
nitti_subjective_trust,bad_mouthing,0.2,True,high,True,throughput_mbps,36.521920,0.440887,50,36.399712,36.644128
nitti_subjective_trust,bad_mouthing,0.2,True,high,True,packet_delivery_ratio,0.652588,0.007214,50,0.650589,0.654588
nitti_subjective_trust,bad_mouthing,0.2,True,high,True,e2e_delay_ms,96.896336,0.581123,50,96.735257,97.057415
nitti_subjective_trust,bad_mouthing,0.2,True,high,True,active_nodes,49.980400,0.019294,50,49.975052,49.985748
nitti_subjective_trust,bad_mouthing,0.2,True,high,True,reputation_honest,0.343498,0.033959,50,0.334085,0.352911
nitti_subjective_trust,bad_mouthing,0.2,True,high,True,reputation_attacker,0.470764,0.072334,50,0.450714,0.490814
nitti_subjective_trust,bad_mouthing,0.2,True,high,True,reputation_separation,-0.127266,0.080829,50,-0.149671,-0.104861
nitti_subjective_trust,bad_mouthing,0.2,True,high,True,attacker_defection_rate,0.000000,0.000000,50,0.000000,0.000000
nitti_subjective_trust,bad_mouthing,0.2,True,high,True,decision_distortion,0.076929,0.005711,50,0.075347,0.078512
nitti_subjective_trust,bad_mouthing,0.2,True,high,True,decision_distortion_evidenced,0.069157,0.006339,50,0.067400,0.070914
nitti_subjective_trust,bad_mouthing,0.2,True,high,True,decision_distortion_counterfactual,0.089611,0.006631,50,0.087773,0.091449
nitti_subjective_trust,bad_mouthing,0.2,True,high,True,decision_distortion_counterfactual_evidenced,0.089043,0.008537,50,0.086676,0.091409
nitti_subjective_trust,bad_mouthing,0.3,True,high,True,generated_tasks,6.998040,0.031211,50,6.989389,7.006691
nitti_subjective_trust,bad_mouthing,0.3,True,high,True,completed_tasks,4.565240,0.055111,50,4.549964,4.580516
nitti_subjective_trust,bad_mouthing,0.3,True,high,True,attempted_interactions,6.996240,0.031565,50,6.987491,7.004989
nitti_subjective_trust,bad_mouthing,0.3,True,high,True,successful_cooperations,4.565240,0.055111,50,4.549964,4.580516
nitti_subjective_trust,bad_mouthing,0.3,True,high,True,failed_interactions,2.431000,0.051035,50,2.416854,2.445146
nitti_subjective_trust,bad_mouthing,0.3,True,high,True,blocked_privacy_interactions,0.000000,0.000000,50,0.000000,0.000000
nitti_subjective_trust,bad_mouthing,0.3,True,high,True,cooperation_rate,0.652588,0.007214,50,0.650589,0.654588
nitti_subjective_trust,bad_mouthing,0.3,True,high,True,task_completion_ratio,0.652443,0.007247,50,0.650434,0.654452
nitti_subjective_trust,bad_mouthing,0.3,True,high,True,reliability_score,0.652588,0.007214,50,0.650589,0.654588
nitti_subjective_trust,bad_mouthing,0.3,True,high,True,resource_efficiency,0.632112,0.007044,50,0.630159,0.634064
nitti_subjective_trust,bad_mouthing,0.3,True,high,True,fairness_index,0.829709,0.017601,50,0.824830,0.834588
nitti_subjective_trust,bad_mouthing,0.3,True,high,True,trust_stability_index,0.706275,0.005503,50,0.704749,0.707800
nitti_subjective_trust,bad_mouthing,0.3,True,high,True,privacy_exposure_risk,0.500000,0.000000,50,0.500000,0.500000
nitti_subjective_trust,bad_mouthing,0.3,True,high,True,candidate_privacy_risk,0.499876,0.000157,50,0.499832,0.499919
nitti_subjective_trust,bad_mouthing,0.3,True,high,True,accepted_privacy_exposure,0.500000,0.000000,50,0.500000,0.500000
nitti_subjective_trust,bad_mouthing,0.3,True,high,True,avg_trust,0.492907,0.009815,50,0.490187,0.495628
nitti_subjective_trust,bad_mouthing,0.3,True,high,True,trust_variance,0.073431,0.001376,50,0.073050,0.073813
nitti_subjective_trust,bad_mouthing,0.3,True,high,True,avg_preference,0.576843,0.006822,50,0.574952,0.578734
nitti_subjective_trust,bad_mouthing,0.3,True,high,True,avg_reciprocity,0.618588,0.013079,50,0.614962,0.622213
nitti_subjective_trust,bad_mouthing,0.3,True,high,True,avg_privacy_risk,0.499876,0.000157,50,0.499832,0.499919
nitti_subjective_trust,bad_mouthing,0.3,True,high,True,avg_total_utility,0.519662,0.007465,50,0.517593,0.521732
nitti_subjective_trust,bad_mouthing,0.3,True,high,True,avg_system_utility,0.698239,0.002080,50,0.697662,0.698815
nitti_subjective_trust,bad_mouthing,0.3,True,high,True,avg_social_utility,0.473943,0.006940,50,0.472019,0.475867
nitti_subjective_trust,bad_mouthing,0.3,True,high,True,avg_resource_utility,0.981825,0.000079,50,0.981803,0.981847
nitti_subjective_trust,bad_mouthing,0.3,True,high,True,avg_privacy_utility,0.500000,0.000000,50,0.500000,0.500000
nitti_subjective_trust,bad_mouthing,0.3,True,high,True,avg_incentive_utility,0.582775,0.003197,50,0.581889,0.583661
nitti_subjective_trust,bad_mouthing,0.3,True,high,True,energy_consumed,0.064686,0.000449,50,0.064562,0.064811
nitti_subjective_trust,bad_mouthing,0.3,True,high,True,bandwidth_consumed,0.274875,0.002304,50,0.274236,0.275513
nitti_subjective_trust,bad_mouthing,0.3,True,high,True,compute_consumed,0.366263,0.002855,50,0.365472,0.367055
nitti_subjective_trust,bad_mouthing,0.3,True,high,True,throughput_mbps,36.521920,0.440887,50,36.399712,36.644128
nitti_subjective_trust,bad_mouthing,0.3,True,high,True,packet_delivery_ratio,0.652588,0.007214,50,0.650589,0.654588
nitti_subjective_trust,bad_mouthing,0.3,True,high,True,e2e_delay_ms,96.896336,0.581123,50,96.735257,97.057415
nitti_subjective_trust,bad_mouthing,0.3,True,high,True,active_nodes,49.980400,0.019294,50,49.975052,49.985748
nitti_subjective_trust,bad_mouthing,0.3,True,high,True,reputation_honest,0.279667,0.036372,50,0.269585,0.289749
nitti_subjective_trust,bad_mouthing,0.3,True,high,True,reputation_attacker,0.469349,0.053398,50,0.454548,0.484150
nitti_subjective_trust,bad_mouthing,0.3,True,high,True,reputation_separation,-0.189682,0.067410,50,-0.208367,-0.170997
nitti_subjective_trust,bad_mouthing,0.3,True,high,True,attacker_defection_rate,0.000000,0.000000,50,0.000000,0.000000
nitti_subjective_trust,bad_mouthing,0.3,True,high,True,decision_distortion,0.081205,0.006838,50,0.079309,0.083100
nitti_subjective_trust,bad_mouthing,0.3,True,high,True,decision_distortion_evidenced,0.070591,0.008147,50,0.068333,0.072850
nitti_subjective_trust,bad_mouthing,0.3,True,high,True,decision_distortion_counterfactual,0.095752,0.007981,50,0.093539,0.097964
nitti_subjective_trust,bad_mouthing,0.3,True,high,True,decision_distortion_counterfactual_evidenced,0.093392,0.011278,50,0.090266,0.096519
nitti_subjective_trust,bad_mouthing,0.4,True,high,True,generated_tasks,6.998040,0.031211,50,6.989389,7.006691
nitti_subjective_trust,bad_mouthing,0.4,True,high,True,completed_tasks,4.565240,0.055111,50,4.549964,4.580516
nitti_subjective_trust,bad_mouthing,0.4,True,high,True,attempted_interactions,6.996240,0.031565,50,6.987491,7.004989
nitti_subjective_trust,bad_mouthing,0.4,True,high,True,successful_cooperations,4.565240,0.055111,50,4.549964,4.580516
nitti_subjective_trust,bad_mouthing,0.4,True,high,True,failed_interactions,2.431000,0.051035,50,2.416854,2.445146
nitti_subjective_trust,bad_mouthing,0.4,True,high,True,blocked_privacy_interactions,0.000000,0.000000,50,0.000000,0.000000
nitti_subjective_trust,bad_mouthing,0.4,True,high,True,cooperation_rate,0.652588,0.007214,50,0.650589,0.654588
nitti_subjective_trust,bad_mouthing,0.4,True,high,True,task_completion_ratio,0.652443,0.007247,50,0.650434,0.654452
nitti_subjective_trust,bad_mouthing,0.4,True,high,True,reliability_score,0.652588,0.007214,50,0.650589,0.654588
nitti_subjective_trust,bad_mouthing,0.4,True,high,True,resource_efficiency,0.632112,0.007044,50,0.630159,0.634064
nitti_subjective_trust,bad_mouthing,0.4,True,high,True,fairness_index,0.829709,0.017601,50,0.824830,0.834588
nitti_subjective_trust,bad_mouthing,0.4,True,high,True,trust_stability_index,0.706275,0.005503,50,0.704749,0.707800
nitti_subjective_trust,bad_mouthing,0.4,True,high,True,privacy_exposure_risk,0.500000,0.000000,50,0.500000,0.500000
nitti_subjective_trust,bad_mouthing,0.4,True,high,True,candidate_privacy_risk,0.499876,0.000157,50,0.499832,0.499919
nitti_subjective_trust,bad_mouthing,0.4,True,high,True,accepted_privacy_exposure,0.500000,0.000000,50,0.500000,0.500000
nitti_subjective_trust,bad_mouthing,0.4,True,high,True,avg_trust,0.492907,0.009815,50,0.490187,0.495628
nitti_subjective_trust,bad_mouthing,0.4,True,high,True,trust_variance,0.073431,0.001376,50,0.073050,0.073813
nitti_subjective_trust,bad_mouthing,0.4,True,high,True,avg_preference,0.576843,0.006822,50,0.574952,0.578734
nitti_subjective_trust,bad_mouthing,0.4,True,high,True,avg_reciprocity,0.618588,0.013079,50,0.614962,0.622213
nitti_subjective_trust,bad_mouthing,0.4,True,high,True,avg_privacy_risk,0.499876,0.000157,50,0.499832,0.499919
nitti_subjective_trust,bad_mouthing,0.4,True,high,True,avg_total_utility,0.519662,0.007465,50,0.517593,0.521732
nitti_subjective_trust,bad_mouthing,0.4,True,high,True,avg_system_utility,0.698239,0.002080,50,0.697662,0.698815
nitti_subjective_trust,bad_mouthing,0.4,True,high,True,avg_social_utility,0.473943,0.006940,50,0.472019,0.475867
nitti_subjective_trust,bad_mouthing,0.4,True,high,True,avg_resource_utility,0.981825,0.000079,50,0.981803,0.981847
nitti_subjective_trust,bad_mouthing,0.4,True,high,True,avg_privacy_utility,0.500000,0.000000,50,0.500000,0.500000
nitti_subjective_trust,bad_mouthing,0.4,True,high,True,avg_incentive_utility,0.582775,0.003197,50,0.581889,0.583661
nitti_subjective_trust,bad_mouthing,0.4,True,high,True,energy_consumed,0.064686,0.000449,50,0.064562,0.064811
nitti_subjective_trust,bad_mouthing,0.4,True,high,True,bandwidth_consumed,0.274875,0.002304,50,0.274236,0.275513
nitti_subjective_trust,bad_mouthing,0.4,True,high,True,compute_consumed,0.366263,0.002855,50,0.365472,0.367055
nitti_subjective_trust,bad_mouthing,0.4,True,high,True,throughput_mbps,36.521920,0.440887,50,36.399712,36.644128
nitti_subjective_trust,bad_mouthing,0.4,True,high,True,packet_delivery_ratio,0.652588,0.007214,50,0.650589,0.654588
nitti_subjective_trust,bad_mouthing,0.4,True,high,True,e2e_delay_ms,96.896336,0.581123,50,96.735257,97.057415
nitti_subjective_trust,bad_mouthing,0.4,True,high,True,active_nodes,49.980400,0.019294,50,49.975052,49.985748
nitti_subjective_trust,bad_mouthing,0.4,True,high,True,reputation_honest,0.218979,0.033228,50,0.209769,0.228190
nitti_subjective_trust,bad_mouthing,0.4,True,high,True,reputation_attacker,0.473340,0.050751,50,0.459273,0.487408
nitti_subjective_trust,bad_mouthing,0.4,True,high,True,reputation_separation,-0.254361,0.063741,50,-0.272029,-0.236693
nitti_subjective_trust,bad_mouthing,0.4,True,high,True,attacker_defection_rate,0.000000,0.000000,50,0.000000,0.000000
nitti_subjective_trust,bad_mouthing,0.4,True,high,True,decision_distortion,0.088182,0.008714,50,0.085767,0.090598
nitti_subjective_trust,bad_mouthing,0.4,True,high,True,decision_distortion_evidenced,0.074418,0.011309,50,0.071283,0.077553
nitti_subjective_trust,bad_mouthing,0.4,True,high,True,decision_distortion_counterfactual,0.104900,0.010701,50,0.101934,0.107866
nitti_subjective_trust,bad_mouthing,0.4,True,high,True,decision_distortion_counterfactual_evidenced,0.100596,0.015618,50,0.096267,0.104926
nitti_subjective_trust,ballot_stuffing,0.1,True,high,True,generated_tasks,6.998040,0.031211,50,6.989389,7.006691
nitti_subjective_trust,ballot_stuffing,0.1,True,high,True,completed_tasks,4.565240,0.055111,50,4.549964,4.580516
nitti_subjective_trust,ballot_stuffing,0.1,True,high,True,attempted_interactions,6.996240,0.031565,50,6.987491,7.004989
nitti_subjective_trust,ballot_stuffing,0.1,True,high,True,successful_cooperations,4.565240,0.055111,50,4.549964,4.580516
nitti_subjective_trust,ballot_stuffing,0.1,True,high,True,failed_interactions,2.431000,0.051035,50,2.416854,2.445146
nitti_subjective_trust,ballot_stuffing,0.1,True,high,True,blocked_privacy_interactions,0.000000,0.000000,50,0.000000,0.000000
nitti_subjective_trust,ballot_stuffing,0.1,True,high,True,cooperation_rate,0.652588,0.007214,50,0.650589,0.654588
nitti_subjective_trust,ballot_stuffing,0.1,True,high,True,task_completion_ratio,0.652443,0.007247,50,0.650434,0.654452
nitti_subjective_trust,ballot_stuffing,0.1,True,high,True,reliability_score,0.652588,0.007214,50,0.650589,0.654588
nitti_subjective_trust,ballot_stuffing,0.1,True,high,True,resource_efficiency,0.632112,0.007044,50,0.630159,0.634064
nitti_subjective_trust,ballot_stuffing,0.1,True,high,True,fairness_index,0.829709,0.017601,50,0.824830,0.834588
nitti_subjective_trust,ballot_stuffing,0.1,True,high,True,trust_stability_index,0.706275,0.005503,50,0.704749,0.707800
nitti_subjective_trust,ballot_stuffing,0.1,True,high,True,privacy_exposure_risk,0.500000,0.000000,50,0.500000,0.500000
nitti_subjective_trust,ballot_stuffing,0.1,True,high,True,candidate_privacy_risk,0.499876,0.000157,50,0.499832,0.499919
nitti_subjective_trust,ballot_stuffing,0.1,True,high,True,accepted_privacy_exposure,0.500000,0.000000,50,0.500000,0.500000
nitti_subjective_trust,ballot_stuffing,0.1,True,high,True,avg_trust,0.492907,0.009815,50,0.490187,0.495628
nitti_subjective_trust,ballot_stuffing,0.1,True,high,True,trust_variance,0.073431,0.001376,50,0.073050,0.073813
nitti_subjective_trust,ballot_stuffing,0.1,True,high,True,avg_preference,0.576843,0.006822,50,0.574952,0.578734
nitti_subjective_trust,ballot_stuffing,0.1,True,high,True,avg_reciprocity,0.618588,0.013079,50,0.614962,0.622213
nitti_subjective_trust,ballot_stuffing,0.1,True,high,True,avg_privacy_risk,0.499876,0.000157,50,0.499832,0.499919
nitti_subjective_trust,ballot_stuffing,0.1,True,high,True,avg_total_utility,0.519662,0.007465,50,0.517593,0.521732
nitti_subjective_trust,ballot_stuffing,0.1,True,high,True,avg_system_utility,0.698239,0.002080,50,0.697662,0.698815
nitti_subjective_trust,ballot_stuffing,0.1,True,high,True,avg_social_utility,0.473943,0.006940,50,0.472019,0.475867
nitti_subjective_trust,ballot_stuffing,0.1,True,high,True,avg_resource_utility,0.981825,0.000079,50,0.981803,0.981847
nitti_subjective_trust,ballot_stuffing,0.1,True,high,True,avg_privacy_utility,0.500000,0.000000,50,0.500000,0.500000
nitti_subjective_trust,ballot_stuffing,0.1,True,high,True,avg_incentive_utility,0.582775,0.003197,50,0.581889,0.583661
nitti_subjective_trust,ballot_stuffing,0.1,True,high,True,energy_consumed,0.064686,0.000449,50,0.064562,0.064811
nitti_subjective_trust,ballot_stuffing,0.1,True,high,True,bandwidth_consumed,0.274875,0.002304,50,0.274236,0.275513
nitti_subjective_trust,ballot_stuffing,0.1,True,high,True,compute_consumed,0.366263,0.002855,50,0.365472,0.367055
nitti_subjective_trust,ballot_stuffing,0.1,True,high,True,throughput_mbps,36.521920,0.440887,50,36.399712,36.644128
nitti_subjective_trust,ballot_stuffing,0.1,True,high,True,packet_delivery_ratio,0.652588,0.007214,50,0.650589,0.654588
nitti_subjective_trust,ballot_stuffing,0.1,True,high,True,e2e_delay_ms,96.896336,0.581123,50,96.735257,97.057415
nitti_subjective_trust,ballot_stuffing,0.1,True,high,True,active_nodes,49.980400,0.019294,50,49.975052,49.985748
nitti_subjective_trust,ballot_stuffing,0.1,True,high,True,reputation_honest,0.470725,0.033361,50,0.461477,0.479972
nitti_subjective_trust,ballot_stuffing,0.1,True,high,True,reputation_attacker,0.541436,0.131991,50,0.504850,0.578022
nitti_subjective_trust,ballot_stuffing,0.1,True,high,True,reputation_separation,-0.070711,0.132818,50,-0.107527,-0.033896
nitti_subjective_trust,ballot_stuffing,0.1,True,high,True,attacker_defection_rate,0.000000,0.000000,50,0.000000,0.000000
nitti_subjective_trust,ballot_stuffing,0.1,True,high,True,decision_distortion,0.074402,0.004341,50,0.073198,0.075605
nitti_subjective_trust,ballot_stuffing,0.1,True,high,True,decision_distortion_evidenced,0.071661,0.005161,50,0.070231,0.073092
nitti_subjective_trust,ballot_stuffing,0.1,True,high,True,decision_distortion_counterfactual,0.085577,0.005029,50,0.084183,0.086971
nitti_subjective_trust,ballot_stuffing,0.1,True,high,True,decision_distortion_counterfactual_evidenced,0.089177,0.006666,50,0.087329,0.091025
nitti_subjective_trust,ballot_stuffing,0.2,True,high,True,generated_tasks,6.998040,0.031211,50,6.989389,7.006691
nitti_subjective_trust,ballot_stuffing,0.2,True,high,True,completed_tasks,4.565240,0.055111,50,4.549964,4.580516
nitti_subjective_trust,ballot_stuffing,0.2,True,high,True,attempted_interactions,6.996240,0.031565,50,6.987491,7.004989
nitti_subjective_trust,ballot_stuffing,0.2,True,high,True,successful_cooperations,4.565240,0.055111,50,4.549964,4.580516
nitti_subjective_trust,ballot_stuffing,0.2,True,high,True,failed_interactions,2.431000,0.051035,50,2.416854,2.445146
nitti_subjective_trust,ballot_stuffing,0.2,True,high,True,blocked_privacy_interactions,0.000000,0.000000,50,0.000000,0.000000
nitti_subjective_trust,ballot_stuffing,0.2,True,high,True,cooperation_rate,0.652588,0.007214,50,0.650589,0.654588
nitti_subjective_trust,ballot_stuffing,0.2,True,high,True,task_completion_ratio,0.652443,0.007247,50,0.650434,0.654452
nitti_subjective_trust,ballot_stuffing,0.2,True,high,True,reliability_score,0.652588,0.007214,50,0.650589,0.654588
nitti_subjective_trust,ballot_stuffing,0.2,True,high,True,resource_efficiency,0.632112,0.007044,50,0.630159,0.634064
nitti_subjective_trust,ballot_stuffing,0.2,True,high,True,fairness_index,0.829709,0.017601,50,0.824830,0.834588
nitti_subjective_trust,ballot_stuffing,0.2,True,high,True,trust_stability_index,0.706275,0.005503,50,0.704749,0.707800
nitti_subjective_trust,ballot_stuffing,0.2,True,high,True,privacy_exposure_risk,0.500000,0.000000,50,0.500000,0.500000
nitti_subjective_trust,ballot_stuffing,0.2,True,high,True,candidate_privacy_risk,0.499876,0.000157,50,0.499832,0.499919
nitti_subjective_trust,ballot_stuffing,0.2,True,high,True,accepted_privacy_exposure,0.500000,0.000000,50,0.500000,0.500000
nitti_subjective_trust,ballot_stuffing,0.2,True,high,True,avg_trust,0.492907,0.009815,50,0.490187,0.495628
nitti_subjective_trust,ballot_stuffing,0.2,True,high,True,trust_variance,0.073431,0.001376,50,0.073050,0.073813
nitti_subjective_trust,ballot_stuffing,0.2,True,high,True,avg_preference,0.576843,0.006822,50,0.574952,0.578734
nitti_subjective_trust,ballot_stuffing,0.2,True,high,True,avg_reciprocity,0.618588,0.013079,50,0.614962,0.622213
nitti_subjective_trust,ballot_stuffing,0.2,True,high,True,avg_privacy_risk,0.499876,0.000157,50,0.499832,0.499919
nitti_subjective_trust,ballot_stuffing,0.2,True,high,True,avg_total_utility,0.519662,0.007465,50,0.517593,0.521732
nitti_subjective_trust,ballot_stuffing,0.2,True,high,True,avg_system_utility,0.698239,0.002080,50,0.697662,0.698815
nitti_subjective_trust,ballot_stuffing,0.2,True,high,True,avg_social_utility,0.473943,0.006940,50,0.472019,0.475867
nitti_subjective_trust,ballot_stuffing,0.2,True,high,True,avg_resource_utility,0.981825,0.000079,50,0.981803,0.981847
nitti_subjective_trust,ballot_stuffing,0.2,True,high,True,avg_privacy_utility,0.500000,0.000000,50,0.500000,0.500000
nitti_subjective_trust,ballot_stuffing,0.2,True,high,True,avg_incentive_utility,0.582775,0.003197,50,0.581889,0.583661
nitti_subjective_trust,ballot_stuffing,0.2,True,high,True,energy_consumed,0.064686,0.000449,50,0.064562,0.064811
nitti_subjective_trust,ballot_stuffing,0.2,True,high,True,bandwidth_consumed,0.274875,0.002304,50,0.274236,0.275513
nitti_subjective_trust,ballot_stuffing,0.2,True,high,True,compute_consumed,0.366263,0.002855,50,0.365472,0.367055
nitti_subjective_trust,ballot_stuffing,0.2,True,high,True,throughput_mbps,36.521920,0.440887,50,36.399712,36.644128
nitti_subjective_trust,ballot_stuffing,0.2,True,high,True,packet_delivery_ratio,0.652588,0.007214,50,0.650589,0.654588
nitti_subjective_trust,ballot_stuffing,0.2,True,high,True,e2e_delay_ms,96.896336,0.581123,50,96.735257,97.057415
nitti_subjective_trust,ballot_stuffing,0.2,True,high,True,active_nodes,49.980400,0.019294,50,49.975052,49.985748
nitti_subjective_trust,ballot_stuffing,0.2,True,high,True,reputation_honest,0.471811,0.037054,50,0.461540,0.482082
nitti_subjective_trust,ballot_stuffing,0.2,True,high,True,reputation_attacker,0.615612,0.091131,50,0.590352,0.640873
nitti_subjective_trust,ballot_stuffing,0.2,True,high,True,reputation_separation,-0.143801,0.095596,50,-0.170299,-0.117303
nitti_subjective_trust,ballot_stuffing,0.2,True,high,True,attacker_defection_rate,0.000000,0.000000,50,0.000000,0.000000
nitti_subjective_trust,ballot_stuffing,0.2,True,high,True,decision_distortion,0.074233,0.004881,50,0.072880,0.075586
nitti_subjective_trust,ballot_stuffing,0.2,True,high,True,decision_distortion_evidenced,0.071279,0.006233,50,0.069552,0.073007
nitti_subjective_trust,ballot_stuffing,0.2,True,high,True,decision_distortion_counterfactual,0.085309,0.005768,50,0.083710,0.086907
nitti_subjective_trust,ballot_stuffing,0.2,True,high,True,decision_distortion_counterfactual_evidenced,0.088616,0.008028,50,0.086391,0.090841
nitti_subjective_trust,ballot_stuffing,0.3,True,high,True,generated_tasks,6.998040,0.031211,50,6.989389,7.006691
nitti_subjective_trust,ballot_stuffing,0.3,True,high,True,completed_tasks,4.565240,0.055111,50,4.549964,4.580516
nitti_subjective_trust,ballot_stuffing,0.3,True,high,True,attempted_interactions,6.996240,0.031565,50,6.987491,7.004989
nitti_subjective_trust,ballot_stuffing,0.3,True,high,True,successful_cooperations,4.565240,0.055111,50,4.549964,4.580516
nitti_subjective_trust,ballot_stuffing,0.3,True,high,True,failed_interactions,2.431000,0.051035,50,2.416854,2.445146
nitti_subjective_trust,ballot_stuffing,0.3,True,high,True,blocked_privacy_interactions,0.000000,0.000000,50,0.000000,0.000000
nitti_subjective_trust,ballot_stuffing,0.3,True,high,True,cooperation_rate,0.652588,0.007214,50,0.650589,0.654588
nitti_subjective_trust,ballot_stuffing,0.3,True,high,True,task_completion_ratio,0.652443,0.007247,50,0.650434,0.654452
nitti_subjective_trust,ballot_stuffing,0.3,True,high,True,reliability_score,0.652588,0.007214,50,0.650589,0.654588
nitti_subjective_trust,ballot_stuffing,0.3,True,high,True,resource_efficiency,0.632112,0.007044,50,0.630159,0.634064
nitti_subjective_trust,ballot_stuffing,0.3,True,high,True,fairness_index,0.829709,0.017601,50,0.824830,0.834588
nitti_subjective_trust,ballot_stuffing,0.3,True,high,True,trust_stability_index,0.706275,0.005503,50,0.704749,0.707800
nitti_subjective_trust,ballot_stuffing,0.3,True,high,True,privacy_exposure_risk,0.500000,0.000000,50,0.500000,0.500000
nitti_subjective_trust,ballot_stuffing,0.3,True,high,True,candidate_privacy_risk,0.499876,0.000157,50,0.499832,0.499919
nitti_subjective_trust,ballot_stuffing,0.3,True,high,True,accepted_privacy_exposure,0.500000,0.000000,50,0.500000,0.500000
nitti_subjective_trust,ballot_stuffing,0.3,True,high,True,avg_trust,0.492907,0.009815,50,0.490187,0.495628
nitti_subjective_trust,ballot_stuffing,0.3,True,high,True,trust_variance,0.073431,0.001376,50,0.073050,0.073813
nitti_subjective_trust,ballot_stuffing,0.3,True,high,True,avg_preference,0.576843,0.006822,50,0.574952,0.578734
nitti_subjective_trust,ballot_stuffing,0.3,True,high,True,avg_reciprocity,0.618588,0.013079,50,0.614962,0.622213
nitti_subjective_trust,ballot_stuffing,0.3,True,high,True,avg_privacy_risk,0.499876,0.000157,50,0.499832,0.499919
nitti_subjective_trust,ballot_stuffing,0.3,True,high,True,avg_total_utility,0.519662,0.007465,50,0.517593,0.521732
nitti_subjective_trust,ballot_stuffing,0.3,True,high,True,avg_system_utility,0.698239,0.002080,50,0.697662,0.698815
nitti_subjective_trust,ballot_stuffing,0.3,True,high,True,avg_social_utility,0.473943,0.006940,50,0.472019,0.475867
nitti_subjective_trust,ballot_stuffing,0.3,True,high,True,avg_resource_utility,0.981825,0.000079,50,0.981803,0.981847
nitti_subjective_trust,ballot_stuffing,0.3,True,high,True,avg_privacy_utility,0.500000,0.000000,50,0.500000,0.500000
nitti_subjective_trust,ballot_stuffing,0.3,True,high,True,avg_incentive_utility,0.582775,0.003197,50,0.581889,0.583661
nitti_subjective_trust,ballot_stuffing,0.3,True,high,True,energy_consumed,0.064686,0.000449,50,0.064562,0.064811
nitti_subjective_trust,ballot_stuffing,0.3,True,high,True,bandwidth_consumed,0.274875,0.002304,50,0.274236,0.275513
nitti_subjective_trust,ballot_stuffing,0.3,True,high,True,compute_consumed,0.366263,0.002855,50,0.365472,0.367055
nitti_subjective_trust,ballot_stuffing,0.3,True,high,True,throughput_mbps,36.521920,0.440887,50,36.399712,36.644128
nitti_subjective_trust,ballot_stuffing,0.3,True,high,True,packet_delivery_ratio,0.652588,0.007214,50,0.650589,0.654588
nitti_subjective_trust,ballot_stuffing,0.3,True,high,True,e2e_delay_ms,96.896336,0.581123,50,96.735257,97.057415
nitti_subjective_trust,ballot_stuffing,0.3,True,high,True,active_nodes,49.980400,0.019294,50,49.975052,49.985748
nitti_subjective_trust,ballot_stuffing,0.3,True,high,True,reputation_honest,0.472567,0.040338,50,0.461386,0.483748
nitti_subjective_trust,ballot_stuffing,0.3,True,high,True,reputation_attacker,0.698335,0.068455,50,0.679360,0.717310
nitti_subjective_trust,ballot_stuffing,0.3,True,high,True,reputation_separation,-0.225768,0.070548,50,-0.245323,-0.206213
nitti_subjective_trust,ballot_stuffing,0.3,True,high,True,attacker_defection_rate,0.000000,0.000000,50,0.000000,0.000000
nitti_subjective_trust,ballot_stuffing,0.3,True,high,True,decision_distortion,0.074206,0.005815,50,0.072594,0.075818
nitti_subjective_trust,ballot_stuffing,0.3,True,high,True,decision_distortion_evidenced,0.071364,0.007732,50,0.069221,0.073507
nitti_subjective_trust,ballot_stuffing,0.3,True,high,True,decision_distortion_counterfactual,0.085348,0.006810,50,0.083461,0.087236
nitti_subjective_trust,ballot_stuffing,0.3,True,high,True,decision_distortion_counterfactual_evidenced,0.088840,0.010149,50,0.086027,0.091653
nitti_subjective_trust,ballot_stuffing,0.4,True,high,True,generated_tasks,6.998040,0.031211,50,6.989389,7.006691
nitti_subjective_trust,ballot_stuffing,0.4,True,high,True,completed_tasks,4.565240,0.055111,50,4.549964,4.580516
nitti_subjective_trust,ballot_stuffing,0.4,True,high,True,attempted_interactions,6.996240,0.031565,50,6.987491,7.004989
nitti_subjective_trust,ballot_stuffing,0.4,True,high,True,successful_cooperations,4.565240,0.055111,50,4.549964,4.580516
nitti_subjective_trust,ballot_stuffing,0.4,True,high,True,failed_interactions,2.431000,0.051035,50,2.416854,2.445146
nitti_subjective_trust,ballot_stuffing,0.4,True,high,True,blocked_privacy_interactions,0.000000,0.000000,50,0.000000,0.000000
nitti_subjective_trust,ballot_stuffing,0.4,True,high,True,cooperation_rate,0.652588,0.007214,50,0.650589,0.654588
nitti_subjective_trust,ballot_stuffing,0.4,True,high,True,task_completion_ratio,0.652443,0.007247,50,0.650434,0.654452
nitti_subjective_trust,ballot_stuffing,0.4,True,high,True,reliability_score,0.652588,0.007214,50,0.650589,0.654588
nitti_subjective_trust,ballot_stuffing,0.4,True,high,True,resource_efficiency,0.632112,0.007044,50,0.630159,0.634064
nitti_subjective_trust,ballot_stuffing,0.4,True,high,True,fairness_index,0.829709,0.017601,50,0.824830,0.834588
nitti_subjective_trust,ballot_stuffing,0.4,True,high,True,trust_stability_index,0.706275,0.005503,50,0.704749,0.707800
nitti_subjective_trust,ballot_stuffing,0.4,True,high,True,privacy_exposure_risk,0.500000,0.000000,50,0.500000,0.500000
nitti_subjective_trust,ballot_stuffing,0.4,True,high,True,candidate_privacy_risk,0.499876,0.000157,50,0.499832,0.499919
nitti_subjective_trust,ballot_stuffing,0.4,True,high,True,accepted_privacy_exposure,0.500000,0.000000,50,0.500000,0.500000
nitti_subjective_trust,ballot_stuffing,0.4,True,high,True,avg_trust,0.492907,0.009815,50,0.490187,0.495628
nitti_subjective_trust,ballot_stuffing,0.4,True,high,True,trust_variance,0.073431,0.001376,50,0.073050,0.073813
nitti_subjective_trust,ballot_stuffing,0.4,True,high,True,avg_preference,0.576843,0.006822,50,0.574952,0.578734
nitti_subjective_trust,ballot_stuffing,0.4,True,high,True,avg_reciprocity,0.618588,0.013079,50,0.614962,0.622213
nitti_subjective_trust,ballot_stuffing,0.4,True,high,True,avg_privacy_risk,0.499876,0.000157,50,0.499832,0.499919
nitti_subjective_trust,ballot_stuffing,0.4,True,high,True,avg_total_utility,0.519662,0.007465,50,0.517593,0.521732
nitti_subjective_trust,ballot_stuffing,0.4,True,high,True,avg_system_utility,0.698239,0.002080,50,0.697662,0.698815
nitti_subjective_trust,ballot_stuffing,0.4,True,high,True,avg_social_utility,0.473943,0.006940,50,0.472019,0.475867
nitti_subjective_trust,ballot_stuffing,0.4,True,high,True,avg_resource_utility,0.981825,0.000079,50,0.981803,0.981847
nitti_subjective_trust,ballot_stuffing,0.4,True,high,True,avg_privacy_utility,0.500000,0.000000,50,0.500000,0.500000
nitti_subjective_trust,ballot_stuffing,0.4,True,high,True,avg_incentive_utility,0.582775,0.003197,50,0.581889,0.583661
nitti_subjective_trust,ballot_stuffing,0.4,True,high,True,energy_consumed,0.064686,0.000449,50,0.064562,0.064811
nitti_subjective_trust,ballot_stuffing,0.4,True,high,True,bandwidth_consumed,0.274875,0.002304,50,0.274236,0.275513
nitti_subjective_trust,ballot_stuffing,0.4,True,high,True,compute_consumed,0.366263,0.002855,50,0.365472,0.367055
nitti_subjective_trust,ballot_stuffing,0.4,True,high,True,throughput_mbps,36.521920,0.440887,50,36.399712,36.644128
nitti_subjective_trust,ballot_stuffing,0.4,True,high,True,packet_delivery_ratio,0.652588,0.007214,50,0.650589,0.654588
nitti_subjective_trust,ballot_stuffing,0.4,True,high,True,e2e_delay_ms,96.896336,0.581123,50,96.735257,97.057415
nitti_subjective_trust,ballot_stuffing,0.4,True,high,True,active_nodes,49.980400,0.019294,50,49.975052,49.985748
nitti_subjective_trust,ballot_stuffing,0.4,True,high,True,reputation_honest,0.470443,0.040324,50,0.459265,0.481620
nitti_subjective_trust,ballot_stuffing,0.4,True,high,True,reputation_attacker,0.766956,0.054594,50,0.751824,0.782089
nitti_subjective_trust,ballot_stuffing,0.4,True,high,True,reputation_separation,-0.296514,0.058546,50,-0.312742,-0.280285
nitti_subjective_trust,ballot_stuffing,0.4,True,high,True,attacker_defection_rate,0.000000,0.000000,50,0.000000,0.000000
nitti_subjective_trust,ballot_stuffing,0.4,True,high,True,decision_distortion,0.074171,0.006893,50,0.072260,0.076081
nitti_subjective_trust,ballot_stuffing,0.4,True,high,True,decision_distortion_evidenced,0.071378,0.009964,50,0.068616,0.074139
nitti_subjective_trust,ballot_stuffing,0.4,True,high,True,decision_distortion_counterfactual,0.085159,0.008849,50,0.082706,0.087612
nitti_subjective_trust,ballot_stuffing,0.4,True,high,True,decision_distortion_counterfactual_evidenced,0.088572,0.013450,50,0.084843,0.092300
nitti_subjective_trust,collusion,0.1,True,high,True,generated_tasks,6.998240,0.033607,50,6.988925,7.007555
nitti_subjective_trust,collusion,0.1,True,high,True,completed_tasks,4.426960,0.071487,50,4.407145,4.446775
nitti_subjective_trust,collusion,0.1,True,high,True,attempted_interactions,6.995960,0.033720,50,6.986613,7.005307
nitti_subjective_trust,collusion,0.1,True,high,True,successful_cooperations,4.426960,0.071487,50,4.407145,4.446775
nitti_subjective_trust,collusion,0.1,True,high,True,failed_interactions,2.569000,0.063668,50,2.551352,2.586648
nitti_subjective_trust,collusion,0.1,True,high,True,blocked_privacy_interactions,0.000000,0.000000,50,0.000000,0.000000
nitti_subjective_trust,collusion,0.1,True,high,True,cooperation_rate,0.632808,0.009267,50,0.630239,0.635376
nitti_subjective_trust,collusion,0.1,True,high,True,task_completion_ratio,0.632614,0.009293,50,0.630038,0.635190
nitti_subjective_trust,collusion,0.1,True,high,True,reliability_score,0.632808,0.009267,50,0.630239,0.635376
nitti_subjective_trust,collusion,0.1,True,high,True,resource_efficiency,0.612903,0.009013,50,0.610405,0.615402
nitti_subjective_trust,collusion,0.1,True,high,True,fairness_index,0.813584,0.016879,50,0.808905,0.818262
nitti_subjective_trust,collusion,0.1,True,high,True,trust_stability_index,0.707766,0.005508,50,0.706240,0.709293
nitti_subjective_trust,collusion,0.1,True,high,True,privacy_exposure_risk,0.500000,0.000000,50,0.500000,0.500000
nitti_subjective_trust,collusion,0.1,True,high,True,candidate_privacy_risk,0.499838,0.000146,50,0.499798,0.499879
nitti_subjective_trust,collusion,0.1,True,high,True,accepted_privacy_exposure,0.500000,0.000000,50,0.500000,0.500000
nitti_subjective_trust,collusion,0.1,True,high,True,avg_trust,0.474355,0.009376,50,0.471756,0.476953
nitti_subjective_trust,collusion,0.1,True,high,True,trust_variance,0.073058,0.001377,50,0.072677,0.073440
nitti_subjective_trust,collusion,0.1,True,high,True,avg_preference,0.562591,0.006554,50,0.560774,0.564408
nitti_subjective_trust,collusion,0.1,True,high,True,avg_reciprocity,0.593079,0.014827,50,0.588969,0.597189
nitti_subjective_trust,collusion,0.1,True,high,True,avg_privacy_risk,0.499838,0.000146,50,0.499798,0.499879
nitti_subjective_trust,collusion,0.1,True,high,True,avg_total_utility,0.516843,0.006866,50,0.514940,0.518746
nitti_subjective_trust,collusion,0.1,True,high,True,avg_system_utility,0.697440,0.001711,50,0.696966,0.697915
nitti_subjective_trust,collusion,0.1,True,high,True,avg_social_utility,0.471484,0.006469,50,0.469691,0.473277
nitti_subjective_trust,collusion,0.1,True,high,True,avg_resource_utility,0.981823,0.000086,50,0.981799,0.981847
nitti_subjective_trust,collusion,0.1,True,high,True,avg_privacy_utility,0.500000,0.000000,50,0.500000,0.500000
nitti_subjective_trust,collusion,0.1,True,high,True,avg_incentive_utility,0.581615,0.002912,50,0.580808,0.582422
nitti_subjective_trust,collusion,0.1,True,high,True,energy_consumed,0.064679,0.000466,50,0.064550,0.064808
nitti_subjective_trust,collusion,0.1,True,high,True,bandwidth_consumed,0.274647,0.001968,50,0.274101,0.275192
nitti_subjective_trust,collusion,0.1,True,high,True,compute_consumed,0.366491,0.002724,50,0.365735,0.367246
nitti_subjective_trust,collusion,0.1,True,high,True,throughput_mbps,35.415680,0.571897,50,35.257158,35.574202
nitti_subjective_trust,collusion,0.1,True,high,True,packet_delivery_ratio,0.632808,0.009267,50,0.630239,0.635376
nitti_subjective_trust,collusion,0.1,True,high,True,e2e_delay_ms,96.725885,0.658050,50,96.543483,96.908287
nitti_subjective_trust,collusion,0.1,True,high,True,active_nodes,49.971200,0.020599,50,49.965490,49.976910
nitti_subjective_trust,collusion,0.1,True,high,True,reputation_honest,0.482214,0.036576,50,0.472076,0.492352
nitti_subjective_trust,collusion,0.1,True,high,True,reputation_attacker,0.237010,0.046522,50,0.224115,0.249905
nitti_subjective_trust,collusion,0.1,True,high,True,reputation_separation,0.245204,0.057862,50,0.229166,0.261242
nitti_subjective_trust,collusion,0.1,True,high,True,attacker_defection_rate,0.835076,0.106376,50,0.805590,0.864562
nitti_subjective_trust,collusion,0.1,True,high,True,decision_distortion,0.073864,0.004305,50,0.072671,0.075057
nitti_subjective_trust,collusion,0.1,True,high,True,decision_distortion_evidenced,0.071280,0.005962,50,0.069628,0.072933
nitti_subjective_trust,collusion,0.1,True,high,True,decision_distortion_counterfactual,0.085734,0.005567,50,0.084191,0.087277
nitti_subjective_trust,collusion,0.1,True,high,True,decision_distortion_counterfactual_evidenced,0.089194,0.008087,50,0.086952,0.091435
nitti_subjective_trust,collusion,0.2,True,high,True,generated_tasks,6.994960,0.030354,50,6.986546,7.003374
nitti_subjective_trust,collusion,0.2,True,high,True,completed_tasks,4.313480,0.087430,50,4.289246,4.337714
nitti_subjective_trust,collusion,0.2,True,high,True,attempted_interactions,6.992720,0.030497,50,6.984267,7.001173
nitti_subjective_trust,collusion,0.2,True,high,True,successful_cooperations,4.313480,0.087430,50,4.289246,4.337714
nitti_subjective_trust,collusion,0.2,True,high,True,failed_interactions,2.679240,0.079497,50,2.657204,2.701276
nitti_subjective_trust,collusion,0.2,True,high,True,blocked_privacy_interactions,0.000000,0.000000,50,0.000000,0.000000
nitti_subjective_trust,collusion,0.2,True,high,True,cooperation_rate,0.616808,0.011723,50,0.613559,0.620058
nitti_subjective_trust,collusion,0.2,True,high,True,task_completion_ratio,0.616631,0.011715,50,0.613384,0.619879
nitti_subjective_trust,collusion,0.2,True,high,True,reliability_score,0.616808,0.011723,50,0.613559,0.620058
nitti_subjective_trust,collusion,0.2,True,high,True,resource_efficiency,0.597440,0.011352,50,0.594293,0.600586
nitti_subjective_trust,collusion,0.2,True,high,True,fairness_index,0.799908,0.017466,50,0.795067,0.804750
nitti_subjective_trust,collusion,0.2,True,high,True,trust_stability_index,0.708855,0.005833,50,0.707238,0.710472
nitti_subjective_trust,collusion,0.2,True,high,True,privacy_exposure_risk,0.500000,0.000000,50,0.500000,0.500000
nitti_subjective_trust,collusion,0.2,True,high,True,candidate_privacy_risk,0.499847,0.000173,50,0.499799,0.499895
nitti_subjective_trust,collusion,0.2,True,high,True,accepted_privacy_exposure,0.500000,0.000000,50,0.500000,0.500000
nitti_subjective_trust,collusion,0.2,True,high,True,avg_trust,0.460279,0.010435,50,0.457387,0.463171
nitti_subjective_trust,collusion,0.2,True,high,True,trust_variance,0.072786,0.001458,50,0.072382,0.073191
nitti_subjective_trust,collusion,0.2,True,high,True,avg_preference,0.552367,0.007374,50,0.550323,0.554411
nitti_subjective_trust,collusion,0.2,True,high,True,avg_reciprocity,0.577844,0.016729,50,0.573207,0.582482
nitti_subjective_trust,collusion,0.2,True,high,True,avg_privacy_risk,0.499847,0.000173,50,0.499799,0.499895
nitti_subjective_trust,collusion,0.2,True,high,True,avg_total_utility,0.514037,0.007617,50,0.511926,0.516148
nitti_subjective_trust,collusion,0.2,True,high,True,avg_system_utility,0.696996,0.001777,50,0.696503,0.697488
nitti_subjective_trust,collusion,0.2,True,high,True,avg_social_utility,0.468877,0.007297,50,0.466854,0.470900
nitti_subjective_trust,collusion,0.2,True,high,True,avg_resource_utility,0.981843,0.000090,50,0.981818,0.981868
nitti_subjective_trust,collusion,0.2,True,high,True,avg_privacy_utility,0.500000,0.000000,50,0.500000,0.500000
nitti_subjective_trust,collusion,0.2,True,high,True,avg_incentive_utility,0.580440,0.003232,50,0.579544,0.581336
nitti_subjective_trust,collusion,0.2,True,high,True,energy_consumed,0.064550,0.000490,50,0.064414,0.064686
nitti_subjective_trust,collusion,0.2,True,high,True,bandwidth_consumed,0.274431,0.002009,50,0.273874,0.274988
nitti_subjective_trust,collusion,0.2,True,high,True,compute_consumed,0.365760,0.003389,50,0.364821,0.366700
nitti_subjective_trust,collusion,0.2,True,high,True,throughput_mbps,34.507840,0.699442,50,34.313965,34.701715
nitti_subjective_trust,collusion,0.2,True,high,True,packet_delivery_ratio,0.616808,0.011723,50,0.613559,0.620058
nitti_subjective_trust,collusion,0.2,True,high,True,e2e_delay_ms,96.750007,0.598395,50,96.584140,96.915874
nitti_subjective_trust,collusion,0.2,True,high,True,active_nodes,49.968680,0.019818,50,49.963187,49.974173
nitti_subjective_trust,collusion,0.2,True,high,True,reputation_honest,0.491123,0.036900,50,0.480895,0.501351
nitti_subjective_trust,collusion,0.2,True,high,True,reputation_attacker,0.236239,0.038672,50,0.225519,0.246958
nitti_subjective_trust,collusion,0.2,True,high,True,reputation_separation,0.254884,0.051479,50,0.240615,0.269153
nitti_subjective_trust,collusion,0.2,True,high,True,attacker_defection_rate,0.805189,0.073886,50,0.784709,0.825669
nitti_subjective_trust,collusion,0.2,True,high,True,decision_distortion,0.074566,0.004485,50,0.073323,0.075809
nitti_subjective_trust,collusion,0.2,True,high,True,decision_distortion_evidenced,0.072537,0.005676,50,0.070964,0.074111
nitti_subjective_trust,collusion,0.2,True,high,True,decision_distortion_counterfactual,0.087970,0.005632,50,0.086409,0.089531
nitti_subjective_trust,collusion,0.2,True,high,True,decision_distortion_counterfactual_evidenced,0.091635,0.007447,50,0.089571,0.093699
nitti_subjective_trust,collusion,0.3,True,high,True,generated_tasks,6.999280,0.029892,50,6.990994,7.007566
nitti_subjective_trust,collusion,0.3,True,high,True,completed_tasks,4.146640,0.102748,50,4.118160,4.175120
nitti_subjective_trust,collusion,0.3,True,high,True,attempted_interactions,6.995920,0.029565,50,6.987725,7.004115
nitti_subjective_trust,collusion,0.3,True,high,True,successful_cooperations,4.146640,0.102748,50,4.118160,4.175120
nitti_subjective_trust,collusion,0.3,True,high,True,failed_interactions,2.849280,0.098950,50,2.821852,2.876708
nitti_subjective_trust,collusion,0.3,True,high,True,blocked_privacy_interactions,0.000000,0.000000,50,0.000000,0.000000
nitti_subjective_trust,collusion,0.3,True,high,True,cooperation_rate,0.592829,0.014097,50,0.588922,0.596736
nitti_subjective_trust,collusion,0.3,True,high,True,task_completion_ratio,0.592540,0.014129,50,0.588623,0.596456
nitti_subjective_trust,collusion,0.3,True,high,True,reliability_score,0.592829,0.014097,50,0.588922,0.596736
nitti_subjective_trust,collusion,0.3,True,high,True,resource_efficiency,0.574094,0.013712,50,0.570293,0.577895
nitti_subjective_trust,collusion,0.3,True,high,True,fairness_index,0.785738,0.016962,50,0.781036,0.790440
nitti_subjective_trust,collusion,0.3,True,high,True,trust_stability_index,0.716832,0.007568,50,0.714734,0.718930
nitti_subjective_trust,collusion,0.3,True,high,True,privacy_exposure_risk,0.500000,0.000000,50,0.500000,0.500000
nitti_subjective_trust,collusion,0.3,True,high,True,candidate_privacy_risk,0.499762,0.000227,50,0.499699,0.499825
nitti_subjective_trust,collusion,0.3,True,high,True,accepted_privacy_exposure,0.500000,0.000000,50,0.500000,0.500000
nitti_subjective_trust,collusion,0.3,True,high,True,avg_trust,0.440201,0.012744,50,0.436669,0.443734
nitti_subjective_trust,collusion,0.3,True,high,True,trust_variance,0.070792,0.001892,50,0.070268,0.071316
nitti_subjective_trust,collusion,0.3,True,high,True,avg_preference,0.538427,0.009711,50,0.535736,0.541119
nitti_subjective_trust,collusion,0.3,True,high,True,avg_reciprocity,0.557589,0.020943,50,0.551784,0.563394
nitti_subjective_trust,collusion,0.3,True,high,True,avg_privacy_risk,0.499762,0.000227,50,0.499699,0.499825
nitti_subjective_trust,collusion,0.3,True,high,True,avg_total_utility,0.508327,0.007532,50,0.506240,0.510415
nitti_subjective_trust,collusion,0.3,True,high,True,avg_system_utility,0.695672,0.002189,50,0.695065,0.696279
nitti_subjective_trust,collusion,0.3,True,high,True,avg_social_utility,0.463716,0.006916,50,0.461799,0.465633
nitti_subjective_trust,collusion,0.3,True,high,True,avg_resource_utility,0.981834,0.000091,50,0.981808,0.981859
nitti_subjective_trust,collusion,0.3,True,high,True,avg_privacy_utility,0.500000,0.000000,50,0.500000,0.500000
nitti_subjective_trust,collusion,0.3,True,high,True,avg_incentive_utility,0.578030,0.003160,50,0.577154,0.578906
nitti_subjective_trust,collusion,0.3,True,high,True,energy_consumed,0.064695,0.000372,50,0.064592,0.064798
nitti_subjective_trust,collusion,0.3,True,high,True,bandwidth_consumed,0.274447,0.002142,50,0.273853,0.275041
nitti_subjective_trust,collusion,0.3,True,high,True,compute_consumed,0.366279,0.003141,50,0.365408,0.367149
nitti_subjective_trust,collusion,0.3,True,high,True,throughput_mbps,33.173120,0.821983,50,32.945278,33.400962
nitti_subjective_trust,collusion,0.3,True,high,True,packet_delivery_ratio,0.592829,0.014097,50,0.588922,0.596736
nitti_subjective_trust,collusion,0.3,True,high,True,e2e_delay_ms,96.771379,0.558275,50,96.616633,96.926125
nitti_subjective_trust,collusion,0.3,True,high,True,active_nodes,49.960640,0.032354,50,49.951672,49.969608
nitti_subjective_trust,collusion,0.3,True,high,True,reputation_honest,0.490813,0.041603,50,0.479281,0.502344
nitti_subjective_trust,collusion,0.3,True,high,True,reputation_attacker,0.233306,0.036479,50,0.223195,0.243417
nitti_subjective_trust,collusion,0.3,True,high,True,reputation_separation,0.257507,0.054848,50,0.242303,0.272710
nitti_subjective_trust,collusion,0.3,True,high,True,attacker_defection_rate,0.802645,0.059990,50,0.786017,0.819274
nitti_subjective_trust,collusion,0.3,True,high,True,decision_distortion,0.074050,0.005641,50,0.072486,0.075614
nitti_subjective_trust,collusion,0.3,True,high,True,decision_distortion_evidenced,0.071539,0.007709,50,0.069403,0.073676
nitti_subjective_trust,collusion,0.3,True,high,True,decision_distortion_counterfactual,0.087559,0.007248,50,0.085550,0.089568
nitti_subjective_trust,collusion,0.3,True,high,True,decision_distortion_counterfactual_evidenced,0.090339,0.010065,50,0.087549,0.093129
nitti_subjective_trust,collusion,0.4,True,high,True,generated_tasks,7.006160,0.042654,50,6.994337,7.017983
nitti_subjective_trust,collusion,0.4,True,high,True,completed_tasks,3.915160,0.097423,50,3.888156,3.942164
nitti_subjective_trust,collusion,0.4,True,high,True,attempted_interactions,7.001760,0.042462,50,6.989990,7.013530
nitti_subjective_trust,collusion,0.4,True,high,True,successful_cooperations,3.915160,0.097423,50,3.888156,3.942164
nitti_subjective_trust,collusion,0.4,True,high,True,failed_interactions,3.086600,0.090426,50,3.061535,3.111665
nitti_subjective_trust,collusion,0.4,True,high,True,blocked_privacy_interactions,0.000000,0.000000,50,0.000000,0.000000
nitti_subjective_trust,collusion,0.4,True,high,True,cooperation_rate,0.559126,0.013234,50,0.555457,0.562794
nitti_subjective_trust,collusion,0.4,True,high,True,task_completion_ratio,0.558773,0.013244,50,0.555102,0.562444
nitti_subjective_trust,collusion,0.4,True,high,True,reliability_score,0.559126,0.013234,50,0.555457,0.562794
nitti_subjective_trust,collusion,0.4,True,high,True,resource_efficiency,0.541379,0.012849,50,0.537817,0.544941
nitti_subjective_trust,collusion,0.4,True,high,True,fairness_index,0.767166,0.018606,50,0.762009,0.772324
nitti_subjective_trust,collusion,0.4,True,high,True,trust_stability_index,0.727207,0.007196,50,0.725213,0.729202
nitti_subjective_trust,collusion,0.4,True,high,True,privacy_exposure_risk,0.500000,0.000000,50,0.500000,0.500000
nitti_subjective_trust,collusion,0.4,True,high,True,candidate_privacy_risk,0.499689,0.000265,50,0.499616,0.499763
nitti_subjective_trust,collusion,0.4,True,high,True,accepted_privacy_exposure,0.500000,0.000000,50,0.500000,0.500000
nitti_subjective_trust,collusion,0.4,True,high,True,avg_trust,0.417857,0.008097,50,0.415613,0.420101
nitti_subjective_trust,collusion,0.4,True,high,True,trust_variance,0.068198,0.001799,50,0.067699,0.068697
nitti_subjective_trust,collusion,0.4,True,high,True,avg_preference,0.523112,0.006242,50,0.521382,0.524842
nitti_subjective_trust,collusion,0.4,True,high,True,avg_reciprocity,0.533572,0.016787,50,0.528919,0.538225
nitti_subjective_trust,collusion,0.4,True,high,True,avg_privacy_risk,0.499689,0.000265,50,0.499616,0.499763
nitti_subjective_trust,collusion,0.4,True,high,True,avg_total_utility,0.502080,0.006688,50,0.500226,0.503934
nitti_subjective_trust,collusion,0.4,True,high,True,avg_system_utility,0.694322,0.001670,50,0.693859,0.694785
nitti_subjective_trust,collusion,0.4,True,high,True,avg_social_utility,0.458057,0.006399,50,0.456283,0.459831
nitti_subjective_trust,collusion,0.4,True,high,True,avg_resource_utility,0.981838,0.000091,50,0.981812,0.981863
nitti_subjective_trust,collusion,0.4,True,high,True,avg_privacy_utility,0.500000,0.000000,50,0.500000,0.500000
nitti_subjective_trust,collusion,0.4,True,high,True,avg_incentive_utility,0.575416,0.002834,50,0.574631,0.576202
nitti_subjective_trust,collusion,0.4,True,high,True,energy_consumed,0.064674,0.000555,50,0.064521,0.064828
nitti_subjective_trust,collusion,0.4,True,high,True,bandwidth_consumed,0.274781,0.002453,50,0.274102,0.275461
nitti_subjective_trust,collusion,0.4,True,high,True,compute_consumed,0.366381,0.003481,50,0.365416,0.367346
nitti_subjective_trust,collusion,0.4,True,high,True,throughput_mbps,31.321280,0.779386,50,31.105245,31.537315
nitti_subjective_trust,collusion,0.4,True,high,True,packet_delivery_ratio,0.559126,0.013234,50,0.555457,0.562794
nitti_subjective_trust,collusion,0.4,True,high,True,e2e_delay_ms,96.521283,0.770640,50,96.307673,96.734894
nitti_subjective_trust,collusion,0.4,True,high,True,active_nodes,49.947560,0.028308,50,49.939713,49.955407
nitti_subjective_trust,collusion,0.4,True,high,True,reputation_honest,0.500255,0.045712,50,0.487584,0.512925
nitti_subjective_trust,collusion,0.4,True,high,True,reputation_attacker,0.235934,0.036373,50,0.225852,0.246016
nitti_subjective_trust,collusion,0.4,True,high,True,reputation_separation,0.264321,0.057616,50,0.248351,0.280291
nitti_subjective_trust,collusion,0.4,True,high,True,attacker_defection_rate,0.808961,0.053024,50,0.794264,0.823659
nitti_subjective_trust,collusion,0.4,True,high,True,decision_distortion,0.074862,0.006704,50,0.073004,0.076720
nitti_subjective_trust,collusion,0.4,True,high,True,decision_distortion_evidenced,0.072656,0.007876,50,0.070473,0.074839
nitti_subjective_trust,collusion,0.4,True,high,True,decision_distortion_counterfactual,0.089721,0.008456,50,0.087377,0.092065
nitti_subjective_trust,collusion,0.4,True,high,True,decision_distortion_counterfactual_evidenced,0.092528,0.010575,50,0.089597,0.095459
nitti_subjective_trust,none,0.0,True,high,True,generated_tasks,6.998040,0.031211,50,6.989389,7.006691
nitti_subjective_trust,none,0.0,True,high,True,completed_tasks,4.565240,0.055111,50,4.549964,4.580516
nitti_subjective_trust,none,0.0,True,high,True,attempted_interactions,6.996240,0.031565,50,6.987491,7.004989
nitti_subjective_trust,none,0.0,True,high,True,successful_cooperations,4.565240,0.055111,50,4.549964,4.580516
nitti_subjective_trust,none,0.0,True,high,True,failed_interactions,2.431000,0.051035,50,2.416854,2.445146
nitti_subjective_trust,none,0.0,True,high,True,blocked_privacy_interactions,0.000000,0.000000,50,0.000000,0.000000
nitti_subjective_trust,none,0.0,True,high,True,cooperation_rate,0.652588,0.007214,50,0.650589,0.654588
nitti_subjective_trust,none,0.0,True,high,True,task_completion_ratio,0.652443,0.007247,50,0.650434,0.654452
nitti_subjective_trust,none,0.0,True,high,True,reliability_score,0.652588,0.007214,50,0.650589,0.654588
nitti_subjective_trust,none,0.0,True,high,True,resource_efficiency,0.632112,0.007044,50,0.630159,0.634064
nitti_subjective_trust,none,0.0,True,high,True,fairness_index,0.829709,0.017601,50,0.824830,0.834588
nitti_subjective_trust,none,0.0,True,high,True,trust_stability_index,0.706275,0.005503,50,0.704749,0.707800
nitti_subjective_trust,none,0.0,True,high,True,privacy_exposure_risk,0.500000,0.000000,50,0.500000,0.500000
nitti_subjective_trust,none,0.0,True,high,True,candidate_privacy_risk,0.499876,0.000157,50,0.499832,0.499919
nitti_subjective_trust,none,0.0,True,high,True,accepted_privacy_exposure,0.500000,0.000000,50,0.500000,0.500000
nitti_subjective_trust,none,0.0,True,high,True,avg_trust,0.492907,0.009815,50,0.490187,0.495628
nitti_subjective_trust,none,0.0,True,high,True,trust_variance,0.073431,0.001376,50,0.073050,0.073813
nitti_subjective_trust,none,0.0,True,high,True,avg_preference,0.576843,0.006822,50,0.574952,0.578734
nitti_subjective_trust,none,0.0,True,high,True,avg_reciprocity,0.618588,0.013079,50,0.614962,0.622213
nitti_subjective_trust,none,0.0,True,high,True,avg_privacy_risk,0.499876,0.000157,50,0.499832,0.499919
nitti_subjective_trust,none,0.0,True,high,True,avg_total_utility,0.519662,0.007465,50,0.517593,0.521732
nitti_subjective_trust,none,0.0,True,high,True,avg_system_utility,0.698239,0.002080,50,0.697662,0.698815
nitti_subjective_trust,none,0.0,True,high,True,avg_social_utility,0.473943,0.006940,50,0.472019,0.475867
nitti_subjective_trust,none,0.0,True,high,True,avg_resource_utility,0.981825,0.000079,50,0.981803,0.981847
nitti_subjective_trust,none,0.0,True,high,True,avg_privacy_utility,0.500000,0.000000,50,0.500000,0.500000
nitti_subjective_trust,none,0.0,True,high,True,avg_incentive_utility,0.582775,0.003197,50,0.581889,0.583661
nitti_subjective_trust,none,0.0,True,high,True,energy_consumed,0.064686,0.000449,50,0.064562,0.064811
nitti_subjective_trust,none,0.0,True,high,True,bandwidth_consumed,0.274875,0.002304,50,0.274236,0.275513
nitti_subjective_trust,none,0.0,True,high,True,compute_consumed,0.366263,0.002855,50,0.365472,0.367055
nitti_subjective_trust,none,0.0,True,high,True,throughput_mbps,36.521920,0.440887,50,36.399712,36.644128
nitti_subjective_trust,none,0.0,True,high,True,packet_delivery_ratio,0.652588,0.007214,50,0.650589,0.654588
nitti_subjective_trust,none,0.0,True,high,True,e2e_delay_ms,96.896336,0.581123,50,96.735257,97.057415
nitti_subjective_trust,none,0.0,True,high,True,active_nodes,49.980400,0.019294,50,49.975052,49.985748
nitti_subjective_trust,none,0.0,True,high,True,reputation_honest,0.471602,0.032612,50,0.462562,0.480641
nitti_subjective_trust,none,0.0,True,high,True,attacker_defection_rate,0.000000,0.000000,50,0.000000,0.000000
nitti_subjective_trust,none,0.0,True,high,True,decision_distortion,0.074209,0.004229,50,0.073037,0.075381
nitti_subjective_trust,none,0.0,True,high,True,decision_distortion_evidenced,0.071542,0.005062,50,0.070139,0.072945
nitti_subjective_trust,none,0.0,True,high,True,decision_distortion_counterfactual,0.085455,0.004944,50,0.084085,0.086826
nitti_subjective_trust,none,0.0,True,high,True,decision_distortion_counterfactual_evidenced,0.089164,0.006390,50,0.087392,0.090935
nitti_subjective_trust,on_off,0.1,True,high,True,generated_tasks,7.004800,0.033066,50,6.995634,7.013966
nitti_subjective_trust,on_off,0.1,True,high,True,completed_tasks,4.515720,0.060722,50,4.498889,4.532551
nitti_subjective_trust,on_off,0.1,True,high,True,attempted_interactions,7.002280,0.032950,50,6.993147,7.011413
nitti_subjective_trust,on_off,0.1,True,high,True,successful_cooperations,4.515720,0.060722,50,4.498889,4.532551
nitti_subjective_trust,on_off,0.1,True,high,True,failed_interactions,2.486560,0.062952,50,2.469111,2.504009
nitti_subjective_trust,on_off,0.1,True,high,True,blocked_privacy_interactions,0.000000,0.000000,50,0.000000,0.000000
nitti_subjective_trust,on_off,0.1,True,high,True,cooperation_rate,0.644876,0.008480,50,0.642526,0.647227
nitti_subjective_trust,on_off,0.1,True,high,True,task_completion_ratio,0.644644,0.008514,50,0.642284,0.647004
nitti_subjective_trust,on_off,0.1,True,high,True,reliability_score,0.644876,0.008480,50,0.642526,0.647227
nitti_subjective_trust,on_off,0.1,True,high,True,resource_efficiency,0.624554,0.008265,50,0.622263,0.626845
nitti_subjective_trust,on_off,0.1,True,high,True,fairness_index,0.829058,0.015360,50,0.824801,0.833316
nitti_subjective_trust,on_off,0.1,True,high,True,trust_stability_index,0.707504,0.005095,50,0.706092,0.708917
nitti_subjective_trust,on_off,0.1,True,high,True,privacy_exposure_risk,0.500000,0.000000,50,0.500000,0.500000
nitti_subjective_trust,on_off,0.1,True,high,True,candidate_privacy_risk,0.499822,0.000238,50,0.499756,0.499888
nitti_subjective_trust,on_off,0.1,True,high,True,accepted_privacy_exposure,0.500000,0.000000,50,0.500000,0.500000
nitti_subjective_trust,on_off,0.1,True,high,True,avg_trust,0.487594,0.010397,50,0.484712,0.490476
nitti_subjective_trust,on_off,0.1,True,high,True,trust_variance,0.073124,0.001274,50,0.072771,0.073477
nitti_subjective_trust,on_off,0.1,True,high,True,avg_preference,0.573426,0.007210,50,0.571428,0.575425
nitti_subjective_trust,on_off,0.1,True,high,True,avg_reciprocity,0.612827,0.013380,50,0.609118,0.616535
nitti_subjective_trust,on_off,0.1,True,high,True,avg_privacy_risk,0.499822,0.000238,50,0.499756,0.499888
nitti_subjective_trust,on_off,0.1,True,high,True,avg_total_utility,0.519140,0.007524,50,0.517055,0.521226
nitti_subjective_trust,on_off,0.1,True,high,True,avg_system_utility,0.698081,0.001991,50,0.697529,0.698632
nitti_subjective_trust,on_off,0.1,True,high,True,avg_social_utility,0.473520,0.006948,50,0.471594,0.475446
nitti_subjective_trust,on_off,0.1,True,high,True,avg_resource_utility,0.981826,0.000101,50,0.981798,0.981854
nitti_subjective_trust,on_off,0.1,True,high,True,avg_privacy_utility,0.500000,0.000000,50,0.500000,0.500000
nitti_subjective_trust,on_off,0.1,True,high,True,avg_incentive_utility,0.582586,0.003165,50,0.581708,0.583463
nitti_subjective_trust,on_off,0.1,True,high,True,energy_consumed,0.064727,0.000470,50,0.064597,0.064858
nitti_subjective_trust,on_off,0.1,True,high,True,bandwidth_consumed,0.274973,0.002330,50,0.274328,0.275619
nitti_subjective_trust,on_off,0.1,True,high,True,compute_consumed,0.366580,0.003788,50,0.365530,0.367630
nitti_subjective_trust,on_off,0.1,True,high,True,throughput_mbps,36.125760,0.485778,50,35.991109,36.260411
nitti_subjective_trust,on_off,0.1,True,high,True,packet_delivery_ratio,0.644876,0.008480,50,0.642526,0.647227
nitti_subjective_trust,on_off,0.1,True,high,True,e2e_delay_ms,96.785302,0.615545,50,96.614682,96.955922
nitti_subjective_trust,on_off,0.1,True,high,True,active_nodes,49.975480,0.018913,50,49.970238,49.980722
nitti_subjective_trust,on_off,0.1,True,high,True,reputation_honest,0.465871,0.031763,50,0.457067,0.474676
nitti_subjective_trust,on_off,0.1,True,high,True,reputation_attacker,0.382273,0.082029,50,0.359536,0.405010
nitti_subjective_trust,on_off,0.1,True,high,True,reputation_separation,0.083598,0.090356,50,0.058553,0.108644
nitti_subjective_trust,on_off,0.1,True,high,True,attacker_defection_rate,0.417267,0.031921,50,0.408419,0.426115
nitti_subjective_trust,on_off,0.1,True,high,True,decision_distortion,0.073437,0.004723,50,0.072128,0.074746
nitti_subjective_trust,on_off,0.1,True,high,True,decision_distortion_evidenced,0.070768,0.007153,50,0.068785,0.072750
nitti_subjective_trust,on_off,0.1,True,high,True,decision_distortion_counterfactual,0.084819,0.005979,50,0.083161,0.086476
nitti_subjective_trust,on_off,0.1,True,high,True,decision_distortion_counterfactual_evidenced,0.088409,0.009243,50,0.085847,0.090971
nitti_subjective_trust,on_off,0.2,True,high,True,generated_tasks,6.996120,0.036015,50,6.986137,7.006103
nitti_subjective_trust,on_off,0.2,True,high,True,completed_tasks,4.473920,0.064300,50,4.456097,4.491743
nitti_subjective_trust,on_off,0.2,True,high,True,attempted_interactions,6.994240,0.036042,50,6.984250,7.004230
nitti_subjective_trust,on_off,0.2,True,high,True,successful_cooperations,4.473920,0.064300,50,4.456097,4.491743
nitti_subjective_trust,on_off,0.2,True,high,True,failed_interactions,2.520320,0.062902,50,2.502885,2.537755
nitti_subjective_trust,on_off,0.2,True,high,True,blocked_privacy_interactions,0.000000,0.000000,50,0.000000,0.000000
nitti_subjective_trust,on_off,0.2,True,high,True,cooperation_rate,0.639642,0.008688,50,0.637234,0.642050
nitti_subjective_trust,on_off,0.2,True,high,True,task_completion_ratio,0.639484,0.008685,50,0.637077,0.641891
nitti_subjective_trust,on_off,0.2,True,high,True,reliability_score,0.639642,0.008688,50,0.637234,0.642050
nitti_subjective_trust,on_off,0.2,True,high,True,resource_efficiency,0.619550,0.008429,50,0.617213,0.621886
nitti_subjective_trust,on_off,0.2,True,high,True,fairness_index,0.828552,0.017126,50,0.823805,0.833299
nitti_subjective_trust,on_off,0.2,True,high,True,trust_stability_index,0.708560,0.006231,50,0.706833,0.710287
nitti_subjective_trust,on_off,0.2,True,high,True,privacy_exposure_risk,0.500000,0.000000,50,0.500000,0.500000
nitti_subjective_trust,on_off,0.2,True,high,True,candidate_privacy_risk,0.499867,0.000171,50,0.499819,0.499914
nitti_subjective_trust,on_off,0.2,True,high,True,accepted_privacy_exposure,0.500000,0.000000,50,0.500000,0.500000
nitti_subjective_trust,on_off,0.2,True,high,True,avg_trust,0.484039,0.008330,50,0.481731,0.486348
nitti_subjective_trust,on_off,0.2,True,high,True,trust_variance,0.072860,0.001558,50,0.072428,0.073292
nitti_subjective_trust,on_off,0.2,True,high,True,avg_preference,0.570585,0.006083,50,0.568899,0.572271
nitti_subjective_trust,on_off,0.2,True,high,True,avg_reciprocity,0.608582,0.014285,50,0.604622,0.612542
nitti_subjective_trust,on_off,0.2,True,high,True,avg_privacy_risk,0.499867,0.000171,50,0.499819,0.499914
nitti_subjective_trust,on_off,0.2,True,high,True,avg_total_utility,0.518052,0.006910,50,0.516137,0.519968
nitti_subjective_trust,on_off,0.2,True,high,True,avg_system_utility,0.697848,0.001598,50,0.697405,0.698291
nitti_subjective_trust,on_off,0.2,True,high,True,avg_social_utility,0.472511,0.006519,50,0.470704,0.474318
nitti_subjective_trust,on_off,0.2,True,high,True,avg_resource_utility,0.981822,0.000079,50,0.981800,0.981844
nitti_subjective_trust,on_off,0.2,True,high,True,avg_privacy_utility,0.500000,0.000000,50,0.500000,0.500000
nitti_subjective_trust,on_off,0.2,True,high,True,avg_incentive_utility,0.582110,0.002932,50,0.581297,0.582923
nitti_subjective_trust,on_off,0.2,True,high,True,energy_consumed,0.064624,0.000476,50,0.064492,0.064756
nitti_subjective_trust,on_off,0.2,True,high,True,bandwidth_consumed,0.274730,0.002370,50,0.274074,0.275387
nitti_subjective_trust,on_off,0.2,True,high,True,compute_consumed,0.366482,0.002908,50,0.365676,0.367288
nitti_subjective_trust,on_off,0.2,True,high,True,throughput_mbps,35.791360,0.514402,50,35.648775,35.933945
nitti_subjective_trust,on_off,0.2,True,high,True,packet_delivery_ratio,0.639642,0.008688,50,0.637234,0.642050
nitti_subjective_trust,on_off,0.2,True,high,True,e2e_delay_ms,96.717998,0.654664,50,96.536534,96.899461
nitti_subjective_trust,on_off,0.2,True,high,True,active_nodes,49.976000,0.023131,50,49.969589,49.982411
nitti_subjective_trust,on_off,0.2,True,high,True,reputation_honest,0.473313,0.041884,50,0.461704,0.484923
nitti_subjective_trust,on_off,0.2,True,high,True,reputation_attacker,0.385814,0.065655,50,0.367615,0.404012
nitti_subjective_trust,on_off,0.2,True,high,True,reputation_separation,0.087500,0.073313,50,0.067178,0.107821
nitti_subjective_trust,on_off,0.2,True,high,True,attacker_defection_rate,0.407495,0.017443,50,0.402660,0.412330
nitti_subjective_trust,on_off,0.2,True,high,True,decision_distortion,0.075086,0.004957,50,0.073712,0.076460
nitti_subjective_trust,on_off,0.2,True,high,True,decision_distortion_evidenced,0.072434,0.006506,50,0.070631,0.074238
nitti_subjective_trust,on_off,0.2,True,high,True,decision_distortion_counterfactual,0.086618,0.005599,50,0.085066,0.088170
nitti_subjective_trust,on_off,0.2,True,high,True,decision_distortion_counterfactual_evidenced,0.090527,0.007964,50,0.088319,0.092734
nitti_subjective_trust,on_off,0.3,True,high,True,generated_tasks,7.005200,0.040002,50,6.994112,7.016288
nitti_subjective_trust,on_off,0.3,True,high,True,completed_tasks,4.447520,0.068127,50,4.428636,4.466404
nitti_subjective_trust,on_off,0.3,True,high,True,attempted_interactions,7.003480,0.039733,50,6.992466,7.014494
nitti_subjective_trust,on_off,0.3,True,high,True,successful_cooperations,4.447520,0.068127,50,4.428636,4.466404
nitti_subjective_trust,on_off,0.3,True,high,True,failed_interactions,2.555960,0.061584,50,2.538890,2.573030
nitti_subjective_trust,on_off,0.3,True,high,True,blocked_privacy_interactions,0.000000,0.000000,50,0.000000,0.000000
nitti_subjective_trust,on_off,0.3,True,high,True,cooperation_rate,0.635183,0.008935,50,0.632706,0.637659
nitti_subjective_trust,on_off,0.3,True,high,True,task_completion_ratio,0.635028,0.008983,50,0.632538,0.637518
nitti_subjective_trust,on_off,0.3,True,high,True,reliability_score,0.635183,0.008935,50,0.632706,0.637659
nitti_subjective_trust,on_off,0.3,True,high,True,resource_efficiency,0.615236,0.008705,50,0.612823,0.617649
nitti_subjective_trust,on_off,0.3,True,high,True,fairness_index,0.823926,0.016802,50,0.819268,0.828583
nitti_subjective_trust,on_off,0.3,True,high,True,trust_stability_index,0.710616,0.006737,50,0.708749,0.712484
nitti_subjective_trust,on_off,0.3,True,high,True,privacy_exposure_risk,0.500000,0.000000,50,0.500000,0.500000
nitti_subjective_trust,on_off,0.3,True,high,True,candidate_privacy_risk,0.499881,0.000156,50,0.499838,0.499924
nitti_subjective_trust,on_off,0.3,True,high,True,accepted_privacy_exposure,0.500000,0.000000,50,0.500000,0.500000
nitti_subjective_trust,on_off,0.3,True,high,True,avg_trust,0.482214,0.010201,50,0.479387,0.485042
nitti_subjective_trust,on_off,0.3,True,high,True,trust_variance,0.072346,0.001684,50,0.071879,0.072813
nitti_subjective_trust,on_off,0.3,True,high,True,avg_preference,0.569419,0.007120,50,0.567446,0.571393
nitti_subjective_trust,on_off,0.3,True,high,True,avg_reciprocity,0.607560,0.015242,50,0.603335,0.611784
nitti_subjective_trust,on_off,0.3,True,high,True,avg_privacy_risk,0.499881,0.000156,50,0.499838,0.499924
nitti_subjective_trust,on_off,0.3,True,high,True,avg_total_utility,0.517290,0.007840,50,0.515117,0.519463
nitti_subjective_trust,on_off,0.3,True,high,True,avg_system_utility,0.697649,0.002023,50,0.697088,0.698209
nitti_subjective_trust,on_off,0.3,True,high,True,avg_social_utility,0.471831,0.007308,50,0.469805,0.473857
nitti_subjective_trust,on_off,0.3,True,high,True,avg_resource_utility,0.981826,0.000073,50,0.981806,0.981846
nitti_subjective_trust,on_off,0.3,True,high,True,avg_privacy_utility,0.500000,0.000000,50,0.500000,0.500000
nitti_subjective_trust,on_off,0.3,True,high,True,avg_incentive_utility,0.581789,0.003309,50,0.580872,0.582706
nitti_subjective_trust,on_off,0.3,True,high,True,energy_consumed,0.064749,0.000428,50,0.064630,0.064867
nitti_subjective_trust,on_off,0.3,True,high,True,bandwidth_consumed,0.274952,0.002177,50,0.274348,0.275555
nitti_subjective_trust,on_off,0.3,True,high,True,compute_consumed,0.366892,0.003526,50,0.365915,0.367870
nitti_subjective_trust,on_off,0.3,True,high,True,throughput_mbps,35.580160,0.545013,50,35.429090,35.731230
nitti_subjective_trust,on_off,0.3,True,high,True,packet_delivery_ratio,0.635183,0.008935,50,0.632706,0.637659
nitti_subjective_trust,on_off,0.3,True,high,True,e2e_delay_ms,96.426663,0.685667,50,96.236605,96.616720
nitti_subjective_trust,on_off,0.3,True,high,True,active_nodes,49.975160,0.021015,50,49.969335,49.980985
nitti_subjective_trust,on_off,0.3,True,high,True,reputation_honest,0.467022,0.041972,50,0.455388,0.478656
nitti_subjective_trust,on_off,0.3,True,high,True,reputation_attacker,0.391455,0.050528,50,0.377449,0.405461
nitti_subjective_trust,on_off,0.3,True,high,True,reputation_separation,0.075567,0.062461,50,0.058254,0.092880
nitti_subjective_trust,on_off,0.3,True,high,True,attacker_defection_rate,0.408949,0.012224,50,0.405561,0.412338
nitti_subjective_trust,on_off,0.3,True,high,True,decision_distortion,0.073087,0.004207,50,0.071921,0.074253
nitti_subjective_trust,on_off,0.3,True,high,True,decision_distortion_evidenced,0.069369,0.005605,50,0.067816,0.070923
nitti_subjective_trust,on_off,0.3,True,high,True,decision_distortion_counterfactual,0.084442,0.005215,50,0.082997,0.085888
nitti_subjective_trust,on_off,0.3,True,high,True,decision_distortion_counterfactual_evidenced,0.087025,0.007327,50,0.084994,0.089056
nitti_subjective_trust,on_off,0.4,True,high,True,generated_tasks,6.998680,0.034926,50,6.988999,7.008361
nitti_subjective_trust,on_off,0.4,True,high,True,completed_tasks,4.395240,0.062360,50,4.377955,4.412525
nitti_subjective_trust,on_off,0.4,True,high,True,attempted_interactions,6.996160,0.033998,50,6.986736,7.005584
nitti_subjective_trust,on_off,0.4,True,high,True,successful_cooperations,4.395240,0.062360,50,4.377955,4.412525
nitti_subjective_trust,on_off,0.4,True,high,True,failed_interactions,2.600920,0.071097,50,2.581213,2.620627
nitti_subjective_trust,on_off,0.4,True,high,True,blocked_privacy_interactions,0.000000,0.000000,50,0.000000,0.000000
nitti_subjective_trust,on_off,0.4,True,high,True,cooperation_rate,0.628181,0.009413,50,0.625572,0.630790
nitti_subjective_trust,on_off,0.4,True,high,True,task_completion_ratio,0.627928,0.009488,50,0.625298,0.630558
nitti_subjective_trust,on_off,0.4,True,high,True,reliability_score,0.628181,0.009413,50,0.625572,0.630790
nitti_subjective_trust,on_off,0.4,True,high,True,resource_efficiency,0.608368,0.009211,50,0.605815,0.610922
nitti_subjective_trust,on_off,0.4,True,high,True,fairness_index,0.826681,0.015932,50,0.822265,0.831097
nitti_subjective_trust,on_off,0.4,True,high,True,trust_stability_index,0.709433,0.005858,50,0.707809,0.711057
nitti_subjective_trust,on_off,0.4,True,high,True,privacy_exposure_risk,0.500000,0.000000,50,0.500000,0.500000
nitti_subjective_trust,on_off,0.4,True,high,True,candidate_privacy_risk,0.499818,0.000201,50,0.499762,0.499873
nitti_subjective_trust,on_off,0.4,True,high,True,accepted_privacy_exposure,0.500000,0.000000,50,0.500000,0.500000
nitti_subjective_trust,on_off,0.4,True,high,True,avg_trust,0.479461,0.009148,50,0.476926,0.481997
nitti_subjective_trust,on_off,0.4,True,high,True,trust_variance,0.072642,0.001464,50,0.072236,0.073048
nitti_subjective_trust,on_off,0.4,True,high,True,avg_preference,0.568504,0.006337,50,0.566748,0.570261
nitti_subjective_trust,on_off,0.4,True,high,True,avg_reciprocity,0.608259,0.014008,50,0.604376,0.612142
nitti_subjective_trust,on_off,0.4,True,high,True,avg_privacy_risk,0.499818,0.000201,50,0.499762,0.499873
nitti_subjective_trust,on_off,0.4,True,high,True,avg_total_utility,0.516279,0.007277,50,0.514262,0.518296
nitti_subjective_trust,on_off,0.4,True,high,True,avg_system_utility,0.697350,0.002005,50,0.696794,0.697906
nitti_subjective_trust,on_off,0.4,True,high,True,avg_social_utility,0.470915,0.006694,50,0.469060,0.472771
nitti_subjective_trust,on_off,0.4,True,high,True,avg_resource_utility,0.981825,0.000085,50,0.981801,0.981848
nitti_subjective_trust,on_off,0.4,True,high,True,avg_privacy_utility,0.500000,0.000000,50,0.500000,0.500000
nitti_subjective_trust,on_off,0.4,True,high,True,avg_incentive_utility,0.581339,0.003072,50,0.580487,0.582190
nitti_subjective_trust,on_off,0.4,True,high,True,energy_consumed,0.064630,0.000469,50,0.064500,0.064760
nitti_subjective_trust,on_off,0.4,True,high,True,bandwidth_consumed,0.274872,0.002401,50,0.274206,0.275537
nitti_subjective_trust,on_off,0.4,True,high,True,compute_consumed,0.366261,0.003039,50,0.365419,0.367103
nitti_subjective_trust,on_off,0.4,True,high,True,throughput_mbps,35.161920,0.498882,50,35.023637,35.300203
nitti_subjective_trust,on_off,0.4,True,high,True,packet_delivery_ratio,0.628181,0.009413,50,0.625572,0.630790
nitti_subjective_trust,on_off,0.4,True,high,True,e2e_delay_ms,96.342196,0.709626,50,96.145498,96.538894
nitti_subjective_trust,on_off,0.4,True,high,True,active_nodes,49.976520,0.019967,50,49.970986,49.982054
nitti_subjective_trust,on_off,0.4,True,high,True,reputation_honest,0.479295,0.035521,50,0.469449,0.489141
nitti_subjective_trust,on_off,0.4,True,high,True,reputation_attacker,0.384640,0.044901,50,0.372194,0.397086
nitti_subjective_trust,on_off,0.4,True,high,True,reputation_separation,0.094655,0.059010,50,0.078298,0.111012
nitti_subjective_trust,on_off,0.4,True,high,True,attacker_defection_rate,0.409279,0.012295,50,0.405871,0.412687
nitti_subjective_trust,on_off,0.4,True,high,True,decision_distortion,0.073071,0.005931,50,0.071427,0.074715
nitti_subjective_trust,on_off,0.4,True,high,True,decision_distortion_evidenced,0.070612,0.008336,50,0.068302,0.072923
nitti_subjective_trust,on_off,0.4,True,high,True,decision_distortion_counterfactual,0.085014,0.007321,50,0.082985,0.087043
nitti_subjective_trust,on_off,0.4,True,high,True,decision_distortion_counterfactual_evidenced,0.088556,0.010874,50,0.085541,0.091570
nitti_subjective_trust,reciprocity_exploitation,0.1,True,high,True,generated_tasks,7.003040,0.034958,50,6.993350,7.012730
nitti_subjective_trust,reciprocity_exploitation,0.1,True,high,True,completed_tasks,4.419240,0.073196,50,4.398951,4.439529
nitti_subjective_trust,reciprocity_exploitation,0.1,True,high,True,attempted_interactions,7.001040,0.035311,50,6.991252,7.010828
nitti_subjective_trust,reciprocity_exploitation,0.1,True,high,True,successful_cooperations,4.419240,0.073196,50,4.398951,4.439529
nitti_subjective_trust,reciprocity_exploitation,0.1,True,high,True,failed_interactions,2.581800,0.069606,50,2.562506,2.601094
nitti_subjective_trust,reciprocity_exploitation,0.1,True,high,True,blocked_privacy_interactions,0.000000,0.000000,50,0.000000,0.000000
nitti_subjective_trust,reciprocity_exploitation,0.1,True,high,True,cooperation_rate,0.631283,0.009751,50,0.628580,0.633986
nitti_subjective_trust,reciprocity_exploitation,0.1,True,high,True,task_completion_ratio,0.631127,0.009796,50,0.628412,0.633842
nitti_subjective_trust,reciprocity_exploitation,0.1,True,high,True,reliability_score,0.631283,0.009751,50,0.628580,0.633986
nitti_subjective_trust,reciprocity_exploitation,0.1,True,high,True,resource_efficiency,0.611451,0.009501,50,0.608818,0.614085
nitti_subjective_trust,reciprocity_exploitation,0.1,True,high,True,fairness_index,0.811546,0.016699,50,0.806917,0.816175
nitti_subjective_trust,reciprocity_exploitation,0.1,True,high,True,trust_stability_index,0.708379,0.005106,50,0.706963,0.709794
nitti_subjective_trust,reciprocity_exploitation,0.1,True,high,True,privacy_exposure_risk,0.500000,0.000000,50,0.500000,0.500000
nitti_subjective_trust,reciprocity_exploitation,0.1,True,high,True,candidate_privacy_risk,0.499862,0.000160,50,0.499818,0.499907
nitti_subjective_trust,reciprocity_exploitation,0.1,True,high,True,accepted_privacy_exposure,0.500000,0.000000,50,0.500000,0.500000
nitti_subjective_trust,reciprocity_exploitation,0.1,True,high,True,avg_trust,0.474020,0.008171,50,0.471755,0.476284
nitti_subjective_trust,reciprocity_exploitation,0.1,True,high,True,trust_variance,0.072905,0.001277,50,0.072551,0.073259
nitti_subjective_trust,reciprocity_exploitation,0.1,True,high,True,avg_preference,0.562848,0.005738,50,0.561257,0.564438
nitti_subjective_trust,reciprocity_exploitation,0.1,True,high,True,avg_reciprocity,0.596863,0.014150,50,0.592941,0.600785
nitti_subjective_trust,reciprocity_exploitation,0.1,True,high,True,avg_privacy_risk,0.499862,0.000160,50,0.499818,0.499907
nitti_subjective_trust,reciprocity_exploitation,0.1,True,high,True,avg_total_utility,0.517281,0.008144,50,0.515024,0.519539
nitti_subjective_trust,reciprocity_exploitation,0.1,True,high,True,avg_system_utility,0.697473,0.001767,50,0.696984,0.697963
nitti_subjective_trust,reciprocity_exploitation,0.1,True,high,True,avg_social_utility,0.471896,0.007640,50,0.469778,0.474014
nitti_subjective_trust,reciprocity_exploitation,0.1,True,high,True,avg_resource_utility,0.981811,0.000084,50,0.981788,0.981834
nitti_subjective_trust,reciprocity_exploitation,0.1,True,high,True,avg_privacy_utility,0.500000,0.000000,50,0.500000,0.500000
nitti_subjective_trust,reciprocity_exploitation,0.1,True,high,True,avg_incentive_utility,0.581790,0.003436,50,0.580837,0.582742
nitti_subjective_trust,reciprocity_exploitation,0.1,True,high,True,energy_consumed,0.064752,0.000441,50,0.064630,0.064875
nitti_subjective_trust,reciprocity_exploitation,0.1,True,high,True,bandwidth_consumed,0.275324,0.002239,50,0.274703,0.275944
nitti_subjective_trust,reciprocity_exploitation,0.1,True,high,True,compute_consumed,0.366749,0.002701,50,0.366001,0.367498
nitti_subjective_trust,reciprocity_exploitation,0.1,True,high,True,throughput_mbps,35.353920,0.585570,50,35.191608,35.516232
nitti_subjective_trust,reciprocity_exploitation,0.1,True,high,True,packet_delivery_ratio,0.631283,0.009751,50,0.628580,0.633986
nitti_subjective_trust,reciprocity_exploitation,0.1,True,high,True,e2e_delay_ms,96.803244,0.622977,50,96.630564,96.975925
nitti_subjective_trust,reciprocity_exploitation,0.1,True,high,True,active_nodes,49.973720,0.022696,50,49.967429,49.980011
nitti_subjective_trust,reciprocity_exploitation,0.1,True,high,True,reputation_honest,0.478210,0.035316,50,0.468421,0.487999
nitti_subjective_trust,reciprocity_exploitation,0.1,True,high,True,reputation_attacker,0.212180,0.009459,50,0.209558,0.214802
nitti_subjective_trust,reciprocity_exploitation,0.1,True,high,True,reputation_separation,0.266030,0.036501,50,0.255912,0.276148
nitti_subjective_trust,reciprocity_exploitation,0.1,True,high,True,attacker_defection_rate,0.900625,0.033507,50,0.891337,0.909912
nitti_subjective_trust,reciprocity_exploitation,0.1,True,high,True,decision_distortion,0.073655,0.003738,50,0.072619,0.074691
nitti_subjective_trust,reciprocity_exploitation,0.1,True,high,True,decision_distortion_evidenced,0.070725,0.005543,50,0.069188,0.072261
nitti_subjective_trust,reciprocity_exploitation,0.1,True,high,True,decision_distortion_counterfactual,0.085670,0.005047,50,0.084271,0.087069
nitti_subjective_trust,reciprocity_exploitation,0.1,True,high,True,decision_distortion_counterfactual_evidenced,0.088718,0.007422,50,0.086660,0.090775
nitti_subjective_trust,reciprocity_exploitation,0.2,True,high,True,generated_tasks,6.991840,0.041137,50,6.980438,7.003242
nitti_subjective_trust,reciprocity_exploitation,0.2,True,high,True,completed_tasks,4.263000,0.086037,50,4.239152,4.286848
nitti_subjective_trust,reciprocity_exploitation,0.2,True,high,True,attempted_interactions,6.988280,0.040800,50,6.976971,6.999589
nitti_subjective_trust,reciprocity_exploitation,0.2,True,high,True,successful_cooperations,4.263000,0.086037,50,4.239152,4.286848
nitti_subjective_trust,reciprocity_exploitation,0.2,True,high,True,failed_interactions,2.725280,0.084515,50,2.701854,2.748706
nitti_subjective_trust,reciprocity_exploitation,0.2,True,high,True,blocked_privacy_interactions,0.000000,0.000000,50,0.000000,0.000000
nitti_subjective_trust,reciprocity_exploitation,0.2,True,high,True,cooperation_rate,0.610111,0.011846,50,0.606827,0.613394
nitti_subjective_trust,reciprocity_exploitation,0.2,True,high,True,task_completion_ratio,0.609805,0.011824,50,0.606527,0.613082
nitti_subjective_trust,reciprocity_exploitation,0.2,True,high,True,reliability_score,0.610111,0.011846,50,0.606827,0.613394
nitti_subjective_trust,reciprocity_exploitation,0.2,True,high,True,resource_efficiency,0.590812,0.011440,50,0.587641,0.593983
nitti_subjective_trust,reciprocity_exploitation,0.2,True,high,True,fairness_index,0.792413,0.018367,50,0.787322,0.797504
nitti_subjective_trust,reciprocity_exploitation,0.2,True,high,True,trust_stability_index,0.711321,0.006930,50,0.709400,0.713241
nitti_subjective_trust,reciprocity_exploitation,0.2,True,high,True,privacy_exposure_risk,0.500000,0.000000,50,0.500000,0.500000
nitti_subjective_trust,reciprocity_exploitation,0.2,True,high,True,candidate_privacy_risk,0.499743,0.000224,50,0.499681,0.499806
nitti_subjective_trust,reciprocity_exploitation,0.2,True,high,True,accepted_privacy_exposure,0.500000,0.000000,50,0.500000,0.500000
nitti_subjective_trust,reciprocity_exploitation,0.2,True,high,True,avg_trust,0.457205,0.011144,50,0.454116,0.460294
nitti_subjective_trust,reciprocity_exploitation,0.2,True,high,True,trust_variance,0.072170,0.001732,50,0.071690,0.072650
nitti_subjective_trust,reciprocity_exploitation,0.2,True,high,True,avg_preference,0.550479,0.008060,50,0.548245,0.552714
nitti_subjective_trust,reciprocity_exploitation,0.2,True,high,True,avg_reciprocity,0.575850,0.018042,50,0.570849,0.580851
nitti_subjective_trust,reciprocity_exploitation,0.2,True,high,True,avg_privacy_risk,0.499743,0.000224,50,0.499681,0.499806
nitti_subjective_trust,reciprocity_exploitation,0.2,True,high,True,avg_total_utility,0.511887,0.008200,50,0.509614,0.514159
nitti_subjective_trust,reciprocity_exploitation,0.2,True,high,True,avg_system_utility,0.696137,0.001826,50,0.695631,0.696643
nitti_subjective_trust,reciprocity_exploitation,0.2,True,high,True,avg_social_utility,0.467058,0.007854,50,0.464881,0.469235
nitti_subjective_trust,reciprocity_exploitation,0.2,True,high,True,avg_resource_utility,0.981834,0.000097,50,0.981808,0.981861
nitti_subjective_trust,reciprocity_exploitation,0.2,True,high,True,avg_privacy_utility,0.500000,0.000000,50,0.500000,0.500000
nitti_subjective_trust,reciprocity_exploitation,0.2,True,high,True,avg_incentive_utility,0.579520,0.003444,50,0.578566,0.580475
nitti_subjective_trust,reciprocity_exploitation,0.2,True,high,True,energy_consumed,0.064628,0.000390,50,0.064520,0.064736
nitti_subjective_trust,reciprocity_exploitation,0.2,True,high,True,bandwidth_consumed,0.274566,0.002416,50,0.273896,0.275235
nitti_subjective_trust,reciprocity_exploitation,0.2,True,high,True,compute_consumed,0.365409,0.003429,50,0.364458,0.366359
nitti_subjective_trust,reciprocity_exploitation,0.2,True,high,True,throughput_mbps,34.104000,0.688294,50,33.913215,34.294785
nitti_subjective_trust,reciprocity_exploitation,0.2,True,high,True,packet_delivery_ratio,0.610111,0.011846,50,0.606827,0.613394
nitti_subjective_trust,reciprocity_exploitation,0.2,True,high,True,e2e_delay_ms,96.850837,0.669526,50,96.665254,97.036420
nitti_subjective_trust,reciprocity_exploitation,0.2,True,high,True,active_nodes,49.960840,0.026745,50,49.953427,49.968253
nitti_subjective_trust,reciprocity_exploitation,0.2,True,high,True,reputation_honest,0.491131,0.035401,50,0.481318,0.500944
nitti_subjective_trust,reciprocity_exploitation,0.2,True,high,True,reputation_attacker,0.213555,0.011897,50,0.210258,0.216853
nitti_subjective_trust,reciprocity_exploitation,0.2,True,high,True,reputation_separation,0.277575,0.035112,50,0.267843,0.287308
nitti_subjective_trust,reciprocity_exploitation,0.2,True,high,True,attacker_defection_rate,0.900233,0.015269,50,0.896001,0.904465
nitti_subjective_trust,reciprocity_exploitation,0.2,True,high,True,decision_distortion,0.075554,0.004476,50,0.074314,0.076795
nitti_subjective_trust,reciprocity_exploitation,0.2,True,high,True,decision_distortion_evidenced,0.073322,0.006117,50,0.071627,0.075018
nitti_subjective_trust,reciprocity_exploitation,0.2,True,high,True,decision_distortion_counterfactual,0.088234,0.005636,50,0.086672,0.089796
nitti_subjective_trust,reciprocity_exploitation,0.2,True,high,True,decision_distortion_counterfactual_evidenced,0.091738,0.007831,50,0.089567,0.093908
nitti_subjective_trust,reciprocity_exploitation,0.3,True,high,True,generated_tasks,6.995720,0.036849,50,6.985506,7.005934
nitti_subjective_trust,reciprocity_exploitation,0.3,True,high,True,completed_tasks,4.063840,0.098675,50,4.036489,4.091191
nitti_subjective_trust,reciprocity_exploitation,0.3,True,high,True,attempted_interactions,6.991360,0.035607,50,6.981490,7.001230
nitti_subjective_trust,reciprocity_exploitation,0.3,True,high,True,successful_cooperations,4.063840,0.098675,50,4.036489,4.091191
nitti_subjective_trust,reciprocity_exploitation,0.3,True,high,True,failed_interactions,2.927520,0.107480,50,2.897728,2.957312
nitti_subjective_trust,reciprocity_exploitation,0.3,True,high,True,blocked_privacy_interactions,0.000000,0.000000,50,0.000000,0.000000
nitti_subjective_trust,reciprocity_exploitation,0.3,True,high,True,cooperation_rate,0.581349,0.014626,50,0.577294,0.585403
nitti_subjective_trust,reciprocity_exploitation,0.3,True,high,True,task_completion_ratio,0.581001,0.014678,50,0.576933,0.585070
nitti_subjective_trust,reciprocity_exploitation,0.3,True,high,True,reliability_score,0.581349,0.014626,50,0.577294,0.585403
nitti_subjective_trust,reciprocity_exploitation,0.3,True,high,True,resource_efficiency,0.562900,0.014206,50,0.558962,0.566838
nitti_subjective_trust,reciprocity_exploitation,0.3,True,high,True,fairness_index,0.772321,0.018538,50,0.767182,0.777459
nitti_subjective_trust,reciprocity_exploitation,0.3,True,high,True,trust_stability_index,0.719933,0.007688,50,0.717802,0.722064
nitti_subjective_trust,reciprocity_exploitation,0.3,True,high,True,privacy_exposure_risk,0.500000,0.000000,50,0.500000,0.500000
nitti_subjective_trust,reciprocity_exploitation,0.3,True,high,True,candidate_privacy_risk,0.499697,0.000271,50,0.499622,0.499772
nitti_subjective_trust,reciprocity_exploitation,0.3,True,high,True,accepted_privacy_exposure,0.500000,0.000000,50,0.500000,0.500000
nitti_subjective_trust,reciprocity_exploitation,0.3,True,high,True,avg_trust,0.434547,0.011595,50,0.431333,0.437761
nitti_subjective_trust,reciprocity_exploitation,0.3,True,high,True,trust_variance,0.070017,0.001922,50,0.069484,0.070550
nitti_subjective_trust,reciprocity_exploitation,0.3,True,high,True,avg_preference,0.534489,0.008697,50,0.532078,0.536900
nitti_subjective_trust,reciprocity_exploitation,0.3,True,high,True,avg_reciprocity,0.551207,0.021901,50,0.545136,0.557278
nitti_subjective_trust,reciprocity_exploitation,0.3,True,high,True,avg_privacy_risk,0.499697,0.000271,50,0.499622,0.499772
nitti_subjective_trust,reciprocity_exploitation,0.3,True,high,True,avg_total_utility,0.506626,0.007547,50,0.504534,0.508718
nitti_subjective_trust,reciprocity_exploitation,0.3,True,high,True,avg_system_utility,0.695005,0.001826,50,0.694499,0.695511
nitti_subjective_trust,reciprocity_exploitation,0.3,True,high,True,avg_social_utility,0.462290,0.007187,50,0.460297,0.464282
nitti_subjective_trust,reciprocity_exploitation,0.3,True,high,True,avg_resource_utility,0.981821,0.000079,50,0.981799,0.981843
nitti_subjective_trust,reciprocity_exploitation,0.3,True,high,True,avg_privacy_utility,0.500000,0.000000,50,0.500000,0.500000
nitti_subjective_trust,reciprocity_exploitation,0.3,True,high,True,avg_incentive_utility,0.577317,0.003192,50,0.576432,0.578202
nitti_subjective_trust,reciprocity_exploitation,0.3,True,high,True,energy_consumed,0.064621,0.000479,50,0.064488,0.064753
nitti_subjective_trust,reciprocity_exploitation,0.3,True,high,True,bandwidth_consumed,0.274326,0.002182,50,0.273721,0.274931
nitti_subjective_trust,reciprocity_exploitation,0.3,True,high,True,compute_consumed,0.366614,0.002729,50,0.365857,0.367370
nitti_subjective_trust,reciprocity_exploitation,0.3,True,high,True,throughput_mbps,32.510720,0.789401,50,32.291909,32.729531
nitti_subjective_trust,reciprocity_exploitation,0.3,True,high,True,packet_delivery_ratio,0.581349,0.014626,50,0.577294,0.585403
nitti_subjective_trust,reciprocity_exploitation,0.3,True,high,True,e2e_delay_ms,96.716477,0.501247,50,96.577538,96.855415
nitti_subjective_trust,reciprocity_exploitation,0.3,True,high,True,active_nodes,49.947960,0.036884,50,49.937736,49.958184
nitti_subjective_trust,reciprocity_exploitation,0.3,True,high,True,reputation_honest,0.506942,0.042083,50,0.495277,0.518607
nitti_subjective_trust,reciprocity_exploitation,0.3,True,high,True,reputation_attacker,0.207745,0.004702,50,0.206441,0.209048
nitti_subjective_trust,reciprocity_exploitation,0.3,True,high,True,reputation_separation,0.299197,0.041006,50,0.287831,0.310564
nitti_subjective_trust,reciprocity_exploitation,0.3,True,high,True,attacker_defection_rate,0.902485,0.014870,50,0.898363,0.906607
nitti_subjective_trust,reciprocity_exploitation,0.3,True,high,True,decision_distortion,0.074260,0.005291,50,0.072793,0.075727
nitti_subjective_trust,reciprocity_exploitation,0.3,True,high,True,decision_distortion_evidenced,0.071644,0.006480,50,0.069848,0.073441
nitti_subjective_trust,reciprocity_exploitation,0.3,True,high,True,decision_distortion_counterfactual,0.087633,0.006792,50,0.085750,0.089516
nitti_subjective_trust,reciprocity_exploitation,0.3,True,high,True,decision_distortion_counterfactual_evidenced,0.090446,0.008567,50,0.088071,0.092820
nitti_subjective_trust,reciprocity_exploitation,0.4,True,high,True,generated_tasks,6.995040,0.039383,50,6.984123,7.005957
nitti_subjective_trust,reciprocity_exploitation,0.4,True,high,True,completed_tasks,3.844920,0.108426,50,3.814866,3.874974
nitti_subjective_trust,reciprocity_exploitation,0.4,True,high,True,attempted_interactions,6.991200,0.039323,50,6.980300,7.002100
nitti_subjective_trust,reciprocity_exploitation,0.4,True,high,True,successful_cooperations,3.844920,0.108426,50,3.814866,3.874974
nitti_subjective_trust,reciprocity_exploitation,0.4,True,high,True,failed_interactions,3.146280,0.106962,50,3.116632,3.175928
nitti_subjective_trust,reciprocity_exploitation,0.4,True,high,True,blocked_privacy_interactions,0.000000,0.000000,50,0.000000,0.000000
nitti_subjective_trust,reciprocity_exploitation,0.4,True,high,True,cooperation_rate,0.550124,0.015030,50,0.545958,0.554291
nitti_subjective_trust,reciprocity_exploitation,0.4,True,high,True,task_completion_ratio,0.549816,0.015016,50,0.545654,0.553978
nitti_subjective_trust,reciprocity_exploitation,0.4,True,high,True,reliability_score,0.550124,0.015030,50,0.545958,0.554291
nitti_subjective_trust,reciprocity_exploitation,0.4,True,high,True,resource_efficiency,0.532706,0.014566,50,0.528669,0.536744
nitti_subjective_trust,reciprocity_exploitation,0.4,True,high,True,fairness_index,0.747900,0.018795,50,0.742691,0.753110
nitti_subjective_trust,reciprocity_exploitation,0.4,True,high,True,trust_stability_index,0.730713,0.008583,50,0.728334,0.733092
nitti_subjective_trust,reciprocity_exploitation,0.4,True,high,True,privacy_exposure_risk,0.500000,0.000000,50,0.500000,0.500000
nitti_subjective_trust,reciprocity_exploitation,0.4,True,high,True,candidate_privacy_risk,0.499728,0.000247,50,0.499659,0.499796
nitti_subjective_trust,reciprocity_exploitation,0.4,True,high,True,accepted_privacy_exposure,0.500000,0.000000,50,0.500000,0.500000
nitti_subjective_trust,reciprocity_exploitation,0.4,True,high,True,avg_trust,0.415126,0.010335,50,0.412261,0.417990
nitti_subjective_trust,reciprocity_exploitation,0.4,True,high,True,trust_variance,0.067322,0.002146,50,0.066727,0.067917
nitti_subjective_trust,reciprocity_exploitation,0.4,True,high,True,avg_preference,0.521616,0.007661,50,0.519492,0.523739
nitti_subjective_trust,reciprocity_exploitation,0.4,True,high,True,avg_reciprocity,0.537279,0.016050,50,0.532830,0.541728
nitti_subjective_trust,reciprocity_exploitation,0.4,True,high,True,avg_privacy_risk,0.499728,0.000247,50,0.499659,0.499796
nitti_subjective_trust,reciprocity_exploitation,0.4,True,high,True,avg_total_utility,0.501041,0.006537,50,0.499229,0.502853
nitti_subjective_trust,reciprocity_exploitation,0.4,True,high,True,avg_system_utility,0.693981,0.001290,50,0.693624,0.694339
nitti_subjective_trust,reciprocity_exploitation,0.4,True,high,True,avg_social_utility,0.457166,0.006334,50,0.455410,0.458922
nitti_subjective_trust,reciprocity_exploitation,0.4,True,high,True,avg_resource_utility,0.981834,0.000099,50,0.981807,0.981862
nitti_subjective_trust,reciprocity_exploitation,0.4,True,high,True,avg_privacy_utility,0.500000,0.000000,50,0.500000,0.500000
nitti_subjective_trust,reciprocity_exploitation,0.4,True,high,True,avg_incentive_utility,0.574986,0.002785,50,0.574214,0.575758
nitti_subjective_trust,reciprocity_exploitation,0.4,True,high,True,energy_consumed,0.064566,0.000507,50,0.064425,0.064707
nitti_subjective_trust,reciprocity_exploitation,0.4,True,high,True,bandwidth_consumed,0.274422,0.002482,50,0.273734,0.275110
nitti_subjective_trust,reciprocity_exploitation,0.4,True,high,True,compute_consumed,0.365963,0.003076,50,0.365111,0.366816
nitti_subjective_trust,reciprocity_exploitation,0.4,True,high,True,throughput_mbps,30.759360,0.867411,50,30.518926,30.999794
nitti_subjective_trust,reciprocity_exploitation,0.4,True,high,True,packet_delivery_ratio,0.550124,0.015030,50,0.545958,0.554291
nitti_subjective_trust,reciprocity_exploitation,0.4,True,high,True,e2e_delay_ms,96.376902,0.763908,50,96.165157,96.588646
nitti_subjective_trust,reciprocity_exploitation,0.4,True,high,True,active_nodes,49.943600,0.036183,50,49.933571,49.953629
nitti_subjective_trust,reciprocity_exploitation,0.4,True,high,True,reputation_honest,0.505252,0.048235,50,0.491882,0.518623
nitti_subjective_trust,reciprocity_exploitation,0.4,True,high,True,reputation_attacker,0.206783,0.005407,50,0.205284,0.208281
nitti_subjective_trust,reciprocity_exploitation,0.4,True,high,True,reputation_separation,0.298470,0.048853,50,0.284929,0.312011
nitti_subjective_trust,reciprocity_exploitation,0.4,True,high,True,attacker_defection_rate,0.900491,0.013516,50,0.896744,0.904237
nitti_subjective_trust,reciprocity_exploitation,0.4,True,high,True,decision_distortion,0.073054,0.006670,50,0.071206,0.074903
nitti_subjective_trust,reciprocity_exploitation,0.4,True,high,True,decision_distortion_evidenced,0.070270,0.007721,50,0.068130,0.072410
nitti_subjective_trust,reciprocity_exploitation,0.4,True,high,True,decision_distortion_counterfactual,0.087490,0.008690,50,0.085081,0.089899
nitti_subjective_trust,reciprocity_exploitation,0.4,True,high,True,decision_distortion_counterfactual_evidenced,0.089390,0.010218,50,0.086557,0.092222
nitti_subjective_trust,selective,0.1,True,high,True,generated_tasks,7.001600,0.037138,50,6.991306,7.011894
nitti_subjective_trust,selective,0.1,True,high,True,completed_tasks,4.419680,0.064312,50,4.401854,4.437506
nitti_subjective_trust,selective,0.1,True,high,True,attempted_interactions,6.999480,0.037281,50,6.989146,7.009814
nitti_subjective_trust,selective,0.1,True,high,True,successful_cooperations,4.419680,0.064312,50,4.401854,4.437506
nitti_subjective_trust,selective,0.1,True,high,True,failed_interactions,2.579800,0.060502,50,2.563030,2.596570
nitti_subjective_trust,selective,0.1,True,high,True,blocked_privacy_interactions,0.000000,0.000000,50,0.000000,0.000000
nitti_subjective_trust,selective,0.1,True,high,True,cooperation_rate,0.631176,0.008554,50,0.628805,0.633547
nitti_subjective_trust,selective,0.1,True,high,True,task_completion_ratio,0.630991,0.008561,50,0.628618,0.633364
nitti_subjective_trust,selective,0.1,True,high,True,reliability_score,0.631176,0.008554,50,0.628805,0.633547
nitti_subjective_trust,selective,0.1,True,high,True,resource_efficiency,0.611328,0.008271,50,0.609035,0.613620
nitti_subjective_trust,selective,0.1,True,high,True,fairness_index,0.812408,0.016692,50,0.807781,0.817034
nitti_subjective_trust,selective,0.1,True,high,True,trust_stability_index,0.707900,0.005878,50,0.706271,0.709529
nitti_subjective_trust,selective,0.1,True,high,True,privacy_exposure_risk,0.500000,0.000000,50,0.500000,0.500000
nitti_subjective_trust,selective,0.1,True,high,True,candidate_privacy_risk,0.499845,0.000168,50,0.499799,0.499892
nitti_subjective_trust,selective,0.1,True,high,True,accepted_privacy_exposure,0.500000,0.000000,50,0.500000,0.500000
nitti_subjective_trust,selective,0.1,True,high,True,avg_trust,0.472929,0.009499,50,0.470296,0.475562
nitti_subjective_trust,selective,0.1,True,high,True,trust_variance,0.073025,0.001470,50,0.072618,0.073432
nitti_subjective_trust,selective,0.1,True,high,True,avg_preference,0.561646,0.006862,50,0.559744,0.563548
nitti_subjective_trust,selective,0.1,True,high,True,avg_reciprocity,0.592433,0.015981,50,0.588003,0.596863
nitti_subjective_trust,selective,0.1,True,high,True,avg_privacy_risk,0.499845,0.000168,50,0.499799,0.499892
nitti_subjective_trust,selective,0.1,True,high,True,avg_total_utility,0.516245,0.007131,50,0.514268,0.518221
nitti_subjective_trust,selective,0.1,True,high,True,avg_system_utility,0.697302,0.001859,50,0.696786,0.697817
nitti_subjective_trust,selective,0.1,True,high,True,avg_social_utility,0.470922,0.006686,50,0.469069,0.472775
nitti_subjective_trust,selective,0.1,True,high,True,avg_resource_utility,0.981821,0.000078,50,0.981800,0.981843
nitti_subjective_trust,selective,0.1,True,high,True,avg_privacy_utility,0.500000,0.000000,50,0.500000,0.500000
nitti_subjective_trust,selective,0.1,True,high,True,avg_incentive_utility,0.581344,0.003019,50,0.580507,0.582181
nitti_subjective_trust,selective,0.1,True,high,True,energy_consumed,0.064782,0.000516,50,0.064639,0.064925
nitti_subjective_trust,selective,0.1,True,high,True,bandwidth_consumed,0.274701,0.002437,50,0.274026,0.275377
nitti_subjective_trust,selective,0.1,True,high,True,compute_consumed,0.366742,0.002925,50,0.365931,0.367552
nitti_subjective_trust,selective,0.1,True,high,True,throughput_mbps,35.357440,0.514498,50,35.214829,35.500051
nitti_subjective_trust,selective,0.1,True,high,True,packet_delivery_ratio,0.631176,0.008554,50,0.628805,0.633547
nitti_subjective_trust,selective,0.1,True,high,True,e2e_delay_ms,96.836844,0.758645,50,96.626558,97.047129
nitti_subjective_trust,selective,0.1,True,high,True,active_nodes,49.974160,0.020395,50,49.968507,49.979813
nitti_subjective_trust,selective,0.1,True,high,True,reputation_honest,0.481393,0.036666,50,0.471229,0.491556
nitti_subjective_trust,selective,0.1,True,high,True,reputation_attacker,0.212103,0.010297,50,0.209249,0.214957
nitti_subjective_trust,selective,0.1,True,high,True,reputation_separation,0.269289,0.038349,50,0.258660,0.279919
nitti_subjective_trust,selective,0.1,True,high,True,attacker_defection_rate,0.951447,0.021886,50,0.945380,0.957513
nitti_subjective_trust,selective,0.1,True,high,True,decision_distortion,0.074295,0.004497,50,0.073048,0.075541
nitti_subjective_trust,selective,0.1,True,high,True,decision_distortion_evidenced,0.071763,0.005534,50,0.070229,0.073297
nitti_subjective_trust,selective,0.1,True,high,True,decision_distortion_counterfactual,0.086079,0.005988,50,0.084419,0.087739
nitti_subjective_trust,selective,0.1,True,high,True,decision_distortion_counterfactual_evidenced,0.089634,0.007650,50,0.087513,0.091754
nitti_subjective_trust,selective,0.2,True,high,True,generated_tasks,6.997760,0.036658,50,6.987599,7.007921
nitti_subjective_trust,selective,0.2,True,high,True,completed_tasks,4.268440,0.093738,50,4.242457,4.294423
nitti_subjective_trust,selective,0.2,True,high,True,attempted_interactions,6.994560,0.036721,50,6.984382,7.004738
nitti_subjective_trust,selective,0.2,True,high,True,successful_cooperations,4.268440,0.093738,50,4.242457,4.294423
nitti_subjective_trust,selective,0.2,True,high,True,failed_interactions,2.726120,0.089716,50,2.701252,2.750988
nitti_subjective_trust,selective,0.2,True,high,True,blocked_privacy_interactions,0.000000,0.000000,50,0.000000,0.000000
nitti_subjective_trust,selective,0.2,True,high,True,cooperation_rate,0.610218,0.012933,50,0.606633,0.613803
nitti_subjective_trust,selective,0.2,True,high,True,task_completion_ratio,0.609960,0.012952,50,0.606370,0.613550
nitti_subjective_trust,selective,0.2,True,high,True,reliability_score,0.610218,0.012933,50,0.606633,0.613803
nitti_subjective_trust,selective,0.2,True,high,True,resource_efficiency,0.590984,0.012567,50,0.587500,0.594467
nitti_subjective_trust,selective,0.2,True,high,True,fairness_index,0.790551,0.016591,50,0.785952,0.795150
nitti_subjective_trust,selective,0.2,True,high,True,trust_stability_index,0.711609,0.006719,50,0.709746,0.713471
nitti_subjective_trust,selective,0.2,True,high,True,privacy_exposure_risk,0.500000,0.000000,50,0.500000,0.500000
nitti_subjective_trust,selective,0.2,True,high,True,candidate_privacy_risk,0.499769,0.000239,50,0.499703,0.499835
nitti_subjective_trust,selective,0.2,True,high,True,accepted_privacy_exposure,0.500000,0.000000,50,0.500000,0.500000
nitti_subjective_trust,selective,0.2,True,high,True,avg_trust,0.455185,0.012508,50,0.451718,0.458652
nitti_subjective_trust,selective,0.2,True,high,True,trust_variance,0.072098,0.001680,50,0.071632,0.072563
nitti_subjective_trust,selective,0.2,True,high,True,avg_preference,0.549174,0.008606,50,0.546788,0.551559
nitti_subjective_trust,selective,0.2,True,high,True,avg_reciprocity,0.574778,0.016940,50,0.570082,0.579473
nitti_subjective_trust,selective,0.2,True,high,True,avg_privacy_risk,0.499769,0.000239,50,0.499703,0.499835
nitti_subjective_trust,selective,0.2,True,high,True,avg_total_utility,0.512631,0.006716,50,0.510770,0.514493
nitti_subjective_trust,selective,0.2,True,high,True,avg_system_utility,0.696720,0.001923,50,0.696187,0.697253
nitti_subjective_trust,selective,0.2,True,high,True,avg_social_utility,0.467596,0.006341,50,0.465838,0.469353
nitti_subjective_trust,selective,0.2,True,high,True,avg_resource_utility,0.981843,0.000087,50,0.981819,0.981867
nitti_subjective_trust,selective,0.2,True,high,True,avg_privacy_utility,0.500000,0.000000,50,0.500000,0.500000
nitti_subjective_trust,selective,0.2,True,high,True,avg_incentive_utility,0.579855,0.002822,50,0.579072,0.580637
nitti_subjective_trust,selective,0.2,True,high,True,energy_consumed,0.064593,0.000446,50,0.064469,0.064716
nitti_subjective_trust,selective,0.2,True,high,True,bandwidth_consumed,0.274327,0.002025,50,0.273766,0.274889
nitti_subjective_trust,selective,0.2,True,high,True,compute_consumed,0.366032,0.002760,50,0.365267,0.366797
nitti_subjective_trust,selective,0.2,True,high,True,throughput_mbps,34.147520,0.749904,50,33.939657,34.355383
nitti_subjective_trust,selective,0.2,True,high,True,packet_delivery_ratio,0.610218,0.012933,50,0.606633,0.613803
nitti_subjective_trust,selective,0.2,True,high,True,e2e_delay_ms,96.626326,0.539768,50,96.476710,96.775943
nitti_subjective_trust,selective,0.2,True,high,True,active_nodes,49.962760,0.024334,50,49.956015,49.969505
nitti_subjective_trust,selective,0.2,True,high,True,reputation_honest,0.497090,0.037309,50,0.486748,0.507431
nitti_subjective_trust,selective,0.2,True,high,True,reputation_attacker,0.210060,0.006029,50,0.208389,0.211731
nitti_subjective_trust,selective,0.2,True,high,True,reputation_separation,0.287030,0.037735,50,0.276570,0.297489
nitti_subjective_trust,selective,0.2,True,high,True,attacker_defection_rate,0.948304,0.012960,50,0.944712,0.951896
nitti_subjective_trust,selective,0.2,True,high,True,decision_distortion,0.075773,0.004979,50,0.074393,0.077153
nitti_subjective_trust,selective,0.2,True,high,True,decision_distortion_evidenced,0.073340,0.006710,50,0.071480,0.075200
nitti_subjective_trust,selective,0.2,True,high,True,decision_distortion_counterfactual,0.088479,0.006346,50,0.086720,0.090238
nitti_subjective_trust,selective,0.2,True,high,True,decision_distortion_counterfactual_evidenced,0.091704,0.008652,50,0.089305,0.094102
nitti_subjective_trust,selective,0.3,True,high,True,generated_tasks,7.004800,0.036041,50,6.994810,7.014790
nitti_subjective_trust,selective,0.3,True,high,True,completed_tasks,4.068800,0.107715,50,4.038943,4.098657
nitti_subjective_trust,selective,0.3,True,high,True,attempted_interactions,7.001520,0.035776,50,6.991603,7.011437
nitti_subjective_trust,selective,0.3,True,high,True,successful_cooperations,4.068800,0.107715,50,4.038943,4.098657
nitti_subjective_trust,selective,0.3,True,high,True,failed_interactions,2.932720,0.112304,50,2.901591,2.963849
nitti_subjective_trust,selective,0.3,True,high,True,blocked_privacy_interactions,0.000000,0.000000,50,0.000000,0.000000
nitti_subjective_trust,selective,0.3,True,high,True,cooperation_rate,0.581216,0.015461,50,0.576930,0.585501
nitti_subjective_trust,selective,0.3,True,high,True,task_completion_ratio,0.580965,0.015513,50,0.576665,0.585265
nitti_subjective_trust,selective,0.3,True,high,True,reliability_score,0.581216,0.015461,50,0.576930,0.585501
nitti_subjective_trust,selective,0.3,True,high,True,resource_efficiency,0.562872,0.015049,50,0.558700,0.567043
nitti_subjective_trust,selective,0.3,True,high,True,fairness_index,0.771629,0.019088,50,0.766338,0.776920
nitti_subjective_trust,selective,0.3,True,high,True,trust_stability_index,0.720193,0.008172,50,0.717927,0.722458
nitti_subjective_trust,selective,0.3,True,high,True,privacy_exposure_risk,0.500000,0.000000,50,0.500000,0.500000
nitti_subjective_trust,selective,0.3,True,high,True,candidate_privacy_risk,0.499769,0.000276,50,0.499693,0.499846
nitti_subjective_trust,selective,0.3,True,high,True,accepted_privacy_exposure,0.500000,0.000000,50,0.500000,0.500000
nitti_subjective_trust,selective,0.3,True,high,True,avg_trust,0.433573,0.012271,50,0.430171,0.436974
nitti_subjective_trust,selective,0.3,True,high,True,trust_variance,0.069952,0.002043,50,0.069386,0.070518
nitti_subjective_trust,selective,0.3,True,high,True,avg_preference,0.534112,0.009061,50,0.531600,0.536623
nitti_subjective_trust,selective,0.3,True,high,True,avg_reciprocity,0.555200,0.018632,50,0.550035,0.560364
nitti_subjective_trust,selective,0.3,True,high,True,avg_privacy_risk,0.499769,0.000276,50,0.499693,0.499846
nitti_subjective_trust,selective,0.3,True,high,True,avg_total_utility,0.506389,0.007085,50,0.504425,0.508353
nitti_subjective_trust,selective,0.3,True,high,True,avg_system_utility,0.695121,0.001483,50,0.694710,0.695532
nitti_subjective_trust,selective,0.3,True,high,True,avg_social_utility,0.462026,0.006869,50,0.460122,0.463930
nitti_subjective_trust,selective,0.3,True,high,True,avg_resource_utility,0.981832,0.000097,50,0.981805,0.981859
nitti_subjective_trust,selective,0.3,True,high,True,avg_privacy_utility,0.500000,0.000000,50,0.500000,0.500000
nitti_subjective_trust,selective,0.3,True,high,True,avg_incentive_utility,0.577232,0.003000,50,0.576401,0.578064
nitti_subjective_trust,selective,0.3,True,high,True,energy_consumed,0.064722,0.000522,50,0.064577,0.064866
nitti_subjective_trust,selective,0.3,True,high,True,bandwidth_consumed,0.274697,0.002190,50,0.274090,0.275304
nitti_subjective_trust,selective,0.3,True,high,True,compute_consumed,0.366584,0.003341,50,0.365658,0.367510
nitti_subjective_trust,selective,0.3,True,high,True,throughput_mbps,32.550400,0.861723,50,32.311542,32.789258
nitti_subjective_trust,selective,0.3,True,high,True,packet_delivery_ratio,0.581216,0.015461,50,0.576930,0.585501
nitti_subjective_trust,selective,0.3,True,high,True,e2e_delay_ms,96.595141,0.629789,50,96.420572,96.769710
nitti_subjective_trust,selective,0.3,True,high,True,active_nodes,49.961560,0.028346,50,49.953703,49.969417
nitti_subjective_trust,selective,0.3,True,high,True,reputation_honest,0.502307,0.034250,50,0.492813,0.511801
nitti_subjective_trust,selective,0.3,True,high,True,reputation_attacker,0.206419,0.003571,50,0.205429,0.207409
nitti_subjective_trust,selective,0.3,True,high,True,reputation_separation,0.295888,0.033343,50,0.286645,0.305130
nitti_subjective_trust,selective,0.3,True,high,True,attacker_defection_rate,0.949998,0.012063,50,0.946655,0.953342
nitti_subjective_trust,selective,0.3,True,high,True,decision_distortion,0.073615,0.004467,50,0.072377,0.074853
nitti_subjective_trust,selective,0.3,True,high,True,decision_distortion_evidenced,0.070520,0.005250,50,0.069065,0.071976
nitti_subjective_trust,selective,0.3,True,high,True,decision_distortion_counterfactual,0.087284,0.005928,50,0.085641,0.088927
nitti_subjective_trust,selective,0.3,True,high,True,decision_distortion_counterfactual_evidenced,0.089529,0.007497,50,0.087451,0.091606
nitti_subjective_trust,selective,0.4,True,high,True,generated_tasks,6.997120,0.041491,50,6.985619,7.008621
nitti_subjective_trust,selective,0.4,True,high,True,completed_tasks,3.815560,0.099152,50,3.788077,3.843043
nitti_subjective_trust,selective,0.4,True,high,True,attempted_interactions,6.991640,0.042345,50,6.979903,7.003377
nitti_subjective_trust,selective,0.4,True,high,True,successful_cooperations,3.815560,0.099152,50,3.788077,3.843043
nitti_subjective_trust,selective,0.4,True,high,True,failed_interactions,3.176080,0.103512,50,3.147388,3.204772
nitti_subjective_trust,selective,0.4,True,high,True,blocked_privacy_interactions,0.000000,0.000000,50,0.000000,0.000000
nitti_subjective_trust,selective,0.4,True,high,True,cooperation_rate,0.545594,0.014366,50,0.541612,0.549576
nitti_subjective_trust,selective,0.4,True,high,True,task_completion_ratio,0.545146,0.014395,50,0.541156,0.549136
nitti_subjective_trust,selective,0.4,True,high,True,reliability_score,0.545594,0.014366,50,0.541612,0.549576
nitti_subjective_trust,selective,0.4,True,high,True,resource_efficiency,0.528176,0.013942,50,0.524311,0.532041
nitti_subjective_trust,selective,0.4,True,high,True,fairness_index,0.740369,0.017442,50,0.735535,0.745204
nitti_subjective_trust,selective,0.4,True,high,True,trust_stability_index,0.730867,0.009454,50,0.728247,0.733488
nitti_subjective_trust,selective,0.4,True,high,True,privacy_exposure_risk,0.500000,0.000000,50,0.500000,0.500000
nitti_subjective_trust,selective,0.4,True,high,True,candidate_privacy_risk,0.499618,0.000264,50,0.499545,0.499691
nitti_subjective_trust,selective,0.4,True,high,True,accepted_privacy_exposure,0.500000,0.000000,50,0.500000,0.500000
nitti_subjective_trust,selective,0.4,True,high,True,avg_trust,0.413262,0.011817,50,0.409986,0.416538
nitti_subjective_trust,selective,0.4,True,high,True,trust_variance,0.067283,0.002363,50,0.066628,0.067938
nitti_subjective_trust,selective,0.4,True,high,True,avg_preference,0.520031,0.007881,50,0.517847,0.522216
nitti_subjective_trust,selective,0.4,True,high,True,avg_reciprocity,0.535817,0.017266,50,0.531031,0.540603
nitti_subjective_trust,selective,0.4,True,high,True,avg_privacy_risk,0.499618,0.000264,50,0.499545,0.499691
nitti_subjective_trust,selective,0.4,True,high,True,avg_total_utility,0.500030,0.006413,50,0.498252,0.501807
nitti_subjective_trust,selective,0.4,True,high,True,avg_system_utility,0.693578,0.001678,50,0.693112,0.694043
nitti_subjective_trust,selective,0.4,True,high,True,avg_social_utility,0.456347,0.006127,50,0.454649,0.458046
nitti_subjective_trust,selective,0.4,True,high,True,avg_resource_utility,0.981830,0.000095,50,0.981803,0.981856
nitti_subjective_trust,selective,0.4,True,high,True,avg_privacy_utility,0.500000,0.000000,50,0.500000,0.500000
nitti_subjective_trust,selective,0.4,True,high,True,avg_incentive_utility,0.574586,0.002722,50,0.573832,0.575341
nitti_subjective_trust,selective,0.4,True,high,True,energy_consumed,0.064614,0.000536,50,0.064466,0.064763
nitti_subjective_trust,selective,0.4,True,high,True,bandwidth_consumed,0.274391,0.002540,50,0.273687,0.275095
nitti_subjective_trust,selective,0.4,True,high,True,compute_consumed,0.366146,0.002944,50,0.365330,0.366962
nitti_subjective_trust,selective,0.4,True,high,True,throughput_mbps,30.524480,0.793214,50,30.304612,30.744348
nitti_subjective_trust,selective,0.4,True,high,True,packet_delivery_ratio,0.545594,0.014366,50,0.541612,0.549576
nitti_subjective_trust,selective,0.4,True,high,True,e2e_delay_ms,96.306559,0.786421,50,96.088575,96.524544
nitti_subjective_trust,selective,0.4,True,high,True,active_nodes,49.941640,0.027947,50,49.933894,49.949386
nitti_subjective_trust,selective,0.4,True,high,True,reputation_honest,0.511416,0.040219,50,0.500268,0.522565
nitti_subjective_trust,selective,0.4,True,high,True,reputation_attacker,0.204928,0.003008,50,0.204094,0.205762
nitti_subjective_trust,selective,0.4,True,high,True,reputation_separation,0.306488,0.040169,50,0.295354,0.317622
nitti_subjective_trust,selective,0.4,True,high,True,attacker_defection_rate,0.950276,0.009831,50,0.947551,0.953001
nitti_subjective_trust,selective,0.4,True,high,True,decision_distortion,0.074034,0.007373,50,0.071990,0.076077
nitti_subjective_trust,selective,0.4,True,high,True,decision_distortion_evidenced,0.071963,0.009354,50,0.069370,0.074556
nitti_subjective_trust,selective,0.4,True,high,True,decision_distortion_counterfactual,0.088676,0.009588,50,0.086018,0.091333
nitti_subjective_trust,selective,0.4,True,high,True,decision_distortion_counterfactual_evidenced,0.091142,0.012149,50,0.087775,0.094510
nitti_subjective_trust,sybil,0.1,True,high,True,generated_tasks,6.992480,0.038502,50,6.981808,7.003152
nitti_subjective_trust,sybil,0.1,True,high,True,completed_tasks,4.440840,0.067775,50,4.422054,4.459626
nitti_subjective_trust,sybil,0.1,True,high,True,attempted_interactions,6.990160,0.038490,50,6.979491,7.000829
nitti_subjective_trust,sybil,0.1,True,high,True,successful_cooperations,4.440840,0.067775,50,4.422054,4.459626
nitti_subjective_trust,sybil,0.1,True,high,True,failed_interactions,2.549320,0.058174,50,2.533195,2.565445
nitti_subjective_trust,sybil,0.1,True,high,True,blocked_privacy_interactions,0.000000,0.000000,50,0.000000,0.000000
nitti_subjective_trust,sybil,0.1,True,high,True,cooperation_rate,0.635097,0.008422,50,0.632763,0.637431
nitti_subjective_trust,sybil,0.1,True,high,True,task_completion_ratio,0.634900,0.008440,50,0.632561,0.637240
nitti_subjective_trust,sybil,0.1,True,high,True,reliability_score,0.635097,0.008422,50,0.632763,0.637431
nitti_subjective_trust,sybil,0.1,True,high,True,resource_efficiency,0.615097,0.008175,50,0.612831,0.617363
nitti_subjective_trust,sybil,0.1,True,high,True,fairness_index,0.811805,0.016005,50,0.807369,0.816241
nitti_subjective_trust,sybil,0.1,True,high,True,trust_stability_index,0.706755,0.005698,50,0.705176,0.708334
nitti_subjective_trust,sybil,0.1,True,high,True,privacy_exposure_risk,0.500000,0.000000,50,0.500000,0.500000
nitti_subjective_trust,sybil,0.1,True,high,True,candidate_privacy_risk,0.499833,0.000188,50,0.499781,0.499885
nitti_subjective_trust,sybil,0.1,True,high,True,accepted_privacy_exposure,0.500000,0.000000,50,0.500000,0.500000
nitti_subjective_trust,sybil,0.1,True,high,True,avg_trust,0.475366,0.009058,50,0.472855,0.477877
nitti_subjective_trust,sybil,0.1,True,high,True,trust_variance,0.073311,0.001424,50,0.072916,0.073706
nitti_subjective_trust,sybil,0.1,True,high,True,avg_preference,0.563135,0.006606,50,0.561304,0.564967
nitti_subjective_trust,sybil,0.1,True,high,True,avg_reciprocity,0.592645,0.017064,50,0.587915,0.597375
nitti_subjective_trust,sybil,0.1,True,high,True,avg_privacy_risk,0.499833,0.000188,50,0.499781,0.499885
nitti_subjective_trust,sybil,0.1,True,high,True,avg_total_utility,0.516952,0.006967,50,0.515021,0.518883
nitti_subjective_trust,sybil,0.1,True,high,True,avg_system_utility,0.697479,0.001804,50,0.696978,0.697979
nitti_subjective_trust,sybil,0.1,True,high,True,avg_social_utility,0.471588,0.006464,50,0.469797,0.473380
nitti_subjective_trust,sybil,0.1,True,high,True,avg_resource_utility,0.981808,0.000079,50,0.981786,0.981830
nitti_subjective_trust,sybil,0.1,True,high,True,avg_privacy_utility,0.500000,0.000000,50,0.500000,0.500000
nitti_subjective_trust,sybil,0.1,True,high,True,avg_incentive_utility,0.581669,0.002953,50,0.580850,0.582487
nitti_subjective_trust,sybil,0.1,True,high,True,energy_consumed,0.064598,0.000479,50,0.064465,0.064731
nitti_subjective_trust,sybil,0.1,True,high,True,bandwidth_consumed,0.274737,0.002280,50,0.274105,0.275369
nitti_subjective_trust,sybil,0.1,True,high,True,compute_consumed,0.366650,0.002801,50,0.365874,0.367427
nitti_subjective_trust,sybil,0.1,True,high,True,throughput_mbps,35.526720,0.542202,50,35.376429,35.677011
nitti_subjective_trust,sybil,0.1,True,high,True,packet_delivery_ratio,0.635097,0.008422,50,0.632763,0.637431
nitti_subjective_trust,sybil,0.1,True,high,True,e2e_delay_ms,96.743211,0.558100,50,96.588514,96.897909
nitti_subjective_trust,sybil,0.1,True,high,True,active_nodes,49.967960,0.029153,50,49.959879,49.976041
nitti_subjective_trust,sybil,0.1,True,high,True,reputation_honest,0.483701,0.037084,50,0.473422,0.493980
nitti_subjective_trust,sybil,0.1,True,high,True,reputation_attacker,0.226354,0.034422,50,0.216813,0.235895
nitti_subjective_trust,sybil,0.1,True,high,True,reputation_separation,0.257347,0.049985,50,0.243492,0.271202
nitti_subjective_trust,sybil,0.1,True,high,True,attacker_defection_rate,0.866703,0.108862,50,0.836528,0.896877
nitti_subjective_trust,sybil,0.1,True,high,True,decision_distortion,0.074266,0.004103,50,0.073128,0.075403
nitti_subjective_trust,sybil,0.1,True,high,True,decision_distortion_evidenced,0.071414,0.004804,50,0.070082,0.072745
nitti_subjective_trust,sybil,0.1,True,high,True,decision_distortion_counterfactual,0.086227,0.004950,50,0.084855,0.087599
nitti_subjective_trust,sybil,0.1,True,high,True,decision_distortion_counterfactual_evidenced,0.089432,0.006291,50,0.087688,0.091176
nitti_subjective_trust,sybil,0.2,True,high,True,generated_tasks,6.997800,0.038092,50,6.987242,7.008358
nitti_subjective_trust,sybil,0.2,True,high,True,completed_tasks,4.295320,0.080138,50,4.273107,4.317533
nitti_subjective_trust,sybil,0.2,True,high,True,attempted_interactions,6.994360,0.037542,50,6.983954,7.004766
nitti_subjective_trust,sybil,0.2,True,high,True,successful_cooperations,4.295320,0.080138,50,4.273107,4.317533
nitti_subjective_trust,sybil,0.2,True,high,True,failed_interactions,2.699040,0.065626,50,2.680849,2.717231
nitti_subjective_trust,sybil,0.2,True,high,True,blocked_privacy_interactions,0.000000,0.000000,50,0.000000,0.000000
nitti_subjective_trust,sybil,0.2,True,high,True,cooperation_rate,0.614186,0.009945,50,0.611429,0.616942
nitti_subjective_trust,sybil,0.2,True,high,True,task_completion_ratio,0.613889,0.009897,50,0.611146,0.616632
nitti_subjective_trust,sybil,0.2,True,high,True,reliability_score,0.614186,0.009945,50,0.611429,0.616942
nitti_subjective_trust,sybil,0.2,True,high,True,resource_efficiency,0.594760,0.009609,50,0.592096,0.597423
nitti_subjective_trust,sybil,0.2,True,high,True,fairness_index,0.797354,0.018502,50,0.792225,0.802482
nitti_subjective_trust,sybil,0.2,True,high,True,trust_stability_index,0.709620,0.006538,50,0.707808,0.711432
nitti_subjective_trust,sybil,0.2,True,high,True,privacy_exposure_risk,0.500000,0.000000,50,0.500000,0.500000
nitti_subjective_trust,sybil,0.2,True,high,True,candidate_privacy_risk,0.499757,0.000242,50,0.499690,0.499824
nitti_subjective_trust,sybil,0.2,True,high,True,accepted_privacy_exposure,0.500000,0.000000,50,0.500000,0.500000
nitti_subjective_trust,sybil,0.2,True,high,True,avg_trust,0.458489,0.010897,50,0.455469,0.461510
nitti_subjective_trust,sybil,0.2,True,high,True,trust_variance,0.072595,0.001635,50,0.072142,0.073048
nitti_subjective_trust,sybil,0.2,True,high,True,avg_preference,0.551351,0.007647,50,0.549231,0.553470
nitti_subjective_trust,sybil,0.2,True,high,True,avg_reciprocity,0.576931,0.017485,50,0.572085,0.581778
nitti_subjective_trust,sybil,0.2,True,high,True,avg_privacy_risk,0.499757,0.000242,50,0.499690,0.499824
nitti_subjective_trust,sybil,0.2,True,high,True,avg_total_utility,0.512385,0.007671,50,0.510258,0.514511
nitti_subjective_trust,sybil,0.2,True,high,True,avg_system_utility,0.696457,0.002089,50,0.695878,0.697036
nitti_subjective_trust,sybil,0.2,True,high,True,avg_social_utility,0.467435,0.007020,50,0.465489,0.469381
nitti_subjective_trust,sybil,0.2,True,high,True,avg_resource_utility,0.981824,0.000104,50,0.981795,0.981853
nitti_subjective_trust,sybil,0.2,True,high,True,avg_privacy_utility,0.500000,0.000000,50,0.500000,0.500000
nitti_subjective_trust,sybil,0.2,True,high,True,avg_incentive_utility,0.579734,0.003232,50,0.578838,0.580630
nitti_subjective_trust,sybil,0.2,True,high,True,energy_consumed,0.064703,0.000449,50,0.064579,0.064828
nitti_subjective_trust,sybil,0.2,True,high,True,bandwidth_consumed,0.274740,0.002593,50,0.274021,0.275459
nitti_subjective_trust,sybil,0.2,True,high,True,compute_consumed,0.366229,0.003164,50,0.365352,0.367106
nitti_subjective_trust,sybil,0.2,True,high,True,throughput_mbps,34.362560,0.641106,50,34.184854,34.540266
nitti_subjective_trust,sybil,0.2,True,high,True,packet_delivery_ratio,0.614186,0.009945,50,0.611429,0.616942
nitti_subjective_trust,sybil,0.2,True,high,True,e2e_delay_ms,96.786695,0.659572,50,96.603871,96.969519
nitti_subjective_trust,sybil,0.2,True,high,True,active_nodes,49.958440,0.029079,50,49.950380,49.966500
nitti_subjective_trust,sybil,0.2,True,high,True,reputation_honest,0.496165,0.034268,50,0.486666,0.505663
nitti_subjective_trust,sybil,0.2,True,high,True,reputation_attacker,0.231432,0.028158,50,0.223627,0.239237
nitti_subjective_trust,sybil,0.2,True,high,True,reputation_separation,0.264732,0.038507,50,0.254059,0.275406
nitti_subjective_trust,sybil,0.2,True,high,True,attacker_defection_rate,0.832550,0.075411,50,0.811647,0.853453
nitti_subjective_trust,sybil,0.2,True,high,True,decision_distortion,0.074707,0.004633,50,0.073423,0.075991
nitti_subjective_trust,sybil,0.2,True,high,True,decision_distortion_evidenced,0.072306,0.005840,50,0.070687,0.073925
nitti_subjective_trust,sybil,0.2,True,high,True,decision_distortion_counterfactual,0.087688,0.006117,50,0.085993,0.089384
nitti_subjective_trust,sybil,0.2,True,high,True,decision_distortion_counterfactual_evidenced,0.091076,0.008105,50,0.088829,0.093322
nitti_subjective_trust,sybil,0.3,True,high,True,generated_tasks,7.002200,0.029852,50,6.993925,7.010475
nitti_subjective_trust,sybil,0.3,True,high,True,completed_tasks,4.121120,0.096476,50,4.094378,4.147862
nitti_subjective_trust,sybil,0.3,True,high,True,attempted_interactions,6.998840,0.029377,50,6.990697,7.006983
nitti_subjective_trust,sybil,0.3,True,high,True,successful_cooperations,4.121120,0.096476,50,4.094378,4.147862
nitti_subjective_trust,sybil,0.3,True,high,True,failed_interactions,2.877720,0.098533,50,2.850408,2.905032
nitti_subjective_trust,sybil,0.3,True,high,True,blocked_privacy_interactions,0.000000,0.000000,50,0.000000,0.000000
nitti_subjective_trust,sybil,0.3,True,high,True,cooperation_rate,0.589094,0.013900,50,0.585241,0.592947
nitti_subjective_trust,sybil,0.3,True,high,True,task_completion_ratio,0.588824,0.013959,50,0.584955,0.592693
nitti_subjective_trust,sybil,0.3,True,high,True,reliability_score,0.589094,0.013900,50,0.585241,0.592947
nitti_subjective_trust,sybil,0.3,True,high,True,resource_efficiency,0.570491,0.013529,50,0.566741,0.574241
nitti_subjective_trust,sybil,0.3,True,high,True,fairness_index,0.782775,0.018117,50,0.777753,0.787797
nitti_subjective_trust,sybil,0.3,True,high,True,trust_stability_index,0.716989,0.007656,50,0.714867,0.719111
nitti_subjective_trust,sybil,0.3,True,high,True,privacy_exposure_risk,0.500000,0.000000,50,0.500000,0.500000
nitti_subjective_trust,sybil,0.3,True,high,True,candidate_privacy_risk,0.499767,0.000214,50,0.499707,0.499826
nitti_subjective_trust,sybil,0.3,True,high,True,accepted_privacy_exposure,0.500000,0.000000,50,0.500000,0.500000
nitti_subjective_trust,sybil,0.3,True,high,True,avg_trust,0.438001,0.011834,50,0.434720,0.441281
nitti_subjective_trust,sybil,0.3,True,high,True,trust_variance,0.070753,0.001914,50,0.070222,0.071283
nitti_subjective_trust,sybil,0.3,True,high,True,avg_preference,0.536418,0.009084,50,0.533900,0.538936
nitti_subjective_trust,sybil,0.3,True,high,True,avg_reciprocity,0.553388,0.021085,50,0.547544,0.559232
nitti_subjective_trust,sybil,0.3,True,high,True,avg_privacy_risk,0.499767,0.000214,50,0.499707,0.499826
nitti_subjective_trust,sybil,0.3,True,high,True,avg_total_utility,0.507659,0.007565,50,0.505562,0.509756
nitti_subjective_trust,sybil,0.3,True,high,True,avg_system_utility,0.695478,0.001857,50,0.694964,0.695993
nitti_subjective_trust,sybil,0.3,True,high,True,avg_social_utility,0.463137,0.007065,50,0.461178,0.465095
nitti_subjective_trust,sybil,0.3,True,high,True,avg_resource_utility,0.981827,0.000082,50,0.981804,0.981849
nitti_subjective_trust,sybil,0.3,True,high,True,avg_privacy_utility,0.500000,0.000000,50,0.500000,0.500000
nitti_subjective_trust,sybil,0.3,True,high,True,avg_incentive_utility,0.577756,0.003204,50,0.576868,0.578644
nitti_subjective_trust,sybil,0.3,True,high,True,energy_consumed,0.064669,0.000486,50,0.064534,0.064804
nitti_subjective_trust,sybil,0.3,True,high,True,bandwidth_consumed,0.274879,0.002254,50,0.274255,0.275504
nitti_subjective_trust,sybil,0.3,True,high,True,compute_consumed,0.366456,0.002820,50,0.365675,0.367238
nitti_subjective_trust,sybil,0.3,True,high,True,throughput_mbps,32.968960,0.771808,50,32.755026,33.182894
nitti_subjective_trust,sybil,0.3,True,high,True,packet_delivery_ratio,0.589094,0.013900,50,0.585241,0.592947
nitti_subjective_trust,sybil,0.3,True,high,True,e2e_delay_ms,96.723410,0.658509,50,96.540880,96.905939
nitti_subjective_trust,sybil,0.3,True,high,True,active_nodes,49.959120,0.029090,50,49.951057,49.967183
nitti_subjective_trust,sybil,0.3,True,high,True,reputation_honest,0.493501,0.038086,50,0.482944,0.504058
nitti_subjective_trust,sybil,0.3,True,high,True,reputation_attacker,0.231427,0.028518,50,0.223523,0.239332
nitti_subjective_trust,sybil,0.3,True,high,True,reputation_separation,0.262074,0.044471,50,0.249747,0.274401
nitti_subjective_trust,sybil,0.3,True,high,True,attacker_defection_rate,0.820985,0.055718,50,0.805541,0.836430
nitti_subjective_trust,sybil,0.3,True,high,True,decision_distortion,0.073322,0.005495,50,0.071799,0.074845
nitti_subjective_trust,sybil,0.3,True,high,True,decision_distortion_evidenced,0.071126,0.006696,50,0.069270,0.072982
nitti_subjective_trust,sybil,0.3,True,high,True,decision_distortion_counterfactual,0.087587,0.006682,50,0.085735,0.089439
nitti_subjective_trust,sybil,0.3,True,high,True,decision_distortion_counterfactual_evidenced,0.090764,0.008619,50,0.088375,0.093153
nitti_subjective_trust,sybil,0.4,True,high,True,generated_tasks,6.994120,0.040691,50,6.982841,7.005399
nitti_subjective_trust,sybil,0.4,True,high,True,completed_tasks,3.933800,0.100237,50,3.906016,3.961584
nitti_subjective_trust,sybil,0.4,True,high,True,attempted_interactions,6.990280,0.040378,50,6.979088,7.001472
nitti_subjective_trust,sybil,0.4,True,high,True,successful_cooperations,3.933800,0.100237,50,3.906016,3.961584
nitti_subjective_trust,sybil,0.4,True,high,True,failed_interactions,3.056480,0.090680,50,3.031345,3.081615
nitti_subjective_trust,sybil,0.4,True,high,True,blocked_privacy_interactions,0.000000,0.000000,50,0.000000,0.000000
nitti_subjective_trust,sybil,0.4,True,high,True,cooperation_rate,0.562777,0.013545,50,0.559023,0.566532
nitti_subjective_trust,sybil,0.4,True,high,True,task_completion_ratio,0.562486,0.013577,50,0.558722,0.566249
nitti_subjective_trust,sybil,0.4,True,high,True,reliability_score,0.562777,0.013545,50,0.559023,0.566532
nitti_subjective_trust,sybil,0.4,True,high,True,resource_efficiency,0.544965,0.013145,50,0.541322,0.548609
nitti_subjective_trust,sybil,0.4,True,high,True,fairness_index,0.761407,0.018894,50,0.756170,0.766644
nitti_subjective_trust,sybil,0.4,True,high,True,trust_stability_index,0.725320,0.006963,50,0.723390,0.727250
nitti_subjective_trust,sybil,0.4,True,high,True,privacy_exposure_risk,0.500000,0.000000,50,0.500000,0.500000
nitti_subjective_trust,sybil,0.4,True,high,True,candidate_privacy_risk,0.499730,0.000271,50,0.499655,0.499806
nitti_subjective_trust,sybil,0.4,True,high,True,accepted_privacy_exposure,0.500000,0.000000,50,0.500000,0.500000
nitti_subjective_trust,sybil,0.4,True,high,True,avg_trust,0.419446,0.008843,50,0.416995,0.421897
nitti_subjective_trust,sybil,0.4,True,high,True,trust_variance,0.068670,0.001741,50,0.068187,0.069152
nitti_subjective_trust,sybil,0.4,True,high,True,avg_preference,0.523576,0.006251,50,0.521844,0.525309
nitti_subjective_trust,sybil,0.4,True,high,True,avg_reciprocity,0.535833,0.016107,50,0.531369,0.540298
nitti_subjective_trust,sybil,0.4,True,high,True,avg_privacy_risk,0.499730,0.000271,50,0.499655,0.499806
nitti_subjective_trust,sybil,0.4,True,high,True,avg_total_utility,0.502293,0.006433,50,0.500510,0.504076
nitti_subjective_trust,sybil,0.4,True,high,True,avg_system_utility,0.694143,0.002011,50,0.693585,0.694700
nitti_subjective_trust,sybil,0.4,True,high,True,avg_social_utility,0.458357,0.005965,50,0.456703,0.460010
nitti_subjective_trust,sybil,0.4,True,high,True,avg_resource_utility,0.981825,0.000073,50,0.981805,0.981846
nitti_subjective_trust,sybil,0.4,True,high,True,avg_privacy_utility,0.500000,0.000000,50,0.500000,0.500000
nitti_subjective_trust,sybil,0.4,True,high,True,avg_incentive_utility,0.575522,0.002722,50,0.574768,0.576277
nitti_subjective_trust,sybil,0.4,True,high,True,energy_consumed,0.064609,0.000429,50,0.064490,0.064728
nitti_subjective_trust,sybil,0.4,True,high,True,bandwidth_consumed,0.274587,0.002433,50,0.273913,0.275262
nitti_subjective_trust,sybil,0.4,True,high,True,compute_consumed,0.365972,0.003146,50,0.365100,0.366844
nitti_subjective_trust,sybil,0.4,True,high,True,throughput_mbps,31.470400,0.801900,50,31.248125,31.692675
nitti_subjective_trust,sybil,0.4,True,high,True,packet_delivery_ratio,0.562777,0.013545,50,0.559023,0.566532
nitti_subjective_trust,sybil,0.4,True,high,True,e2e_delay_ms,96.395680,0.689311,50,96.204613,96.586748
nitti_subjective_trust,sybil,0.4,True,high,True,active_nodes,49.947720,0.033241,50,49.938506,49.956934
nitti_subjective_trust,sybil,0.4,True,high,True,reputation_honest,0.504333,0.047681,50,0.491116,0.517549
nitti_subjective_trust,sybil,0.4,True,high,True,reputation_attacker,0.238309,0.033110,50,0.229131,0.247487
nitti_subjective_trust,sybil,0.4,True,high,True,reputation_separation,0.266024,0.060091,50,0.249367,0.282680
nitti_subjective_trust,sybil,0.4,True,high,True,attacker_defection_rate,0.814213,0.061120,50,0.797271,0.831155
nitti_subjective_trust,sybil,0.4,True,high,True,decision_distortion,0.073723,0.006195,50,0.072006,0.075440
nitti_subjective_trust,sybil,0.4,True,high,True,decision_distortion_evidenced,0.071569,0.007932,50,0.069370,0.073768
nitti_subjective_trust,sybil,0.4,True,high,True,decision_distortion_counterfactual,0.088639,0.008667,50,0.086237,0.091041
nitti_subjective_trust,sybil,0.4,True,high,True,decision_distortion_counterfactual_evidenced,0.091389,0.010946,50,0.088355,0.094423
nitti_subjective_trust,whitewashing,0.1,True,high,True,generated_tasks,6.998200,0.038263,50,6.987594,7.008806
nitti_subjective_trust,whitewashing,0.1,True,high,True,completed_tasks,4.333160,0.087589,50,4.308882,4.357438
nitti_subjective_trust,whitewashing,0.1,True,high,True,attempted_interactions,6.995320,0.037553,50,6.984911,7.005729
nitti_subjective_trust,whitewashing,0.1,True,high,True,successful_cooperations,4.333160,0.087589,50,4.308882,4.357438
nitti_subjective_trust,whitewashing,0.1,True,high,True,failed_interactions,2.662160,0.089771,50,2.637277,2.687043
nitti_subjective_trust,whitewashing,0.1,True,high,True,blocked_privacy_interactions,0.000000,0.000000,50,0.000000,0.000000
nitti_subjective_trust,whitewashing,0.1,True,high,True,cooperation_rate,0.619409,0.012528,50,0.615936,0.622881
nitti_subjective_trust,whitewashing,0.1,True,high,True,task_completion_ratio,0.619147,0.012606,50,0.615653,0.622641
nitti_subjective_trust,whitewashing,0.1,True,high,True,reliability_score,0.619409,0.012528,50,0.615936,0.622881
nitti_subjective_trust,whitewashing,0.1,True,high,True,resource_efficiency,0.599855,0.012233,50,0.596464,0.603245
nitti_subjective_trust,whitewashing,0.1,True,high,True,fairness_index,0.805303,0.017415,50,0.800476,0.810130
nitti_subjective_trust,whitewashing,0.1,True,high,True,trust_stability_index,0.699834,0.005529,50,0.698302,0.701367
nitti_subjective_trust,whitewashing,0.1,True,high,True,privacy_exposure_risk,0.500000,0.000000,50,0.500000,0.500000
nitti_subjective_trust,whitewashing,0.1,True,high,True,candidate_privacy_risk,0.499799,0.000188,50,0.499747,0.499851
nitti_subjective_trust,whitewashing,0.1,True,high,True,accepted_privacy_exposure,0.500000,0.000000,50,0.500000,0.500000
nitti_subjective_trust,whitewashing,0.1,True,high,True,avg_trust,0.487041,0.009989,50,0.484272,0.489809
nitti_subjective_trust,whitewashing,0.1,True,high,True,trust_variance,0.075041,0.001382,50,0.074658,0.075425
nitti_subjective_trust,whitewashing,0.1,True,high,True,avg_preference,0.575140,0.007252,50,0.573130,0.577151
nitti_subjective_trust,whitewashing,0.1,True,high,True,avg_reciprocity,0.615904,0.019579,50,0.610476,0.621331
nitti_subjective_trust,whitewashing,0.1,True,high,True,avg_privacy_risk,0.499799,0.000188,50,0.499747,0.499851
nitti_subjective_trust,whitewashing,0.1,True,high,True,avg_total_utility,0.516368,0.007993,50,0.514153,0.518584
nitti_subjective_trust,whitewashing,0.1,True,high,True,avg_system_utility,0.697339,0.001949,50,0.696799,0.697879
nitti_subjective_trust,whitewashing,0.1,True,high,True,avg_social_utility,0.471036,0.007374,50,0.468992,0.473080
nitti_subjective_trust,whitewashing,0.1,True,high,True,avg_resource_utility,0.981822,0.000109,50,0.981791,0.981852
nitti_subjective_trust,whitewashing,0.1,True,high,True,avg_privacy_utility,0.500000,0.000000,50,0.500000,0.500000
nitti_subjective_trust,whitewashing,0.1,True,high,True,avg_incentive_utility,0.581401,0.003345,50,0.580474,0.582328
nitti_subjective_trust,whitewashing,0.1,True,high,True,energy_consumed,0.064697,0.000517,50,0.064554,0.064840
nitti_subjective_trust,whitewashing,0.1,True,high,True,bandwidth_consumed,0.274611,0.002307,50,0.273971,0.275251
nitti_subjective_trust,whitewashing,0.1,True,high,True,compute_consumed,0.366680,0.003661,50,0.365665,0.367694
nitti_subjective_trust,whitewashing,0.1,True,high,True,throughput_mbps,34.665280,0.700713,50,34.471052,34.859508
nitti_subjective_trust,whitewashing,0.1,True,high,True,packet_delivery_ratio,0.619409,0.012528,50,0.615936,0.622881
nitti_subjective_trust,whitewashing,0.1,True,high,True,e2e_delay_ms,96.799078,0.531216,50,96.651832,96.946323
nitti_subjective_trust,whitewashing,0.1,True,high,True,active_nodes,49.971080,0.022697,50,49.964789,49.977371
nitti_subjective_trust,whitewashing,0.1,True,high,True,reputation_honest,0.462687,0.038738,50,0.451949,0.473424
nitti_subjective_trust,whitewashing,0.1,True,high,True,reputation_attacker,0.329287,0.071675,50,0.309419,0.349154
nitti_subjective_trust,whitewashing,0.1,True,high,True,reputation_separation,0.133400,0.075466,50,0.112482,0.154318
nitti_subjective_trust,whitewashing,0.1,True,high,True,attacker_defection_rate,0.979135,0.011557,50,0.975931,0.982338
nitti_subjective_trust,whitewashing,0.1,True,high,True,whitewash_events,60.000000,0.000000,50,60.000000,60.000000
nitti_subjective_trust,whitewashing,0.1,True,high,True,decision_distortion,0.073090,0.003544,50,0.072108,0.074072
nitti_subjective_trust,whitewashing,0.1,True,high,True,decision_distortion_evidenced,0.069305,0.005244,50,0.067852,0.070759
nitti_subjective_trust,whitewashing,0.1,True,high,True,decision_distortion_counterfactual,0.084444,0.004602,50,0.083168,0.085719
nitti_subjective_trust,whitewashing,0.1,True,high,True,decision_distortion_counterfactual_evidenced,0.086617,0.006853,50,0.084718,0.088516
nitti_subjective_trust,whitewashing,0.2,True,high,True,generated_tasks,7.006840,0.040053,50,6.995738,7.017942
nitti_subjective_trust,whitewashing,0.2,True,high,True,completed_tasks,4.100520,0.104334,50,4.071600,4.129440
nitti_subjective_trust,whitewashing,0.2,True,high,True,attempted_interactions,7.004000,0.039610,50,6.993021,7.014979
nitti_subjective_trust,whitewashing,0.2,True,high,True,successful_cooperations,4.100520,0.104334,50,4.071600,4.129440
nitti_subjective_trust,whitewashing,0.2,True,high,True,failed_interactions,2.903480,0.109226,50,2.873204,2.933756
nitti_subjective_trust,whitewashing,0.2,True,high,True,blocked_privacy_interactions,0.000000,0.000000,50,0.000000,0.000000
nitti_subjective_trust,whitewashing,0.2,True,high,True,cooperation_rate,0.585334,0.015338,50,0.581083,0.589585
nitti_subjective_trust,whitewashing,0.2,True,high,True,task_completion_ratio,0.585125,0.015246,50,0.580898,0.589351
nitti_subjective_trust,whitewashing,0.2,True,high,True,reliability_score,0.585334,0.015338,50,0.581083,0.589585
nitti_subjective_trust,whitewashing,0.2,True,high,True,resource_efficiency,0.566907,0.014760,50,0.562816,0.570999
nitti_subjective_trust,whitewashing,0.2,True,high,True,fairness_index,0.780402,0.017783,50,0.775473,0.785331
nitti_subjective_trust,whitewashing,0.2,True,high,True,trust_stability_index,0.692206,0.006603,50,0.690375,0.694036
nitti_subjective_trust,whitewashing,0.2,True,high,True,privacy_exposure_risk,0.500000,0.000000,50,0.500000,0.500000
nitti_subjective_trust,whitewashing,0.2,True,high,True,candidate_privacy_risk,0.499802,0.000253,50,0.499732,0.499872
nitti_subjective_trust,whitewashing,0.2,True,high,True,accepted_privacy_exposure,0.500000,0.000000,50,0.500000,0.500000
nitti_subjective_trust,whitewashing,0.2,True,high,True,avg_trust,0.482888,0.009029,50,0.480386,0.485391
nitti_subjective_trust,whitewashing,0.2,True,high,True,trust_variance,0.076949,0.001651,50,0.076491,0.077406
nitti_subjective_trust,whitewashing,0.2,True,high,True,avg_preference,0.572543,0.006599,50,0.570713,0.574372
nitti_subjective_trust,whitewashing,0.2,True,high,True,avg_reciprocity,0.603522,0.013459,50,0.599791,0.607253
nitti_subjective_trust,whitewashing,0.2,True,high,True,avg_privacy_risk,0.499802,0.000253,50,0.499732,0.499872
nitti_subjective_trust,whitewashing,0.2,True,high,True,avg_total_utility,0.512596,0.008088,50,0.510354,0.514838
nitti_subjective_trust,whitewashing,0.2,True,high,True,avg_system_utility,0.696440,0.002022,50,0.695880,0.697001
nitti_subjective_trust,whitewashing,0.2,True,high,True,avg_social_utility,0.467680,0.007676,50,0.465552,0.469808
nitti_subjective_trust,whitewashing,0.2,True,high,True,avg_resource_utility,0.981838,0.000095,50,0.981812,0.981864
nitti_subjective_trust,whitewashing,0.2,True,high,True,avg_privacy_utility,0.500000,0.000000,50,0.500000,0.500000
nitti_subjective_trust,whitewashing,0.2,True,high,True,avg_incentive_utility,0.579850,0.003428,50,0.578899,0.580800
nitti_subjective_trust,whitewashing,0.2,True,high,True,energy_consumed,0.064778,0.000447,50,0.064654,0.064902
nitti_subjective_trust,whitewashing,0.2,True,high,True,bandwidth_consumed,0.274697,0.002619,50,0.273971,0.275423
nitti_subjective_trust,whitewashing,0.2,True,high,True,compute_consumed,0.366670,0.003179,50,0.365788,0.367551
nitti_subjective_trust,whitewashing,0.2,True,high,True,throughput_mbps,32.804160,0.834670,50,32.572801,33.035519
nitti_subjective_trust,whitewashing,0.2,True,high,True,packet_delivery_ratio,0.585334,0.015338,50,0.581083,0.589585
nitti_subjective_trust,whitewashing,0.2,True,high,True,e2e_delay_ms,96.499557,0.837585,50,96.267391,96.731724
nitti_subjective_trust,whitewashing,0.2,True,high,True,active_nodes,49.963080,0.027872,50,49.955354,49.970806
nitti_subjective_trust,whitewashing,0.2,True,high,True,reputation_honest,0.486706,0.030983,50,0.478118,0.495294
nitti_subjective_trust,whitewashing,0.2,True,high,True,reputation_attacker,0.315534,0.044296,50,0.303256,0.327813
nitti_subjective_trust,whitewashing,0.2,True,high,True,reputation_separation,0.171172,0.059148,50,0.154777,0.187567
nitti_subjective_trust,whitewashing,0.2,True,high,True,attacker_defection_rate,0.978817,0.006025,50,0.977147,0.980487
nitti_subjective_trust,whitewashing,0.2,True,high,True,whitewash_events,120.000000,0.000000,50,120.000000,120.000000
nitti_subjective_trust,whitewashing,0.2,True,high,True,decision_distortion,0.074003,0.004046,50,0.072881,0.075124
nitti_subjective_trust,whitewashing,0.2,True,high,True,decision_distortion_evidenced,0.070402,0.006186,50,0.068687,0.072117
nitti_subjective_trust,whitewashing,0.2,True,high,True,decision_distortion_counterfactual,0.086928,0.005922,50,0.085287,0.088570
nitti_subjective_trust,whitewashing,0.2,True,high,True,decision_distortion_counterfactual_evidenced,0.089323,0.008807,50,0.086882,0.091764
nitti_subjective_trust,whitewashing,0.3,True,high,True,generated_tasks,7.004400,0.029291,50,6.996281,7.012519
nitti_subjective_trust,whitewashing,0.3,True,high,True,completed_tasks,3.786280,0.163104,50,3.741070,3.831490
nitti_subjective_trust,whitewashing,0.3,True,high,True,attempted_interactions,7.001400,0.029464,50,6.993233,7.009567
nitti_subjective_trust,whitewashing,0.3,True,high,True,successful_cooperations,3.786280,0.163104,50,3.741070,3.831490
nitti_subjective_trust,whitewashing,0.3,True,high,True,failed_interactions,3.215120,0.165421,50,3.169268,3.260972
nitti_subjective_trust,whitewashing,0.3,True,high,True,blocked_privacy_interactions,0.000000,0.000000,50,0.000000,0.000000
nitti_subjective_trust,whitewashing,0.3,True,high,True,cooperation_rate,0.540858,0.023257,50,0.534412,0.547305
nitti_subjective_trust,whitewashing,0.3,True,high,True,task_completion_ratio,0.540634,0.023251,50,0.534189,0.547078
nitti_subjective_trust,whitewashing,0.3,True,high,True,reliability_score,0.540858,0.023257,50,0.534412,0.547305
nitti_subjective_trust,whitewashing,0.3,True,high,True,resource_efficiency,0.523804,0.022549,50,0.517553,0.530054
nitti_subjective_trust,whitewashing,0.3,True,high,True,fairness_index,0.757539,0.020155,50,0.751952,0.763125
nitti_subjective_trust,whitewashing,0.3,True,high,True,trust_stability_index,0.685892,0.009015,50,0.683393,0.688391
nitti_subjective_trust,whitewashing,0.3,True,high,True,privacy_exposure_risk,0.500000,0.000000,50,0.500000,0.500000
nitti_subjective_trust,whitewashing,0.3,True,high,True,candidate_privacy_risk,0.499789,0.000244,50,0.499721,0.499857
nitti_subjective_trust,whitewashing,0.3,True,high,True,accepted_privacy_exposure,0.500000,0.000000,50,0.500000,0.500000
nitti_subjective_trust,whitewashing,0.3,True,high,True,avg_trust,0.475982,0.012716,50,0.472457,0.479506
nitti_subjective_trust,whitewashing,0.3,True,high,True,trust_variance,0.078527,0.002254,50,0.077902,0.079152
nitti_subjective_trust,whitewashing,0.3,True,high,True,avg_preference,0.569114,0.009881,50,0.566375,0.571853
nitti_subjective_trust,whitewashing,0.3,True,high,True,avg_reciprocity,0.594041,0.017820,50,0.589101,0.598980
nitti_subjective_trust,whitewashing,0.3,True,high,True,avg_privacy_risk,0.499789,0.000244,50,0.499721,0.499857
nitti_subjective_trust,whitewashing,0.3,True,high,True,avg_total_utility,0.508468,0.007751,50,0.506319,0.510616
nitti_subjective_trust,whitewashing,0.3,True,high,True,avg_system_utility,0.696112,0.002030,50,0.695549,0.696675
nitti_subjective_trust,whitewashing,0.3,True,high,True,avg_social_utility,0.463697,0.007204,50,0.461700,0.465694
nitti_subjective_trust,whitewashing,0.3,True,high,True,avg_resource_utility,0.981842,0.000089,50,0.981817,0.981867
nitti_subjective_trust,whitewashing,0.3,True,high,True,avg_privacy_utility,0.500000,0.000000,50,0.500000,0.500000
nitti_subjective_trust,whitewashing,0.3,True,high,True,avg_incentive_utility,0.578098,0.003251,50,0.577197,0.579000
nitti_subjective_trust,whitewashing,0.3,True,high,True,energy_consumed,0.064733,0.000384,50,0.064626,0.064839
nitti_subjective_trust,whitewashing,0.3,True,high,True,bandwidth_consumed,0.274828,0.002245,50,0.274205,0.275450
nitti_subjective_trust,whitewashing,0.3,True,high,True,compute_consumed,0.366106,0.002576,50,0.365392,0.366820
nitti_subjective_trust,whitewashing,0.3,True,high,True,throughput_mbps,30.290240,1.304829,50,29.928560,30.651920
nitti_subjective_trust,whitewashing,0.3,True,high,True,packet_delivery_ratio,0.540858,0.023257,50,0.534412,0.547305
nitti_subjective_trust,whitewashing,0.3,True,high,True,e2e_delay_ms,96.161355,0.801606,50,95.939161,96.383548
nitti_subjective_trust,whitewashing,0.3,True,high,True,active_nodes,49.962240,0.030355,50,49.953826,49.970654
nitti_subjective_trust,whitewashing,0.3,True,high,True,reputation_honest,0.488708,0.040800,50,0.477399,0.500017
nitti_subjective_trust,whitewashing,0.3,True,high,True,reputation_attacker,0.298449,0.034668,50,0.288839,0.308059
nitti_subjective_trust,whitewashing,0.3,True,high,True,reputation_separation,0.190259,0.051019,50,0.176117,0.204401
nitti_subjective_trust,whitewashing,0.3,True,high,True,attacker_defection_rate,0.979198,0.005816,50,0.977586,0.980810
nitti_subjective_trust,whitewashing,0.3,True,high,True,whitewash_events,180.000000,0.000000,50,180.000000,180.000000
nitti_subjective_trust,whitewashing,0.3,True,high,True,decision_distortion,0.075089,0.005766,50,0.073491,0.076687
nitti_subjective_trust,whitewashing,0.3,True,high,True,decision_distortion_evidenced,0.070764,0.007252,50,0.068753,0.072774
nitti_subjective_trust,whitewashing,0.3,True,high,True,decision_distortion_counterfactual,0.088154,0.007191,50,0.086161,0.090147
nitti_subjective_trust,whitewashing,0.3,True,high,True,decision_distortion_counterfactual_evidenced,0.089279,0.009501,50,0.086645,0.091912
nitti_subjective_trust,whitewashing,0.4,True,high,True,generated_tasks,6.996720,0.032040,50,6.987839,7.005601
nitti_subjective_trust,whitewashing,0.4,True,high,True,completed_tasks,3.446880,0.162187,50,3.401924,3.491836
nitti_subjective_trust,whitewashing,0.4,True,high,True,attempted_interactions,6.993200,0.032231,50,6.984266,7.002134
nitti_subjective_trust,whitewashing,0.4,True,high,True,successful_cooperations,3.446880,0.162187,50,3.401924,3.491836
nitti_subjective_trust,whitewashing,0.4,True,high,True,failed_interactions,3.546320,0.155482,50,3.503222,3.589418
nitti_subjective_trust,whitewashing,0.4,True,high,True,blocked_privacy_interactions,0.000000,0.000000,50,0.000000,0.000000
nitti_subjective_trust,whitewashing,0.4,True,high,True,cooperation_rate,0.492613,0.022498,50,0.486376,0.498849
nitti_subjective_trust,whitewashing,0.4,True,high,True,task_completion_ratio,0.492364,0.022441,50,0.486144,0.498585
nitti_subjective_trust,whitewashing,0.4,True,high,True,reliability_score,0.492613,0.022498,50,0.486376,0.498849
nitti_subjective_trust,whitewashing,0.4,True,high,True,resource_efficiency,0.477028,0.021750,50,0.470999,0.483057
nitti_subjective_trust,whitewashing,0.4,True,high,True,fairness_index,0.717749,0.018552,50,0.712606,0.722891
nitti_subjective_trust,whitewashing,0.4,True,high,True,trust_stability_index,0.682712,0.010986,50,0.679666,0.685757
nitti_subjective_trust,whitewashing,0.4,True,high,True,privacy_exposure_risk,0.500000,0.000000,50,0.500000,0.500000
nitti_subjective_trust,whitewashing,0.4,True,high,True,candidate_privacy_risk,0.499749,0.000303,50,0.499665,0.499833
nitti_subjective_trust,whitewashing,0.4,True,high,True,accepted_privacy_exposure,0.500000,0.000000,50,0.500000,0.500000
nitti_subjective_trust,whitewashing,0.4,True,high,True,avg_trust,0.463691,0.014971,50,0.459541,0.467841
nitti_subjective_trust,whitewashing,0.4,True,high,True,trust_variance,0.079322,0.002747,50,0.078561,0.080083
nitti_subjective_trust,whitewashing,0.4,True,high,True,avg_preference,0.561123,0.011155,50,0.558031,0.564215
nitti_subjective_trust,whitewashing,0.4,True,high,True,avg_reciprocity,0.576007,0.020183,50,0.570413,0.581601
nitti_subjective_trust,whitewashing,0.4,True,high,True,avg_privacy_risk,0.499749,0.000303,50,0.499665,0.499833
nitti_subjective_trust,whitewashing,0.4,True,high,True,avg_total_utility,0.503143,0.007649,50,0.501023,0.505264
nitti_subjective_trust,whitewashing,0.4,True,high,True,avg_system_utility,0.694858,0.001879,50,0.694337,0.695379
nitti_subjective_trust,whitewashing,0.4,True,high,True,avg_social_utility,0.458867,0.007063,50,0.456909,0.460824
nitti_subjective_trust,whitewashing,0.4,True,high,True,avg_resource_utility,0.981836,0.000095,50,0.981810,0.981863
nitti_subjective_trust,whitewashing,0.4,True,high,True,avg_privacy_utility,0.500000,0.000000,50,0.500000,0.500000
nitti_subjective_trust,whitewashing,0.4,True,high,True,avg_incentive_utility,0.575829,0.003219,50,0.574937,0.576722
nitti_subjective_trust,whitewashing,0.4,True,high,True,energy_consumed,0.064581,0.000361,50,0.064481,0.064681
nitti_subjective_trust,whitewashing,0.4,True,high,True,bandwidth_consumed,0.274240,0.002474,50,0.273554,0.274925
nitti_subjective_trust,whitewashing,0.4,True,high,True,compute_consumed,0.366405,0.003022,50,0.365567,0.367242
nitti_subjective_trust,whitewashing,0.4,True,high,True,throughput_mbps,27.575040,1.297493,50,27.215393,27.934687
nitti_subjective_trust,whitewashing,0.4,True,high,True,packet_delivery_ratio,0.492613,0.022498,50,0.486376,0.498849
nitti_subjective_trust,whitewashing,0.4,True,high,True,e2e_delay_ms,95.763187,0.824749,50,95.534579,95.991796
nitti_subjective_trust,whitewashing,0.4,True,high,True,active_nodes,49.948760,0.041402,50,49.937284,49.960236
nitti_subjective_trust,whitewashing,0.4,True,high,True,reputation_honest,0.485474,0.042287,50,0.473753,0.497195
nitti_subjective_trust,whitewashing,0.4,True,high,True,reputation_attacker,0.285401,0.030191,50,0.277032,0.293770
nitti_subjective_trust,whitewashing,0.4,True,high,True,reputation_separation,0.200073,0.050212,50,0.186155,0.213991
nitti_subjective_trust,whitewashing,0.4,True,high,True,attacker_defection_rate,0.978614,0.004680,50,0.977317,0.979911
nitti_subjective_trust,whitewashing,0.4,True,high,True,whitewash_events,240.000000,0.000000,50,240.000000,240.000000
nitti_subjective_trust,whitewashing,0.4,True,high,True,decision_distortion,0.074474,0.006047,50,0.072798,0.076150
nitti_subjective_trust,whitewashing,0.4,True,high,True,decision_distortion_evidenced,0.069839,0.007949,50,0.067636,0.072043
nitti_subjective_trust,whitewashing,0.4,True,high,True,decision_distortion_counterfactual,0.087958,0.007440,50,0.085896,0.090020
nitti_subjective_trust,whitewashing,0.4,True,high,True,decision_distortion_counterfactual_evidenced,0.088713,0.010010,50,0.085939,0.091488
proposed,bad_mouthing,0.1,True,high,True,generated_tasks,7.003720,0.038511,50,6.993045,7.014395
proposed,bad_mouthing,0.1,True,high,True,completed_tasks,4.786760,0.093767,50,4.760769,4.812751
proposed,bad_mouthing,0.1,True,high,True,attempted_interactions,6.594400,0.080074,50,6.572204,6.616596
proposed,bad_mouthing,0.1,True,high,True,successful_cooperations,4.786760,0.093767,50,4.760769,4.812751
proposed,bad_mouthing,0.1,True,high,True,failed_interactions,1.807640,0.061209,50,1.790674,1.824606
proposed,bad_mouthing,0.1,True,high,True,blocked_privacy_interactions,0.409120,0.076874,50,0.387812,0.430428
proposed,bad_mouthing,0.1,True,high,True,cooperation_rate,0.725702,0.009667,50,0.723022,0.728382
proposed,bad_mouthing,0.1,True,high,True,task_completion_ratio,0.683598,0.013157,50,0.679951,0.687245
proposed,bad_mouthing,0.1,True,high,True,reliability_score,0.683615,0.013139,50,0.679973,0.687257
proposed,bad_mouthing,0.1,True,high,True,resource_efficiency,0.663291,0.012627,50,0.659790,0.666791
proposed,bad_mouthing,0.1,True,high,True,fairness_index,0.867808,0.010590,50,0.864873,0.870744
proposed,bad_mouthing,0.1,True,high,True,trust_stability_index,0.700754,0.006681,50,0.698902,0.702606
proposed,bad_mouthing,0.1,True,high,True,privacy_exposure_risk,0.479544,0.007805,50,0.477380,0.481707
proposed,bad_mouthing,0.1,True,high,True,candidate_privacy_risk,0.551245,0.004898,50,0.549887,0.552602
proposed,bad_mouthing,0.1,True,high,True,accepted_privacy_exposure,0.479544,0.007805,50,0.477380,0.481707
proposed,bad_mouthing,0.1,True,high,True,avg_trust,0.482324,0.007724,50,0.480183,0.484465
proposed,bad_mouthing,0.1,True,high,True,trust_variance,0.074811,0.001670,50,0.074348,0.075274
proposed,bad_mouthing,0.1,True,high,True,avg_preference,0.582215,0.005846,50,0.580595,0.583836
proposed,bad_mouthing,0.1,True,high,True,avg_reciprocity,0.595882,0.016326,50,0.591357,0.600408
proposed,bad_mouthing,0.1,True,high,True,avg_privacy_risk,0.448028,0.009391,50,0.445425,0.450631
proposed,bad_mouthing,0.1,True,high,True,avg_total_utility,0.749850,0.003331,50,0.748927,0.750773
proposed,bad_mouthing,0.1,True,high,True,avg_system_utility,0.748825,0.001940,50,0.748287,0.749363
proposed,bad_mouthing,0.1,True,high,True,avg_social_utility,0.724541,0.006196,50,0.722823,0.726258
proposed,bad_mouthing,0.1,True,high,True,avg_resource_utility,0.981826,0.000086,50,0.981802,0.981849
proposed,bad_mouthing,0.1,True,high,True,avg_privacy_utility,0.520456,0.007805,50,0.518293,0.522620
proposed,bad_mouthing,0.1,True,high,True,avg_incentive_utility,0.782722,0.004476,50,0.781482,0.783963
proposed,bad_mouthing,0.1,True,high,True,energy_consumed,0.060989,0.000763,50,0.060777,0.061201
proposed,bad_mouthing,0.1,True,high,True,bandwidth_consumed,0.259035,0.003930,50,0.257946,0.260125
proposed,bad_mouthing,0.1,True,high,True,compute_consumed,0.345267,0.004525,50,0.344013,0.346521
proposed,bad_mouthing,0.1,True,high,True,throughput_mbps,38.294080,0.750138,50,38.086152,38.502008
proposed,bad_mouthing,0.1,True,high,True,packet_delivery_ratio,0.725702,0.009667,50,0.723022,0.728382
proposed,bad_mouthing,0.1,True,high,True,e2e_delay_ms,96.549928,0.712499,50,96.352433,96.747422
proposed,bad_mouthing,0.1,True,high,True,active_nodes,49.997320,0.005168,50,49.995887,49.998753
proposed,bad_mouthing,0.1,True,high,True,reputation_honest,0.339651,0.027842,50,0.331933,0.347368
proposed,bad_mouthing,0.1,True,high,True,reputation_attacker,0.443076,0.111158,50,0.412265,0.473888
proposed,bad_mouthing,0.1,True,high,True,reputation_separation,-0.103426,0.123915,50,-0.137773,-0.069078
proposed,bad_mouthing,0.1,True,high,True,attacker_defection_rate,0.000000,0.000000,50,0.000000,0.000000
proposed,bad_mouthing,0.1,True,high,True,decision_distortion,0.078019,0.004053,50,0.076896,0.079143
proposed,bad_mouthing,0.1,True,high,True,decision_distortion_evidenced,0.067454,0.006026,50,0.065783,0.069124
proposed,bad_mouthing,0.1,True,high,True,decision_distortion_counterfactual,0.089082,0.004635,50,0.087797,0.090367
proposed,bad_mouthing,0.1,True,high,True,decision_distortion_counterfactual_evidenced,0.086696,0.007562,50,0.084600,0.088792
proposed,bad_mouthing,0.2,True,high,True,generated_tasks,6.996640,0.035561,50,6.986783,7.006497
proposed,bad_mouthing,0.2,True,high,True,completed_tasks,4.725080,0.106655,50,4.695517,4.754643
proposed,bad_mouthing,0.2,True,high,True,attempted_interactions,6.533600,0.098935,50,6.506177,6.561023
proposed,bad_mouthing,0.2,True,high,True,successful_cooperations,4.725080,0.106655,50,4.695517,4.754643
proposed,bad_mouthing,0.2,True,high,True,failed_interactions,1.808520,0.064060,50,1.790764,1.826276
proposed,bad_mouthing,0.2,True,high,True,blocked_privacy_interactions,0.462440,0.093565,50,0.436505,0.488375
proposed,bad_mouthing,0.2,True,high,True,cooperation_rate,0.723102,0.010019,50,0.720325,0.725880
proposed,bad_mouthing,0.2,True,high,True,task_completion_ratio,0.675310,0.015155,50,0.671109,0.679511
proposed,bad_mouthing,0.2,True,high,True,reliability_score,0.675370,0.015163,50,0.671167,0.679573
proposed,bad_mouthing,0.2,True,high,True,resource_efficiency,0.655406,0.014539,50,0.651376,0.659436
proposed,bad_mouthing,0.2,True,high,True,fairness_index,0.866506,0.012019,50,0.863175,0.869838
proposed,bad_mouthing,0.2,True,high,True,trust_stability_index,0.702435,0.006540,50,0.700622,0.704248
proposed,bad_mouthing,0.2,True,high,True,privacy_exposure_risk,0.489821,0.006484,50,0.488024,0.491618
proposed,bad_mouthing,0.2,True,high,True,candidate_privacy_risk,0.562863,0.004961,50,0.561488,0.564238
proposed,bad_mouthing,0.2,True,high,True,accepted_privacy_exposure,0.489821,0.006484,50,0.488024,0.491618
proposed,bad_mouthing,0.2,True,high,True,avg_trust,0.482951,0.007876,50,0.480768,0.485134
proposed,bad_mouthing,0.2,True,high,True,trust_variance,0.074391,0.001635,50,0.073938,0.074844
proposed,bad_mouthing,0.2,True,high,True,avg_preference,0.582103,0.005407,50,0.580604,0.583602
proposed,bad_mouthing,0.2,True,high,True,avg_reciprocity,0.596318,0.013379,50,0.592610,0.600026
proposed,bad_mouthing,0.2,True,high,True,avg_privacy_risk,0.453455,0.009224,50,0.450898,0.456012
proposed,bad_mouthing,0.2,True,high,True,avg_total_utility,0.745573,0.003026,50,0.744734,0.746411
proposed,bad_mouthing,0.2,True,high,True,avg_system_utility,0.747288,0.001710,50,0.746814,0.747762
proposed,bad_mouthing,0.2,True,high,True,avg_social_utility,0.717965,0.006132,50,0.716265,0.719665
proposed,bad_mouthing,0.2,True,high,True,avg_resource_utility,0.981839,0.000089,50,0.981814,0.981864
proposed,bad_mouthing,0.2,True,high,True,avg_privacy_utility,0.510179,0.006484,50,0.508382,0.511976
proposed,bad_mouthing,0.2,True,high,True,avg_incentive_utility,0.778652,0.004619,50,0.777372,0.779932
proposed,bad_mouthing,0.2,True,high,True,energy_consumed,0.060437,0.000943,50,0.060175,0.060698
proposed,bad_mouthing,0.2,True,high,True,bandwidth_consumed,0.256148,0.004322,50,0.254950,0.257346
proposed,bad_mouthing,0.2,True,high,True,compute_consumed,0.341989,0.005618,50,0.340432,0.343546
proposed,bad_mouthing,0.2,True,high,True,throughput_mbps,37.800640,0.853237,50,37.564135,38.037145
proposed,bad_mouthing,0.2,True,high,True,packet_delivery_ratio,0.723102,0.010019,50,0.720325,0.725880
proposed,bad_mouthing,0.2,True,high,True,e2e_delay_ms,96.476023,0.542863,50,96.325549,96.626497
proposed,bad_mouthing,0.2,True,high,True,active_nodes,49.992920,0.009899,50,49.990176,49.995664
proposed,bad_mouthing,0.2,True,high,True,reputation_honest,0.276812,0.034197,50,0.267333,0.286291
proposed,bad_mouthing,0.2,True,high,True,reputation_attacker,0.460908,0.073659,50,0.440491,0.481325
proposed,bad_mouthing,0.2,True,high,True,reputation_separation,-0.184096,0.092593,50,-0.209761,-0.158430
proposed,bad_mouthing,0.2,True,high,True,attacker_defection_rate,0.000000,0.000000,50,0.000000,0.000000
proposed,bad_mouthing,0.2,True,high,True,decision_distortion,0.084861,0.005070,50,0.083455,0.086266
proposed,bad_mouthing,0.2,True,high,True,decision_distortion_evidenced,0.069189,0.006789,50,0.067308,0.071071
proposed,bad_mouthing,0.2,True,high,True,decision_distortion_counterfactual,0.095670,0.005867,50,0.094044,0.097296
proposed,bad_mouthing,0.2,True,high,True,decision_distortion_counterfactual_evidenced,0.089606,0.009559,50,0.086957,0.092256
proposed,bad_mouthing,0.3,True,high,True,generated_tasks,7.005040,0.032204,50,6.996113,7.013967
proposed,bad_mouthing,0.3,True,high,True,completed_tasks,4.680120,0.094471,50,4.653934,4.706306
proposed,bad_mouthing,0.3,True,high,True,attempted_interactions,6.503240,0.090156,50,6.478250,6.528230
proposed,bad_mouthing,0.3,True,high,True,successful_cooperations,4.680120,0.094471,50,4.653934,4.706306
proposed,bad_mouthing,0.3,True,high,True,failed_interactions,1.823120,0.045011,50,1.810644,1.835596
proposed,bad_mouthing,0.3,True,high,True,blocked_privacy_interactions,0.500640,0.090706,50,0.475497,0.525783
proposed,bad_mouthing,0.3,True,high,True,cooperation_rate,0.719572,0.007712,50,0.717434,0.721710
proposed,bad_mouthing,0.3,True,high,True,task_completion_ratio,0.668145,0.013535,50,0.664393,0.671896
proposed,bad_mouthing,0.3,True,high,True,reliability_score,0.668248,0.013486,50,0.664510,0.671986
proposed,bad_mouthing,0.3,True,high,True,resource_efficiency,0.648522,0.012944,50,0.644934,0.652110
proposed,bad_mouthing,0.3,True,high,True,fairness_index,0.864627,0.011220,50,0.861517,0.867737
proposed,bad_mouthing,0.3,True,high,True,trust_stability_index,0.700437,0.005979,50,0.698779,0.702094
proposed,bad_mouthing,0.3,True,high,True,privacy_exposure_risk,0.494585,0.007410,50,0.492531,0.496639
proposed,bad_mouthing,0.3,True,high,True,candidate_privacy_risk,0.569243,0.005107,50,0.567827,0.570658
proposed,bad_mouthing,0.3,True,high,True,accepted_privacy_exposure,0.494585,0.007410,50,0.492531,0.496639
proposed,bad_mouthing,0.3,True,high,True,avg_trust,0.485886,0.006811,50,0.483998,0.487773
proposed,bad_mouthing,0.3,True,high,True,trust_variance,0.074891,0.001495,50,0.074477,0.075305
proposed,bad_mouthing,0.3,True,high,True,avg_preference,0.582828,0.004899,50,0.581470,0.584186
proposed,bad_mouthing,0.3,True,high,True,avg_reciprocity,0.593503,0.014507,50,0.589482,0.597524
proposed,bad_mouthing,0.3,True,high,True,avg_privacy_risk,0.454881,0.008533,50,0.452516,0.457246
proposed,bad_mouthing,0.3,True,high,True,avg_total_utility,0.742762,0.002774,50,0.741993,0.743531
proposed,bad_mouthing,0.3,True,high,True,avg_system_utility,0.746097,0.001736,50,0.745615,0.746578
proposed,bad_mouthing,0.3,True,high,True,avg_social_utility,0.713025,0.005260,50,0.711567,0.714484
proposed,bad_mouthing,0.3,True,high,True,avg_resource_utility,0.981835,0.000089,50,0.981811,0.981860
proposed,bad_mouthing,0.3,True,high,True,avg_privacy_utility,0.505415,0.007410,50,0.503361,0.507469
proposed,bad_mouthing,0.3,True,high,True,avg_incentive_utility,0.775126,0.004071,50,0.773998,0.776255
proposed,bad_mouthing,0.3,True,high,True,energy_consumed,0.060114,0.000895,50,0.059866,0.060363
proposed,bad_mouthing,0.3,True,high,True,bandwidth_consumed,0.255184,0.003947,50,0.254090,0.256278
proposed,bad_mouthing,0.3,True,high,True,compute_consumed,0.340622,0.005502,50,0.339097,0.342147
proposed,bad_mouthing,0.3,True,high,True,throughput_mbps,37.440960,0.755769,50,37.231471,37.650449
proposed,bad_mouthing,0.3,True,high,True,packet_delivery_ratio,0.719572,0.007712,50,0.717434,0.721710
proposed,bad_mouthing,0.3,True,high,True,e2e_delay_ms,96.415196,0.653610,50,96.234024,96.596367
proposed,bad_mouthing,0.3,True,high,True,active_nodes,49.989200,0.014337,50,49.985226,49.993174
proposed,bad_mouthing,0.3,True,high,True,reputation_honest,0.211640,0.023536,50,0.205116,0.218164
proposed,bad_mouthing,0.3,True,high,True,reputation_attacker,0.464683,0.056979,50,0.448889,0.480477
proposed,bad_mouthing,0.3,True,high,True,reputation_separation,-0.253043,0.066256,50,-0.271408,-0.234677
proposed,bad_mouthing,0.3,True,high,True,attacker_defection_rate,0.000000,0.000000,50,0.000000,0.000000
proposed,bad_mouthing,0.3,True,high,True,decision_distortion,0.095536,0.006143,50,0.093833,0.097239
proposed,bad_mouthing,0.3,True,high,True,decision_distortion_evidenced,0.073147,0.008592,50,0.070765,0.075529
proposed,bad_mouthing,0.3,True,high,True,decision_distortion_counterfactual,0.106603,0.006558,50,0.104786,0.108421
proposed,bad_mouthing,0.3,True,high,True,decision_distortion_counterfactual_evidenced,0.096021,0.010787,50,0.093031,0.099011
proposed,bad_mouthing,0.4,True,high,True,generated_tasks,7.002880,0.030265,50,6.994491,7.011269
proposed,bad_mouthing,0.4,True,high,True,completed_tasks,4.681000,0.098666,50,4.653651,4.708349
proposed,bad_mouthing,0.4,True,high,True,attempted_interactions,6.505280,0.098921,50,6.477861,6.532699
proposed,bad_mouthing,0.4,True,high,True,successful_cooperations,4.681000,0.098666,50,4.653651,4.708349
proposed,bad_mouthing,0.4,True,high,True,failed_interactions,1.824280,0.053255,50,1.809518,1.839042
proposed,bad_mouthing,0.4,True,high,True,blocked_privacy_interactions,0.496560,0.094539,50,0.470355,0.522765
proposed,bad_mouthing,0.4,True,high,True,cooperation_rate,0.719517,0.008046,50,0.717287,0.721747
proposed,bad_mouthing,0.4,True,high,True,task_completion_ratio,0.668526,0.013376,50,0.664819,0.672234
proposed,bad_mouthing,0.4,True,high,True,reliability_score,0.668623,0.013375,50,0.664916,0.672330
proposed,bad_mouthing,0.4,True,high,True,resource_efficiency,0.648872,0.012786,50,0.645328,0.652416
proposed,bad_mouthing,0.4,True,high,True,fairness_index,0.858363,0.010988,50,0.855318,0.861409
proposed,bad_mouthing,0.4,True,high,True,trust_stability_index,0.699473,0.006499,50,0.697671,0.701274
proposed,bad_mouthing,0.4,True,high,True,privacy_exposure_risk,0.493138,0.007020,50,0.491192,0.495084
proposed,bad_mouthing,0.4,True,high,True,candidate_privacy_risk,0.572545,0.004532,50,0.571289,0.573802
proposed,bad_mouthing,0.4,True,high,True,accepted_privacy_exposure,0.493138,0.007020,50,0.491192,0.495084
proposed,bad_mouthing,0.4,True,high,True,avg_trust,0.488672,0.007139,50,0.486693,0.490651
proposed,bad_mouthing,0.4,True,high,True,trust_variance,0.075132,0.001625,50,0.074681,0.075582
proposed,bad_mouthing,0.4,True,high,True,avg_preference,0.584420,0.005532,50,0.582887,0.585954
proposed,bad_mouthing,0.4,True,high,True,avg_reciprocity,0.595206,0.014960,50,0.591059,0.599353
proposed,bad_mouthing,0.4,True,high,True,avg_privacy_risk,0.454097,0.009241,50,0.451536,0.456658
proposed,bad_mouthing,0.4,True,high,True,avg_total_utility,0.742449,0.002891,50,0.741647,0.743250
proposed,bad_mouthing,0.4,True,high,True,avg_system_utility,0.745463,0.002085,50,0.744885,0.746041
proposed,bad_mouthing,0.4,True,high,True,avg_social_utility,0.712275,0.005729,50,0.710687,0.713863
proposed,bad_mouthing,0.4,True,high,True,avg_resource_utility,0.981818,0.000095,50,0.981791,0.981844
proposed,bad_mouthing,0.4,True,high,True,avg_privacy_utility,0.506862,0.007020,50,0.504916,0.508808
proposed,bad_mouthing,0.4,True,high,True,avg_incentive_utility,0.773873,0.004518,50,0.772621,0.775126
proposed,bad_mouthing,0.4,True,high,True,energy_consumed,0.060111,0.000970,50,0.059842,0.060380
proposed,bad_mouthing,0.4,True,high,True,bandwidth_consumed,0.255228,0.004728,50,0.253918,0.256539
proposed,bad_mouthing,0.4,True,high,True,compute_consumed,0.341391,0.005852,50,0.339769,0.343013
proposed,bad_mouthing,0.4,True,high,True,throughput_mbps,37.448000,0.789331,50,37.229209,37.666791
proposed,bad_mouthing,0.4,True,high,True,packet_delivery_ratio,0.719517,0.008046,50,0.717287,0.721747
proposed,bad_mouthing,0.4,True,high,True,e2e_delay_ms,96.506938,0.659107,50,96.324242,96.689633
proposed,bad_mouthing,0.4,True,high,True,active_nodes,49.988840,0.014547,50,49.984808,49.992872
proposed,bad_mouthing,0.4,True,high,True,reputation_honest,0.154141,0.025050,50,0.147197,0.161084
proposed,bad_mouthing,0.4,True,high,True,reputation_attacker,0.464232,0.049257,50,0.450578,0.477885
proposed,bad_mouthing,0.4,True,high,True,reputation_separation,-0.310091,0.062547,50,-0.327428,-0.292754
proposed,bad_mouthing,0.4,True,high,True,attacker_defection_rate,0.000000,0.000000,50,0.000000,0.000000
proposed,bad_mouthing,0.4,True,high,True,decision_distortion,0.108587,0.008067,50,0.106350,0.110823
proposed,bad_mouthing,0.4,True,high,True,decision_distortion_evidenced,0.081245,0.011008,50,0.078194,0.084296
proposed,bad_mouthing,0.4,True,high,True,decision_distortion_counterfactual,0.119871,0.008835,50,0.117423,0.122320
proposed,bad_mouthing,0.4,True,high,True,decision_distortion_counterfactual_evidenced,0.108503,0.016956,50,0.103803,0.113203
proposed,ballot_stuffing,0.1,True,high,True,generated_tasks,6.999360,0.033973,50,6.989943,7.008777
proposed,ballot_stuffing,0.1,True,high,True,completed_tasks,4.846360,0.080896,50,4.823937,4.868783
proposed,ballot_stuffing,0.1,True,high,True,attempted_interactions,6.663920,0.077559,50,6.642422,6.685418
proposed,ballot_stuffing,0.1,True,high,True,successful_cooperations,4.846360,0.080896,50,4.823937,4.868783
proposed,ballot_stuffing,0.1,True,high,True,failed_interactions,1.817560,0.050005,50,1.803699,1.831421
proposed,ballot_stuffing,0.1,True,high,True,blocked_privacy_interactions,0.335360,0.072925,50,0.315146,0.355574
proposed,ballot_stuffing,0.1,True,high,True,cooperation_rate,0.727540,0.007559,50,0.725445,0.729636
proposed,ballot_stuffing,0.1,True,high,True,task_completion_ratio,0.692492,0.010958,50,0.689454,0.695529
proposed,ballot_stuffing,0.1,True,high,True,reliability_score,0.692502,0.010946,50,0.689468,0.695536
proposed,ballot_stuffing,0.1,True,high,True,resource_efficiency,0.671776,0.010489,50,0.668869,0.674684
proposed,ballot_stuffing,0.1,True,high,True,fairness_index,0.868812,0.012087,50,0.865461,0.872162
proposed,ballot_stuffing,0.1,True,high,True,trust_stability_index,0.703063,0.005600,50,0.701511,0.704615
proposed,ballot_stuffing,0.1,True,high,True,privacy_exposure_risk,0.467751,0.005730,50,0.466162,0.469339
proposed,ballot_stuffing,0.1,True,high,True,candidate_privacy_risk,0.538047,0.005159,50,0.536617,0.539477
proposed,ballot_stuffing,0.1,True,high,True,accepted_privacy_exposure,0.467751,0.005730,50,0.466162,0.469339
proposed,ballot_stuffing,0.1,True,high,True,avg_trust,0.479402,0.007025,50,0.477455,0.481349
proposed,ballot_stuffing,0.1,True,high,True,trust_variance,0.074234,0.001400,50,0.073846,0.074622
proposed,ballot_stuffing,0.1,True,high,True,avg_preference,0.580739,0.005244,50,0.579286,0.582193
proposed,ballot_stuffing,0.1,True,high,True,avg_reciprocity,0.596655,0.015840,50,0.592265,0.601046
proposed,ballot_stuffing,0.1,True,high,True,avg_privacy_risk,0.442134,0.007564,50,0.440038,0.444231
proposed,ballot_stuffing,0.1,True,high,True,avg_total_utility,0.755293,0.002509,50,0.754597,0.755988
proposed,ballot_stuffing,0.1,True,high,True,avg_system_utility,0.751103,0.001619,50,0.750654,0.751552
proposed,ballot_stuffing,0.1,True,high,True,avg_social_utility,0.733247,0.004641,50,0.731960,0.734533
proposed,ballot_stuffing,0.1,True,high,True,avg_resource_utility,0.981840,0.000078,50,0.981818,0.981862
proposed,ballot_stuffing,0.1,True,high,True,avg_privacy_utility,0.532249,0.005730,50,0.530661,0.533838
proposed,ballot_stuffing,0.1,True,high,True,avg_incentive_utility,0.788168,0.003464,50,0.787208,0.789128
proposed,ballot_stuffing,0.1,True,high,True,energy_consumed,0.061555,0.000741,50,0.061349,0.061760
proposed,ballot_stuffing,0.1,True,high,True,bandwidth_consumed,0.261685,0.003658,50,0.260671,0.262699
proposed,ballot_stuffing,0.1,True,high,True,compute_consumed,0.348403,0.004783,50,0.347078,0.349729
proposed,ballot_stuffing,0.1,True,high,True,throughput_mbps,38.770880,0.647166,50,38.591495,38.950265
proposed,ballot_stuffing,0.1,True,high,True,packet_delivery_ratio,0.727540,0.007559,50,0.725445,0.729636
proposed,ballot_stuffing,0.1,True,high,True,e2e_delay_ms,96.412828,0.590555,50,96.249134,96.576521
proposed,ballot_stuffing,0.1,True,high,True,active_nodes,49.997080,0.006605,50,49.995249,49.998911
proposed,ballot_stuffing,0.1,True,high,True,reputation_honest,0.387942,0.023163,50,0.381522,0.394362
proposed,ballot_stuffing,0.1,True,high,True,reputation_attacker,0.480170,0.122388,50,0.446246,0.514094
proposed,ballot_stuffing,0.1,True,high,True,reputation_separation,-0.092228,0.122203,50,-0.126101,-0.058355
proposed,ballot_stuffing,0.1,True,high,True,attacker_defection_rate,0.000000,0.000000,50,0.000000,0.000000
proposed,ballot_stuffing,0.1,True,high,True,decision_distortion,0.072503,0.003492,50,0.071535,0.073470
proposed,ballot_stuffing,0.1,True,high,True,decision_distortion_evidenced,0.064916,0.005369,50,0.063428,0.066404
proposed,ballot_stuffing,0.1,True,high,True,decision_distortion_counterfactual,0.082841,0.004331,50,0.081640,0.084041
proposed,ballot_stuffing,0.1,True,high,True,decision_distortion_counterfactual_evidenced,0.082424,0.006998,50,0.080485,0.084364
proposed,ballot_stuffing,0.2,True,high,True,generated_tasks,6.997800,0.033768,50,6.988440,7.007160
proposed,ballot_stuffing,0.2,True,high,True,completed_tasks,4.898520,0.093417,50,4.872626,4.924414
proposed,ballot_stuffing,0.2,True,high,True,attempted_interactions,6.701720,0.062091,50,6.684509,6.718931
proposed,ballot_stuffing,0.2,True,high,True,successful_cooperations,4.898520,0.093417,50,4.872626,4.924414
proposed,ballot_stuffing,0.2,True,high,True,failed_interactions,1.803200,0.062980,50,1.785743,1.820657
proposed,ballot_stuffing,0.2,True,high,True,blocked_privacy_interactions,0.295840,0.064465,50,0.277971,0.313709
proposed,ballot_stuffing,0.2,True,high,True,cooperation_rate,0.730835,0.010117,50,0.728031,0.733639
proposed,ballot_stuffing,0.2,True,high,True,task_completion_ratio,0.700132,0.013450,50,0.696404,0.703860
proposed,ballot_stuffing,0.2,True,high,True,reliability_score,0.700156,0.013438,50,0.696431,0.703881
proposed,ballot_stuffing,0.2,True,high,True,resource_efficiency,0.679068,0.012960,50,0.675475,0.682660
proposed,ballot_stuffing,0.2,True,high,True,fairness_index,0.870332,0.010724,50,0.867360,0.873304
proposed,ballot_stuffing,0.2,True,high,True,trust_stability_index,0.702095,0.006115,50,0.700400,0.703790
proposed,ballot_stuffing,0.2,True,high,True,privacy_exposure_risk,0.461499,0.005914,50,0.459859,0.463138
proposed,ballot_stuffing,0.2,True,high,True,candidate_privacy_risk,0.532617,0.005545,50,0.531080,0.534155
proposed,ballot_stuffing,0.2,True,high,True,accepted_privacy_exposure,0.461499,0.005914,50,0.459859,0.463138
proposed,ballot_stuffing,0.2,True,high,True,avg_trust,0.481542,0.007789,50,0.479383,0.483701
proposed,ballot_stuffing,0.2,True,high,True,trust_variance,0.074476,0.001529,50,0.074053,0.074900
proposed,ballot_stuffing,0.2,True,high,True,avg_preference,0.582242,0.006374,50,0.580475,0.584009
proposed,ballot_stuffing,0.2,True,high,True,avg_reciprocity,0.600574,0.019196,50,0.595254,0.605895
proposed,ballot_stuffing,0.2,True,high,True,avg_privacy_risk,0.439258,0.007438,50,0.437196,0.441320
proposed,ballot_stuffing,0.2,True,high,True,avg_total_utility,0.758113,0.003322,50,0.757192,0.759034
proposed,ballot_stuffing,0.2,True,high,True,avg_system_utility,0.751953,0.002064,50,0.751381,0.752525
proposed,ballot_stuffing,0.2,True,high,True,avg_social_utility,0.737935,0.006213,50,0.736213,0.739658
proposed,ballot_stuffing,0.2,True,high,True,avg_resource_utility,0.981827,0.000080,50,0.981805,0.981849
proposed,ballot_stuffing,0.2,True,high,True,avg_privacy_utility,0.538501,0.005914,50,0.536862,0.540141
proposed,ballot_stuffing,0.2,True,high,True,avg_incentive_utility,0.791181,0.004965,50,0.789805,0.792557
proposed,ballot_stuffing,0.2,True,high,True,energy_consumed,0.061956,0.000680,50,0.061767,0.062144
proposed,ballot_stuffing,0.2,True,high,True,bandwidth_consumed,0.262862,0.002837,50,0.262075,0.263648
proposed,ballot_stuffing,0.2,True,high,True,compute_consumed,0.351343,0.003856,50,0.350274,0.352412
proposed,ballot_stuffing,0.2,True,high,True,throughput_mbps,39.188160,0.747333,50,38.981010,39.395310
proposed,ballot_stuffing,0.2,True,high,True,packet_delivery_ratio,0.730835,0.010117,50,0.728031,0.733639
proposed,ballot_stuffing,0.2,True,high,True,e2e_delay_ms,96.591155,0.529875,50,96.444281,96.738029
proposed,ballot_stuffing,0.2,True,high,True,active_nodes,49.997360,0.005428,50,49.995856,49.998864
proposed,ballot_stuffing,0.2,True,high,True,reputation_honest,0.385538,0.026730,50,0.378129,0.392948
proposed,ballot_stuffing,0.2,True,high,True,reputation_attacker,0.583593,0.081583,50,0.560979,0.606206
proposed,ballot_stuffing,0.2,True,high,True,reputation_separation,-0.198054,0.092906,50,-0.223806,-0.172302
proposed,ballot_stuffing,0.2,True,high,True,attacker_defection_rate,0.000000,0.000000,50,0.000000,0.000000
proposed,ballot_stuffing,0.2,True,high,True,decision_distortion,0.072651,0.003998,50,0.071542,0.073759
proposed,ballot_stuffing,0.2,True,high,True,decision_distortion_evidenced,0.064820,0.006820,50,0.062930,0.066711
proposed,ballot_stuffing,0.2,True,high,True,decision_distortion_counterfactual,0.082600,0.005264,50,0.081141,0.084059
proposed,ballot_stuffing,0.2,True,high,True,decision_distortion_counterfactual_evidenced,0.082321,0.009309,50,0.079741,0.084901
proposed,ballot_stuffing,0.3,True,high,True,generated_tasks,6.997600,0.031921,50,6.988752,7.006448
proposed,ballot_stuffing,0.3,True,high,True,completed_tasks,4.942320,0.077416,50,4.920861,4.963779
proposed,ballot_stuffing,0.3,True,high,True,attempted_interactions,6.763440,0.060596,50,6.746644,6.780236
proposed,ballot_stuffing,0.3,True,high,True,successful_cooperations,4.942320,0.077416,50,4.920861,4.963779
proposed,ballot_stuffing,0.3,True,high,True,failed_interactions,1.821120,0.059374,50,1.804662,1.837578
proposed,ballot_stuffing,0.3,True,high,True,blocked_privacy_interactions,0.233960,0.053955,50,0.219005,0.248915
proposed,ballot_stuffing,0.3,True,high,True,cooperation_rate,0.730878,0.008892,50,0.728414,0.733343
proposed,ballot_stuffing,0.3,True,high,True,task_completion_ratio,0.706335,0.010849,50,0.703328,0.709342
proposed,ballot_stuffing,0.3,True,high,True,reliability_score,0.706354,0.010838,50,0.703350,0.709358
proposed,ballot_stuffing,0.3,True,high,True,resource_efficiency,0.684951,0.010438,50,0.682058,0.687845
proposed,ballot_stuffing,0.3,True,high,True,fairness_index,0.865809,0.011777,50,0.862545,0.869074
proposed,ballot_stuffing,0.3,True,high,True,trust_stability_index,0.701875,0.006113,50,0.700180,0.703569
proposed,ballot_stuffing,0.3,True,high,True,privacy_exposure_risk,0.450908,0.006321,50,0.449156,0.452660
proposed,ballot_stuffing,0.3,True,high,True,candidate_privacy_risk,0.524009,0.005297,50,0.522540,0.525477
proposed,ballot_stuffing,0.3,True,high,True,accepted_privacy_exposure,0.450908,0.006321,50,0.449156,0.452660
proposed,ballot_stuffing,0.3,True,high,True,avg_trust,0.482648,0.007133,50,0.480671,0.484625
proposed,ballot_stuffing,0.3,True,high,True,trust_variance,0.074531,0.001528,50,0.074108,0.074955
proposed,ballot_stuffing,0.3,True,high,True,avg_preference,0.582197,0.005650,50,0.580631,0.583764
proposed,ballot_stuffing,0.3,True,high,True,avg_reciprocity,0.597834,0.017123,50,0.593087,0.602580
proposed,ballot_stuffing,0.3,True,high,True,avg_privacy_risk,0.433586,0.006811,50,0.431698,0.435474
proposed,ballot_stuffing,0.3,True,high,True,avg_total_utility,0.762030,0.003131,50,0.761162,0.762897
proposed,ballot_stuffing,0.3,True,high,True,avg_system_utility,0.753288,0.001898,50,0.752762,0.753814
proposed,ballot_stuffing,0.3,True,high,True,avg_social_utility,0.743618,0.005897,50,0.741984,0.745253
proposed,ballot_stuffing,0.3,True,high,True,avg_resource_utility,0.981842,0.000084,50,0.981819,0.981865
proposed,ballot_stuffing,0.3,True,high,True,avg_privacy_utility,0.549092,0.006321,50,0.547340,0.550844
proposed,ballot_stuffing,0.3,True,high,True,avg_incentive_utility,0.794273,0.004197,50,0.793110,0.795437
proposed,ballot_stuffing,0.3,True,high,True,energy_consumed,0.062480,0.000618,50,0.062309,0.062651
proposed,ballot_stuffing,0.3,True,high,True,bandwidth_consumed,0.265353,0.002935,50,0.264540,0.266166
proposed,ballot_stuffing,0.3,True,high,True,compute_consumed,0.353830,0.003909,50,0.352747,0.354914
proposed,ballot_stuffing,0.3,True,high,True,throughput_mbps,39.538560,0.619326,50,39.366892,39.710228
proposed,ballot_stuffing,0.3,True,high,True,packet_delivery_ratio,0.730878,0.008892,50,0.728414,0.733343
proposed,ballot_stuffing,0.3,True,high,True,e2e_delay_ms,96.634354,0.558094,50,96.479658,96.789050
proposed,ballot_stuffing,0.3,True,high,True,active_nodes,49.997120,0.005224,50,49.995672,49.998568
proposed,ballot_stuffing,0.3,True,high,True,reputation_honest,0.373025,0.032632,50,0.363980,0.382070
proposed,ballot_stuffing,0.3,True,high,True,reputation_attacker,0.683110,0.082487,50,0.660246,0.705974
proposed,ballot_stuffing,0.3,True,high,True,reputation_separation,-0.310085,0.103293,50,-0.338717,-0.281454
proposed,ballot_stuffing,0.3,True,high,True,attacker_defection_rate,0.000000,0.000000,50,0.000000,0.000000
proposed,ballot_stuffing,0.3,True,high,True,decision_distortion,0.074195,0.005095,50,0.072783,0.075607
proposed,ballot_stuffing,0.3,True,high,True,decision_distortion_evidenced,0.064653,0.008697,50,0.062242,0.067063
proposed,ballot_stuffing,0.3,True,high,True,decision_distortion_counterfactual,0.083441,0.006334,50,0.081685,0.085197
proposed,ballot_stuffing,0.3,True,high,True,decision_distortion_counterfactual_evidenced,0.082170,0.011298,50,0.079038,0.085302
proposed,ballot_stuffing,0.4,True,high,True,generated_tasks,7.005680,0.043018,50,6.993756,7.017604
proposed,ballot_stuffing,0.4,True,high,True,completed_tasks,5.008640,0.061207,50,4.991674,5.025606
proposed,ballot_stuffing,0.4,True,high,True,attempted_interactions,6.822360,0.053946,50,6.807407,6.837313
proposed,ballot_stuffing,0.4,True,high,True,successful_cooperations,5.008640,0.061207,50,4.991674,5.025606
proposed,ballot_stuffing,0.4,True,high,True,failed_interactions,1.813720,0.058656,50,1.797461,1.829979
proposed,ballot_stuffing,0.4,True,high,True,blocked_privacy_interactions,0.183240,0.046752,50,0.170281,0.196199
proposed,ballot_stuffing,0.4,True,high,True,cooperation_rate,0.734161,0.007860,50,0.731983,0.736340
proposed,ballot_stuffing,0.4,True,high,True,task_completion_ratio,0.715017,0.008377,50,0.712695,0.717339
proposed,ballot_stuffing,0.4,True,high,True,reliability_score,0.715027,0.008356,50,0.712711,0.717344
proposed,ballot_stuffing,0.4,True,high,True,resource_efficiency,0.693231,0.008067,50,0.690995,0.695467
proposed,ballot_stuffing,0.4,True,high,True,fairness_index,0.866568,0.012918,50,0.862988,0.870149
proposed,ballot_stuffing,0.4,True,high,True,trust_stability_index,0.702822,0.006629,50,0.700984,0.704659
proposed,ballot_stuffing,0.4,True,high,True,privacy_exposure_risk,0.436860,0.006006,50,0.435195,0.438525
proposed,ballot_stuffing,0.4,True,high,True,candidate_privacy_risk,0.510138,0.006337,50,0.508382,0.511895
proposed,ballot_stuffing,0.4,True,high,True,accepted_privacy_exposure,0.436860,0.006006,50,0.435195,0.438525
proposed,ballot_stuffing,0.4,True,high,True,avg_trust,0.482009,0.008218,50,0.479731,0.484287
proposed,ballot_stuffing,0.4,True,high,True,trust_variance,0.074295,0.001657,50,0.073835,0.074754
proposed,ballot_stuffing,0.4,True,high,True,avg_preference,0.581563,0.006258,50,0.579828,0.583297
proposed,ballot_stuffing,0.4,True,high,True,avg_reciprocity,0.597252,0.016968,50,0.592549,0.601956
proposed,ballot_stuffing,0.4,True,high,True,avg_privacy_risk,0.423722,0.005907,50,0.422085,0.425360
proposed,ballot_stuffing,0.4,True,high,True,avg_total_utility,0.768119,0.002869,50,0.767324,0.768914
proposed,ballot_stuffing,0.4,True,high,True,avg_system_utility,0.755614,0.001741,50,0.755131,0.756096
proposed,ballot_stuffing,0.4,True,high,True,avg_social_utility,0.753030,0.005074,50,0.751624,0.754437
proposed,ballot_stuffing,0.4,True,high,True,avg_resource_utility,0.981835,0.000094,50,0.981809,0.981861
proposed,ballot_stuffing,0.4,True,high,True,avg_privacy_utility,0.563140,0.006006,50,0.561475,0.564805
proposed,ballot_stuffing,0.4,True,high,True,avg_incentive_utility,0.800342,0.003642,50,0.799332,0.801351
proposed,ballot_stuffing,0.4,True,high,True,energy_consumed,0.063051,0.000670,50,0.062866,0.063237
proposed,ballot_stuffing,0.4,True,high,True,bandwidth_consumed,0.267695,0.003016,50,0.266859,0.268531
proposed,ballot_stuffing,0.4,True,high,True,compute_consumed,0.357122,0.004130,50,0.355977,0.358267
proposed,ballot_stuffing,0.4,True,high,True,throughput_mbps,40.069120,0.489660,50,39.933393,40.204847
proposed,ballot_stuffing,0.4,True,high,True,packet_delivery_ratio,0.734161,0.007860,50,0.731983,0.736340
proposed,ballot_stuffing,0.4,True,high,True,e2e_delay_ms,96.620796,0.547924,50,96.468919,96.772672
proposed,ballot_stuffing,0.4,True,high,True,active_nodes,49.998600,0.003753,50,49.997560,49.999640
proposed,ballot_stuffing,0.4,True,high,True,reputation_honest,0.364063,0.028536,50,0.356153,0.371972
proposed,ballot_stuffing,0.4,True,high,True,reputation_attacker,0.766238,0.067772,50,0.747452,0.785023
proposed,ballot_stuffing,0.4,True,high,True,reputation_separation,-0.402175,0.076148,50,-0.423282,-0.381068
proposed,ballot_stuffing,0.4,True,high,True,attacker_defection_rate,0.000000,0.000000,50,0.000000,0.000000
proposed,ballot_stuffing,0.4,True,high,True,decision_distortion,0.074547,0.004977,50,0.073167,0.075926
proposed,ballot_stuffing,0.4,True,high,True,decision_distortion_evidenced,0.066670,0.008573,50,0.064294,0.069047
proposed,ballot_stuffing,0.4,True,high,True,decision_distortion_counterfactual,0.082643,0.006460,50,0.080852,0.084434
proposed,ballot_stuffing,0.4,True,high,True,decision_distortion_counterfactual_evidenced,0.082996,0.011753,50,0.079739,0.086254
proposed,collusion,0.1,True,high,True,generated_tasks,6.997600,0.036920,50,6.987366,7.007834
proposed,collusion,0.1,True,high,True,completed_tasks,4.736800,0.092947,50,4.711036,4.762564
proposed,collusion,0.1,True,high,True,attempted_interactions,6.653120,0.086690,50,6.629091,6.677149
proposed,collusion,0.1,True,high,True,successful_cooperations,4.736800,0.092947,50,4.711036,4.762564
proposed,collusion,0.1,True,high,True,failed_interactions,1.916320,0.060864,50,1.899449,1.933191
proposed,collusion,0.1,True,high,True,blocked_privacy_interactions,0.343960,0.074349,50,0.323352,0.364568
proposed,collusion,0.1,True,high,True,cooperation_rate,0.712147,0.008953,50,0.709665,0.714628
proposed,collusion,0.1,True,high,True,task_completion_ratio,0.676863,0.012513,50,0.673394,0.680331
proposed,collusion,0.1,True,high,True,reliability_score,0.676910,0.012470,50,0.673454,0.680367
proposed,collusion,0.1,True,high,True,resource_efficiency,0.656621,0.012044,50,0.653283,0.659960
proposed,collusion,0.1,True,high,True,fairness_index,0.851324,0.012867,50,0.847757,0.854890
proposed,collusion,0.1,True,high,True,trust_stability_index,0.702243,0.006663,50,0.700396,0.704090
proposed,collusion,0.1,True,high,True,privacy_exposure_risk,0.469088,0.006304,50,0.467341,0.470836
proposed,collusion,0.1,True,high,True,candidate_privacy_risk,0.540184,0.004848,50,0.538841,0.541528
proposed,collusion,0.1,True,high,True,accepted_privacy_exposure,0.469088,0.006304,50,0.467341,0.470836
proposed,collusion,0.1,True,high,True,avg_trust,0.470359,0.008989,50,0.467867,0.472851
proposed,collusion,0.1,True,high,True,trust_variance,0.074439,0.001666,50,0.073978,0.074901
proposed,collusion,0.1,True,high,True,avg_preference,0.572290,0.006901,50,0.570377,0.574203
proposed,collusion,0.1,True,high,True,avg_reciprocity,0.574919,0.016916,50,0.570230,0.579608
proposed,collusion,0.1,True,high,True,avg_privacy_risk,0.442846,0.008417,50,0.440513,0.445179
proposed,collusion,0.1,True,high,True,avg_total_utility,0.751943,0.002748,50,0.751181,0.752705
proposed,collusion,0.1,True,high,True,avg_system_utility,0.749311,0.001659,50,0.748851,0.749771
proposed,collusion,0.1,True,high,True,avg_social_utility,0.725908,0.004954,50,0.724535,0.727281
proposed,collusion,0.1,True,high,True,avg_resource_utility,0.981831,0.000084,50,0.981808,0.981854
proposed,collusion,0.1,True,high,True,avg_privacy_utility,0.530912,0.006304,50,0.529164,0.532659
proposed,collusion,0.1,True,high,True,avg_incentive_utility,0.782187,0.003967,50,0.781087,0.783286
proposed,collusion,0.1,True,high,True,energy_consumed,0.061486,0.000799,50,0.061265,0.061708
proposed,collusion,0.1,True,high,True,bandwidth_consumed,0.260836,0.003696,50,0.259811,0.261860
proposed,collusion,0.1,True,high,True,compute_consumed,0.348850,0.004829,50,0.347512,0.350189
proposed,collusion,0.1,True,high,True,throughput_mbps,37.894400,0.743578,50,37.688291,38.100509
proposed,collusion,0.1,True,high,True,packet_delivery_ratio,0.712147,0.008953,50,0.709665,0.714628
proposed,collusion,0.1,True,high,True,e2e_delay_ms,96.549250,0.600948,50,96.382675,96.715824
proposed,collusion,0.1,True,high,True,active_nodes,49.995200,0.009125,50,49.992671,49.997729
proposed,collusion,0.1,True,high,True,reputation_honest,0.408367,0.022729,50,0.402067,0.414668
proposed,collusion,0.1,True,high,True,reputation_attacker,0.213795,0.036848,50,0.203581,0.224009
proposed,collusion,0.1,True,high,True,reputation_separation,0.194573,0.043485,50,0.182519,0.206626
proposed,collusion,0.1,True,high,True,attacker_defection_rate,0.832959,0.120698,50,0.799503,0.866415
proposed,collusion,0.1,True,high,True,decision_distortion,0.073052,0.003799,50,0.071999,0.074105
proposed,collusion,0.1,True,high,True,decision_distortion_evidenced,0.067151,0.006462,50,0.065359,0.068942
proposed,collusion,0.1,True,high,True,decision_distortion_counterfactual,0.084579,0.004894,50,0.083223,0.085936
proposed,collusion,0.1,True,high,True,decision_distortion_counterfactual_evidenced,0.086049,0.008150,50,0.083790,0.088308
proposed,collusion,0.2,True,high,True,generated_tasks,6.997520,0.028795,50,6.989538,7.005502
proposed,collusion,0.2,True,high,True,completed_tasks,4.603440,0.089530,50,4.578623,4.628257
proposed,collusion,0.2,True,high,True,attempted_interactions,6.647560,0.077735,50,6.626013,6.669107
proposed,collusion,0.2,True,high,True,successful_cooperations,4.603440,0.089530,50,4.578623,4.628257
proposed,collusion,0.2,True,high,True,failed_interactions,2.044120,0.076687,50,2.022863,2.065377
proposed,collusion,0.2,True,high,True,blocked_privacy_interactions,0.349480,0.074686,50,0.328778,0.370182
proposed,collusion,0.2,True,high,True,cooperation_rate,0.692795,0.010757,50,0.689814,0.695777
proposed,collusion,0.2,True,high,True,task_completion_ratio,0.657979,0.012770,50,0.654439,0.661519
proposed,collusion,0.2,True,high,True,reliability_score,0.658020,0.012780,50,0.654478,0.661563
proposed,collusion,0.2,True,high,True,resource_efficiency,0.638290,0.012284,50,0.634885,0.641695
proposed,collusion,0.2,True,high,True,fairness_index,0.831566,0.012298,50,0.828157,0.834975
proposed,collusion,0.2,True,high,True,trust_stability_index,0.704808,0.006558,50,0.702990,0.706625
proposed,collusion,0.2,True,high,True,privacy_exposure_risk,0.470616,0.006437,50,0.468832,0.472401
proposed,collusion,0.2,True,high,True,candidate_privacy_risk,0.542620,0.005401,50,0.541123,0.544117
proposed,collusion,0.2,True,high,True,accepted_privacy_exposure,0.470616,0.006437,50,0.468832,0.472401
proposed,collusion,0.2,True,high,True,avg_trust,0.459767,0.010586,50,0.456833,0.462702
proposed,collusion,0.2,True,high,True,trust_variance,0.073798,0.001640,50,0.073344,0.074253
proposed,collusion,0.2,True,high,True,avg_preference,0.561545,0.007983,50,0.559332,0.563758
proposed,collusion,0.2,True,high,True,avg_reciprocity,0.546697,0.019218,50,0.541370,0.552024
proposed,collusion,0.2,True,high,True,avg_privacy_risk,0.444071,0.008036,50,0.441844,0.446299
proposed,collusion,0.2,True,high,True,avg_total_utility,0.747490,0.003231,50,0.746594,0.748385
proposed,collusion,0.2,True,high,True,avg_system_utility,0.746615,0.001996,50,0.746062,0.747169
proposed,collusion,0.2,True,high,True,avg_social_utility,0.716581,0.006214,50,0.714859,0.718304
proposed,collusion,0.2,True,high,True,avg_resource_utility,0.981813,0.000103,50,0.981785,0.981842
proposed,collusion,0.2,True,high,True,avg_privacy_utility,0.529384,0.006437,50,0.527599,0.531168
proposed,collusion,0.2,True,high,True,avg_incentive_utility,0.773939,0.004613,50,0.772660,0.775218
proposed,collusion,0.2,True,high,True,energy_consumed,0.061492,0.000794,50,0.061272,0.061712
proposed,collusion,0.2,True,high,True,bandwidth_consumed,0.261054,0.003483,50,0.260089,0.262020
proposed,collusion,0.2,True,high,True,compute_consumed,0.348680,0.005287,50,0.347214,0.350145
proposed,collusion,0.2,True,high,True,throughput_mbps,36.827520,0.716243,50,36.628988,37.026052
proposed,collusion,0.2,True,high,True,packet_delivery_ratio,0.692795,0.010757,50,0.689814,0.695777
proposed,collusion,0.2,True,high,True,e2e_delay_ms,96.643148,0.667365,50,96.458164,96.828132
proposed,collusion,0.2,True,high,True,active_nodes,49.993880,0.007411,50,49.991826,49.995934
proposed,collusion,0.2,True,high,True,reputation_honest,0.417012,0.027942,50,0.409267,0.424758
proposed,collusion,0.2,True,high,True,reputation_attacker,0.222320,0.032266,50,0.213377,0.231264
proposed,collusion,0.2,True,high,True,reputation_separation,0.194692,0.042109,50,0.183020,0.206364
proposed,collusion,0.2,True,high,True,attacker_defection_rate,0.792426,0.107812,50,0.762542,0.822310
proposed,collusion,0.2,True,high,True,decision_distortion,0.071276,0.004563,50,0.070011,0.072540
proposed,collusion,0.2,True,high,True,decision_distortion_evidenced,0.064454,0.006357,50,0.062692,0.066216
proposed,collusion,0.2,True,high,True,decision_distortion_counterfactual,0.082969,0.005570,50,0.081425,0.084513
proposed,collusion,0.2,True,high,True,decision_distortion_counterfactual_evidenced,0.082807,0.008379,50,0.080485,0.085130
proposed,collusion,0.3,True,high,True,generated_tasks,7.002120,0.034275,50,6.992620,7.011620
proposed,collusion,0.3,True,high,True,completed_tasks,4.497120,0.107489,50,4.467326,4.526914
proposed,collusion,0.3,True,high,True,attempted_interactions,6.652560,0.075924,50,6.631515,6.673605
proposed,collusion,0.3,True,high,True,successful_cooperations,4.497120,0.107489,50,4.467326,4.526914
proposed,collusion,0.3,True,high,True,failed_interactions,2.155440,0.085187,50,2.131827,2.179053
proposed,collusion,0.3,True,high,True,blocked_privacy_interactions,0.348960,0.069863,50,0.329595,0.368325
proposed,collusion,0.3,True,high,True,cooperation_rate,0.676564,0.013159,50,0.672916,0.680211
proposed,collusion,0.3,True,high,True,task_completion_ratio,0.642497,0.015487,50,0.638204,0.646790
proposed,collusion,0.3,True,high,True,reliability_score,0.642543,0.015475,50,0.638254,0.646833
proposed,collusion,0.3,True,high,True,resource_efficiency,0.623306,0.014930,50,0.619167,0.627444
proposed,collusion,0.3,True,high,True,fairness_index,0.810865,0.015326,50,0.806617,0.815113
proposed,collusion,0.3,True,high,True,trust_stability_index,0.708981,0.006642,50,0.707140,0.710822
proposed,collusion,0.3,True,high,True,privacy_exposure_risk,0.469286,0.006373,50,0.467519,0.471052
proposed,collusion,0.3,True,high,True,candidate_privacy_risk,0.543556,0.003788,50,0.542506,0.544606
proposed,collusion,0.3,True,high,True,accepted_privacy_exposure,0.469286,0.006373,50,0.467519,0.471052
proposed,collusion,0.3,True,high,True,avg_trust,0.448085,0.008233,50,0.445803,0.450367
proposed,collusion,0.3,True,high,True,trust_variance,0.072755,0.001660,50,0.072295,0.073215
proposed,collusion,0.3,True,high,True,avg_preference,0.551330,0.006076,50,0.549645,0.553014
proposed,collusion,0.3,True,high,True,avg_reciprocity,0.522516,0.015454,50,0.518232,0.526800
proposed,collusion,0.3,True,high,True,avg_privacy_risk,0.442884,0.007815,50,0.440718,0.445051
proposed,collusion,0.3,True,high,True,avg_total_utility,0.744724,0.003551,50,0.743739,0.745708
proposed,collusion,0.3,True,high,True,avg_system_utility,0.745036,0.002002,50,0.744481,0.745591
proposed,collusion,0.3,True,high,True,avg_social_utility,0.709507,0.007338,50,0.707473,0.711541
proposed,collusion,0.3,True,high,True,avg_resource_utility,0.981831,0.000077,50,0.981810,0.981853
proposed,collusion,0.3,True,high,True,avg_privacy_utility,0.530714,0.006373,50,0.528948,0.532481
proposed,collusion,0.3,True,high,True,avg_incentive_utility,0.768061,0.005771,50,0.766461,0.769661
proposed,collusion,0.3,True,high,True,energy_consumed,0.061465,0.000737,50,0.061260,0.061669
proposed,collusion,0.3,True,high,True,bandwidth_consumed,0.261453,0.003500,50,0.260482,0.262423
proposed,collusion,0.3,True,high,True,compute_consumed,0.348090,0.005372,50,0.346601,0.349579
proposed,collusion,0.3,True,high,True,throughput_mbps,35.976960,0.859910,50,35.738605,36.215315
proposed,collusion,0.3,True,high,True,packet_delivery_ratio,0.676564,0.013159,50,0.672916,0.680211
proposed,collusion,0.3,True,high,True,e2e_delay_ms,96.582142,0.657630,50,96.399856,96.764428
proposed,collusion,0.3,True,high,True,active_nodes,49.991640,0.011115,50,49.988559,49.994721
proposed,collusion,0.3,True,high,True,reputation_honest,0.439084,0.026569,50,0.431719,0.446449
proposed,collusion,0.3,True,high,True,reputation_attacker,0.221340,0.022408,50,0.215129,0.227551
proposed,collusion,0.3,True,high,True,reputation_separation,0.217744,0.036915,50,0.207512,0.227977
proposed,collusion,0.3,True,high,True,attacker_defection_rate,0.774817,0.055581,50,0.759411,0.790224
proposed,collusion,0.3,True,high,True,decision_distortion,0.072108,0.005331,50,0.070630,0.073585
proposed,collusion,0.3,True,high,True,decision_distortion_evidenced,0.066615,0.007329,50,0.064584,0.068647
proposed,collusion,0.3,True,high,True,decision_distortion_counterfactual,0.085661,0.006918,50,0.083744,0.087579
proposed,collusion,0.3,True,high,True,decision_distortion_counterfactual_evidenced,0.086442,0.009822,50,0.083719,0.089164
proposed,collusion,0.4,True,high,True,generated_tasks,6.997920,0.033806,50,6.988549,7.007291
proposed,collusion,0.4,True,high,True,completed_tasks,4.293680,0.089162,50,4.268965,4.318395
proposed,collusion,0.4,True,high,True,attempted_interactions,6.635800,0.085398,50,6.612129,6.659471
proposed,collusion,0.4,True,high,True,successful_cooperations,4.293680,0.089162,50,4.268965,4.318395
proposed,collusion,0.4,True,high,True,failed_interactions,2.342120,0.079660,50,2.320039,2.364201
proposed,collusion,0.4,True,high,True,blocked_privacy_interactions,0.361360,0.073933,50,0.340867,0.381853
proposed,collusion,0.4,True,high,True,cooperation_rate,0.647342,0.011350,50,0.644196,0.650489
proposed,collusion,0.4,True,high,True,task_completion_ratio,0.613462,0.011984,50,0.610141,0.616784
proposed,collusion,0.4,True,high,True,reliability_score,0.613520,0.011974,50,0.610201,0.616839
proposed,collusion,0.4,True,high,True,resource_efficiency,0.595168,0.011545,50,0.591968,0.598368
proposed,collusion,0.4,True,high,True,fairness_index,0.785454,0.019305,50,0.780102,0.790805
proposed,collusion,0.4,True,high,True,trust_stability_index,0.714100,0.006916,50,0.712183,0.716017
proposed,collusion,0.4,True,high,True,privacy_exposure_risk,0.469750,0.005865,50,0.468124,0.471375
proposed,collusion,0.4,True,high,True,candidate_privacy_risk,0.545251,0.004486,50,0.544008,0.546495
proposed,collusion,0.4,True,high,True,accepted_privacy_exposure,0.469750,0.005865,50,0.468124,0.471375
proposed,collusion,0.4,True,high,True,avg_trust,0.434185,0.007162,50,0.432200,0.436171
proposed,collusion,0.4,True,high,True,trust_variance,0.071475,0.001729,50,0.070996,0.071954
proposed,collusion,0.4,True,high,True,avg_preference,0.538391,0.006392,50,0.536619,0.540163
proposed,collusion,0.4,True,high,True,avg_reciprocity,0.491287,0.017116,50,0.486542,0.496031
proposed,collusion,0.4,True,high,True,avg_privacy_risk,0.442526,0.008347,50,0.440213,0.444840
proposed,collusion,0.4,True,high,True,avg_total_utility,0.739251,0.003017,50,0.738415,0.740088
proposed,collusion,0.4,True,high,True,avg_system_utility,0.741925,0.001764,50,0.741436,0.742414
proposed,collusion,0.4,True,high,True,avg_social_utility,0.697143,0.005922,50,0.695502,0.698785
proposed,collusion,0.4,True,high,True,avg_resource_utility,0.981833,0.000088,50,0.981809,0.981858
proposed,collusion,0.4,True,high,True,avg_privacy_utility,0.530250,0.005865,50,0.528625,0.531876
proposed,collusion,0.4,True,high,True,avg_incentive_utility,0.757360,0.004664,50,0.756067,0.758652
proposed,collusion,0.4,True,high,True,energy_consumed,0.061369,0.000895,50,0.061121,0.061617
proposed,collusion,0.4,True,high,True,bandwidth_consumed,0.260179,0.004122,50,0.259037,0.261322
proposed,collusion,0.4,True,high,True,compute_consumed,0.347746,0.005429,50,0.346241,0.349251
proposed,collusion,0.4,True,high,True,throughput_mbps,34.349440,0.713299,50,34.151724,34.547156
proposed,collusion,0.4,True,high,True,packet_delivery_ratio,0.647342,0.011350,50,0.644196,0.650489
proposed,collusion,0.4,True,high,True,e2e_delay_ms,96.539620,0.582339,50,96.378204,96.701037
proposed,collusion,0.4,True,high,True,active_nodes,49.987920,0.010498,50,49.985010,49.990830
proposed,collusion,0.4,True,high,True,reputation_honest,0.454954,0.028884,50,0.446948,0.462960
proposed,collusion,0.4,True,high,True,reputation_attacker,0.218303,0.023316,50,0.211840,0.224766
proposed,collusion,0.4,True,high,True,reputation_separation,0.236651,0.038960,50,0.225852,0.247450
proposed,collusion,0.4,True,high,True,attacker_defection_rate,0.787080,0.058888,50,0.770757,0.803403
proposed,collusion,0.4,True,high,True,decision_distortion,0.072238,0.005839,50,0.070620,0.073856
proposed,collusion,0.4,True,high,True,decision_distortion_evidenced,0.068371,0.008116,50,0.066121,0.070620
proposed,collusion,0.4,True,high,True,decision_distortion_counterfactual,0.086759,0.007432,50,0.084699,0.088819
proposed,collusion,0.4,True,high,True,decision_distortion_counterfactual_evidenced,0.088914,0.011342,50,0.085770,0.092058
proposed,none,0.0,True,high,True,generated_tasks,6.996680,0.039817,50,6.985643,7.007717
proposed,none,0.0,True,high,True,completed_tasks,4.850240,0.087167,50,4.826078,4.874402
proposed,none,0.0,True,high,True,attempted_interactions,6.653880,0.075726,50,6.632890,6.674870
proposed,none,0.0,True,high,True,successful_cooperations,4.850240,0.087167,50,4.826078,4.874402
proposed,none,0.0,True,high,True,failed_interactions,1.803640,0.060615,50,1.786838,1.820442
proposed,none,0.0,True,high,True,blocked_privacy_interactions,0.342440,0.071945,50,0.322498,0.362382
proposed,none,0.0,True,high,True,cooperation_rate,0.729103,0.009285,50,0.726529,0.731676
proposed,none,0.0,True,high,True,task_completion_ratio,0.693255,0.012759,50,0.689718,0.696791
proposed,none,0.0,True,high,True,reliability_score,0.693295,0.012753,50,0.689760,0.696830
proposed,none,0.0,True,high,True,resource_efficiency,0.672517,0.012273,50,0.669115,0.675919
proposed,none,0.0,True,high,True,fairness_index,0.868703,0.013043,50,0.865088,0.872318
proposed,none,0.0,True,high,True,trust_stability_index,0.701599,0.005205,50,0.700156,0.703042
proposed,none,0.0,True,high,True,privacy_exposure_risk,0.466452,0.005530,50,0.464919,0.467985
proposed,none,0.0,True,high,True,candidate_privacy_risk,0.537371,0.004580,50,0.536101,0.538640
proposed,none,0.0,True,high,True,accepted_privacy_exposure,0.466452,0.005530,50,0.464919,0.467985
proposed,none,0.0,True,high,True,avg_trust,0.481109,0.007114,50,0.479137,0.483081
proposed,none,0.0,True,high,True,trust_variance,0.074600,0.001301,50,0.074240,0.074961
proposed,none,0.0,True,high,True,avg_preference,0.581603,0.005611,50,0.580048,0.583159
proposed,none,0.0,True,high,True,avg_reciprocity,0.597380,0.016531,50,0.592798,0.601962
proposed,none,0.0,True,high,True,avg_privacy_risk,0.440323,0.007149,50,0.438341,0.442304
proposed,none,0.0,True,high,True,avg_total_utility,0.755561,0.002627,50,0.754833,0.756289
proposed,none,0.0,True,high,True,avg_system_utility,0.750781,0.001900,50,0.750255,0.751308
proposed,none,0.0,True,high,True,avg_social_utility,0.733514,0.005146,50,0.732087,0.734940
proposed,none,0.0,True,high,True,avg_resource_utility,0.981832,0.000093,50,0.981806,0.981858
proposed,none,0.0,True,high,True,avg_privacy_utility,0.533548,0.005530,50,0.532015,0.535081
proposed,none,0.0,True,high,True,avg_incentive_utility,0.788668,0.003935,50,0.787577,0.789758
proposed,none,0.0,True,high,True,energy_consumed,0.061521,0.000745,50,0.061314,0.061728
proposed,none,0.0,True,high,True,bandwidth_consumed,0.260962,0.003489,50,0.259995,0.261929
proposed,none,0.0,True,high,True,compute_consumed,0.348567,0.004303,50,0.347374,0.349759
proposed,none,0.0,True,high,True,throughput_mbps,38.801920,0.697339,50,38.608628,38.995212
proposed,none,0.0,True,high,True,packet_delivery_ratio,0.729103,0.009285,50,0.726529,0.731676
proposed,none,0.0,True,high,True,e2e_delay_ms,96.557771,0.637468,50,96.381074,96.734469
proposed,none,0.0,True,high,True,active_nodes,49.997120,0.005968,50,49.995466,49.998774
proposed,none,0.0,True,high,True,reputation_honest,0.395546,0.025214,50,0.388557,0.402535
proposed,none,0.0,True,high,True,attacker_defection_rate,0.000000,0.000000,50,0.000000,0.000000
proposed,none,0.0,True,high,True,decision_distortion,0.072827,0.003553,50,0.071842,0.073811
proposed,none,0.0,True,high,True,decision_distortion_evidenced,0.065420,0.005695,50,0.063841,0.066999
proposed,none,0.0,True,high,True,decision_distortion_counterfactual,0.083589,0.004314,50,0.082394,0.084785
proposed,none,0.0,True,high,True,decision_distortion_counterfactual_evidenced,0.083668,0.007061,50,0.081710,0.085625
proposed,on_off,0.1,True,high,True,generated_tasks,6.997920,0.035676,50,6.988031,7.007809
proposed,on_off,0.1,True,high,True,completed_tasks,4.783760,0.076191,50,4.762641,4.804879
proposed,on_off,0.1,True,high,True,attempted_interactions,6.653400,0.069959,50,6.634008,6.672792
proposed,on_off,0.1,True,high,True,successful_cooperations,4.783760,0.076191,50,4.762641,4.804879
proposed,on_off,0.1,True,high,True,failed_interactions,1.869640,0.058873,50,1.853321,1.885959
proposed,on_off,0.1,True,high,True,blocked_privacy_interactions,0.344360,0.069593,50,0.325070,0.363650
proposed,on_off,0.1,True,high,True,cooperation_rate,0.718869,0.008637,50,0.716475,0.721263
proposed,on_off,0.1,True,high,True,task_completion_ratio,0.683661,0.010785,50,0.680672,0.686651
proposed,on_off,0.1,True,high,True,reliability_score,0.683675,0.010770,50,0.680689,0.686660
proposed,on_off,0.1,True,high,True,resource_efficiency,0.663204,0.010343,50,0.660336,0.666071
proposed,on_off,0.1,True,high,True,fairness_index,0.864619,0.011503,50,0.861431,0.867808
proposed,on_off,0.1,True,high,True,trust_stability_index,0.703110,0.006799,50,0.701226,0.704995
proposed,on_off,0.1,True,high,True,privacy_exposure_risk,0.469815,0.006760,50,0.467942,0.471689
proposed,on_off,0.1,True,high,True,candidate_privacy_risk,0.539268,0.004406,50,0.538046,0.540489
proposed,on_off,0.1,True,high,True,accepted_privacy_exposure,0.469815,0.006760,50,0.467942,0.471689
proposed,on_off,0.1,True,high,True,avg_trust,0.475063,0.007856,50,0.472885,0.477240
proposed,on_off,0.1,True,high,True,trust_variance,0.074222,0.001700,50,0.073751,0.074694
proposed,on_off,0.1,True,high,True,avg_preference,0.577376,0.006022,50,0.575707,0.579045
proposed,on_off,0.1,True,high,True,avg_reciprocity,0.588972,0.014800,50,0.584870,0.593075
proposed,on_off,0.1,True,high,True,avg_privacy_risk,0.443455,0.008614,50,0.441068,0.445843
proposed,on_off,0.1,True,high,True,avg_total_utility,0.753119,0.002904,50,0.752314,0.753924
proposed,on_off,0.1,True,high,True,avg_system_utility,0.749803,0.001748,50,0.749319,0.750288
proposed,on_off,0.1,True,high,True,avg_social_utility,0.728819,0.005117,50,0.727400,0.730237
proposed,on_off,0.1,True,high,True,avg_resource_utility,0.981826,0.000089,50,0.981802,0.981851
proposed,on_off,0.1,True,high,True,avg_privacy_utility,0.530185,0.006760,50,0.528311,0.532058
proposed,on_off,0.1,True,high,True,avg_incentive_utility,0.785272,0.004068,50,0.784144,0.786400
proposed,on_off,0.1,True,high,True,energy_consumed,0.061517,0.000688,50,0.061327,0.061708
proposed,on_off,0.1,True,high,True,bandwidth_consumed,0.261120,0.003205,50,0.260231,0.262008
proposed,on_off,0.1,True,high,True,compute_consumed,0.348503,0.004599,50,0.347228,0.349778
proposed,on_off,0.1,True,high,True,throughput_mbps,38.270080,0.609525,50,38.101128,38.439032
proposed,on_off,0.1,True,high,True,packet_delivery_ratio,0.718869,0.008637,50,0.716475,0.721263
proposed,on_off,0.1,True,high,True,e2e_delay_ms,96.618760,0.699561,50,96.424852,96.812669
proposed,on_off,0.1,True,high,True,active_nodes,49.997600,0.004061,50,49.996474,49.998726
proposed,on_off,0.1,True,high,True,reputation_honest,0.402273,0.022810,50,0.395950,0.408595
proposed,on_off,0.1,True,high,True,reputation_attacker,0.266926,0.046875,50,0.253933,0.279920
proposed,on_off,0.1,True,high,True,reputation_separation,0.135346,0.053593,50,0.120491,0.150201
proposed,on_off,0.1,True,high,True,attacker_defection_rate,0.411419,0.027811,50,0.403710,0.419128
proposed,on_off,0.1,True,high,True,decision_distortion,0.072386,0.004641,50,0.071100,0.073672
proposed,on_off,0.1,True,high,True,decision_distortion_evidenced,0.065652,0.006878,50,0.063745,0.067558
proposed,on_off,0.1,True,high,True,decision_distortion_counterfactual,0.083526,0.005749,50,0.081933,0.085120
proposed,on_off,0.1,True,high,True,decision_distortion_counterfactual_evidenced,0.084080,0.008478,50,0.081730,0.086429
proposed,on_off,0.2,True,high,True,generated_tasks,6.991280,0.046942,50,6.978268,7.004292
proposed,on_off,0.2,True,high,True,completed_tasks,4.734880,0.096368,50,4.708168,4.761592
proposed,on_off,0.2,True,high,True,attempted_interactions,6.648800,0.095490,50,6.622331,6.675269
proposed,on_off,0.2,True,high,True,successful_cooperations,4.734880,0.096368,50,4.708168,4.761592
proposed,on_off,0.2,True,high,True,failed_interactions,1.913920,0.055118,50,1.898642,1.929198
proposed,on_off,0.2,True,high,True,blocked_privacy_interactions,0.342000,0.075728,50,0.321009,0.362991
proposed,on_off,0.2,True,high,True,cooperation_rate,0.712377,0.007964,50,0.710169,0.714584
proposed,on_off,0.2,True,high,True,task_completion_ratio,0.677414,0.012067,50,0.674069,0.680758
proposed,on_off,0.2,True,high,True,reliability_score,0.677461,0.012079,50,0.674113,0.680809
proposed,on_off,0.2,True,high,True,resource_efficiency,0.657133,0.011554,50,0.653931,0.660336
proposed,on_off,0.2,True,high,True,fairness_index,0.863850,0.012877,50,0.860281,0.867420
proposed,on_off,0.2,True,high,True,trust_stability_index,0.703662,0.006483,50,0.701865,0.705459
proposed,on_off,0.2,True,high,True,privacy_exposure_risk,0.468950,0.006229,50,0.467223,0.470677
proposed,on_off,0.2,True,high,True,candidate_privacy_risk,0.539510,0.004531,50,0.538254,0.540766
proposed,on_off,0.2,True,high,True,accepted_privacy_exposure,0.468950,0.006229,50,0.467223,0.470677
proposed,on_off,0.2,True,high,True,avg_trust,0.472749,0.007998,50,0.470532,0.474965
proposed,on_off,0.2,True,high,True,trust_variance,0.074084,0.001621,50,0.073635,0.074534
proposed,on_off,0.2,True,high,True,avg_preference,0.575746,0.006548,50,0.573931,0.577561
proposed,on_off,0.2,True,high,True,avg_reciprocity,0.584605,0.015946,50,0.580185,0.589025
proposed,on_off,0.2,True,high,True,avg_privacy_risk,0.442808,0.007519,50,0.440724,0.444892
proposed,on_off,0.2,True,high,True,avg_total_utility,0.752114,0.003078,50,0.751261,0.752967
proposed,on_off,0.2,True,high,True,avg_system_utility,0.749279,0.002030,50,0.748716,0.749841
proposed,on_off,0.2,True,high,True,avg_social_utility,0.726215,0.005798,50,0.724608,0.727822
proposed,on_off,0.2,True,high,True,avg_resource_utility,0.981823,0.000081,50,0.981800,0.981845
proposed,on_off,0.2,True,high,True,avg_privacy_utility,0.531050,0.006229,50,0.529323,0.532777
proposed,on_off,0.2,True,high,True,avg_incentive_utility,0.782730,0.004430,50,0.781502,0.783958
proposed,on_off,0.2,True,high,True,energy_consumed,0.061459,0.000907,50,0.061208,0.061711
proposed,on_off,0.2,True,high,True,bandwidth_consumed,0.261120,0.003849,50,0.260054,0.262187
proposed,on_off,0.2,True,high,True,compute_consumed,0.348271,0.005792,50,0.346665,0.349876
proposed,on_off,0.2,True,high,True,throughput_mbps,37.879040,0.770941,50,37.665346,38.092734
proposed,on_off,0.2,True,high,True,packet_delivery_ratio,0.712377,0.007964,50,0.710169,0.714584
proposed,on_off,0.2,True,high,True,e2e_delay_ms,96.348579,0.615252,50,96.178039,96.519118
proposed,on_off,0.2,True,high,True,active_nodes,49.994560,0.008399,50,49.992232,49.996888
proposed,on_off,0.2,True,high,True,reputation_honest,0.420905,0.025229,50,0.413912,0.427898
proposed,on_off,0.2,True,high,True,reputation_attacker,0.266785,0.034645,50,0.257182,0.276388
proposed,on_off,0.2,True,high,True,reputation_separation,0.154120,0.046591,50,0.141205,0.167034
proposed,on_off,0.2,True,high,True,attacker_defection_rate,0.415949,0.023128,50,0.409539,0.422360
proposed,on_off,0.2,True,high,True,decision_distortion,0.072819,0.004889,50,0.071464,0.074175
proposed,on_off,0.2,True,high,True,decision_distortion_evidenced,0.066767,0.007295,50,0.064745,0.068789
proposed,on_off,0.2,True,high,True,decision_distortion_counterfactual,0.084342,0.006411,50,0.082565,0.086119
proposed,on_off,0.2,True,high,True,decision_distortion_counterfactual_evidenced,0.085037,0.009788,50,0.082324,0.087750
proposed,on_off,0.3,True,high,True,generated_tasks,7.001560,0.041493,50,6.990059,7.013061
proposed,on_off,0.3,True,high,True,completed_tasks,4.627760,0.099303,50,4.600235,4.655285
proposed,on_off,0.3,True,high,True,attempted_interactions,6.630400,0.097621,50,6.603341,6.657459
proposed,on_off,0.3,True,high,True,successful_cooperations,4.627760,0.099303,50,4.600235,4.655285
proposed,on_off,0.3,True,high,True,failed_interactions,2.002640,0.065633,50,1.984448,2.020832
proposed,on_off,0.3,True,high,True,blocked_privacy_interactions,0.370840,0.080961,50,0.348399,0.393281
proposed,on_off,0.3,True,high,True,cooperation_rate,0.698090,0.009433,50,0.695475,0.700705
proposed,on_off,0.3,True,high,True,task_completion_ratio,0.660901,0.012887,50,0.657329,0.664473
proposed,on_off,0.3,True,high,True,reliability_score,0.660935,0.012898,50,0.657360,0.664510
proposed,on_off,0.3,True,high,True,resource_efficiency,0.641205,0.012390,50,0.637771,0.644640
proposed,on_off,0.3,True,high,True,fairness_index,0.863237,0.014592,50,0.859192,0.867281
proposed,on_off,0.3,True,high,True,trust_stability_index,0.708410,0.007804,50,0.706247,0.710573
proposed,on_off,0.3,True,high,True,privacy_exposure_risk,0.473885,0.006813,50,0.471997,0.475774
proposed,on_off,0.3,True,high,True,candidate_privacy_risk,0.542751,0.004770,50,0.541429,0.544074
proposed,on_off,0.3,True,high,True,accepted_privacy_exposure,0.473885,0.006813,50,0.471997,0.475774
proposed,on_off,0.3,True,high,True,avg_trust,0.463374,0.008625,50,0.460983,0.465764
proposed,on_off,0.3,True,high,True,trust_variance,0.072897,0.001951,50,0.072357,0.073438
proposed,on_off,0.3,True,high,True,avg_preference,0.569328,0.006348,50,0.567568,0.571088
proposed,on_off,0.3,True,high,True,avg_reciprocity,0.574408,0.015371,50,0.570148,0.578669
proposed,on_off,0.3,True,high,True,avg_privacy_risk,0.445366,0.008558,50,0.442994,0.447738
proposed,on_off,0.3,True,high,True,avg_total_utility,0.748352,0.003122,50,0.747486,0.749217
proposed,on_off,0.3,True,high,True,avg_system_utility,0.747686,0.001690,50,0.747218,0.748155
proposed,on_off,0.3,True,high,True,avg_social_utility,0.718916,0.005780,50,0.717314,0.720518
proposed,on_off,0.3,True,high,True,avg_resource_utility,0.981833,0.000088,50,0.981809,0.981857
proposed,on_off,0.3,True,high,True,avg_privacy_utility,0.526115,0.006813,50,0.524226,0.528003
proposed,on_off,0.3,True,high,True,avg_incentive_utility,0.777465,0.004329,50,0.776265,0.778665
proposed,on_off,0.3,True,high,True,energy_consumed,0.061311,0.000936,50,0.061052,0.061570
proposed,on_off,0.3,True,high,True,bandwidth_consumed,0.259962,0.003943,50,0.258869,0.261055
proposed,on_off,0.3,True,high,True,compute_consumed,0.347345,0.005740,50,0.345754,0.348936
proposed,on_off,0.3,True,high,True,throughput_mbps,37.022080,0.794421,50,36.801878,37.242282
proposed,on_off,0.3,True,high,True,packet_delivery_ratio,0.698090,0.009433,50,0.695475,0.700705
proposed,on_off,0.3,True,high,True,e2e_delay_ms,96.455467,0.632229,50,96.280222,96.630712
proposed,on_off,0.3,True,high,True,active_nodes,49.996320,0.005589,50,49.994771,49.997869
proposed,on_off,0.3,True,high,True,reputation_honest,0.423380,0.033347,50,0.414137,0.432624
proposed,on_off,0.3,True,high,True,reputation_attacker,0.274953,0.030059,50,0.266621,0.283285
proposed,on_off,0.3,True,high,True,reputation_separation,0.148428,0.047177,50,0.135351,0.161505
proposed,on_off,0.3,True,high,True,attacker_defection_rate,0.412177,0.018768,50,0.406975,0.417379
proposed,on_off,0.3,True,high,True,decision_distortion,0.071902,0.005039,50,0.070505,0.073299
proposed,on_off,0.3,True,high,True,decision_distortion_evidenced,0.065683,0.007569,50,0.063585,0.067781
proposed,on_off,0.3,True,high,True,decision_distortion_counterfactual,0.083445,0.006151,50,0.081740,0.085150
proposed,on_off,0.3,True,high,True,decision_distortion_counterfactual_evidenced,0.083562,0.009464,50,0.080938,0.086185
proposed,on_off,0.4,True,high,True,generated_tasks,6.990080,0.031800,50,6.981265,6.998895
proposed,on_off,0.4,True,high,True,completed_tasks,4.534680,0.097774,50,4.507578,4.561782
proposed,on_off,0.4,True,high,True,attempted_interactions,6.600240,0.087960,50,6.575859,6.624621
proposed,on_off,0.4,True,high,True,successful_cooperations,4.534680,0.097774,50,4.507578,4.561782
proposed,on_off,0.4,True,high,True,failed_interactions,2.065560,0.059062,50,2.049189,2.081931
proposed,on_off,0.4,True,high,True,blocked_privacy_interactions,0.389480,0.079460,50,0.367455,0.411505
proposed,on_off,0.4,True,high,True,cooperation_rate,0.687349,0.009317,50,0.684766,0.689931
proposed,on_off,0.4,True,high,True,task_completion_ratio,0.648954,0.013617,50,0.645180,0.652729
proposed,on_off,0.4,True,high,True,reliability_score,0.648984,0.013610,50,0.645211,0.652756
proposed,on_off,0.4,True,high,True,resource_efficiency,0.629658,0.013063,50,0.626038,0.633279
proposed,on_off,0.4,True,high,True,fairness_index,0.862187,0.012815,50,0.858635,0.865740
proposed,on_off,0.4,True,high,True,trust_stability_index,0.709837,0.005884,50,0.708206,0.711468
proposed,on_off,0.4,True,high,True,privacy_exposure_risk,0.475776,0.006122,50,0.474079,0.477473
proposed,on_off,0.4,True,high,True,candidate_privacy_risk,0.544094,0.004435,50,0.542865,0.545323
proposed,on_off,0.4,True,high,True,accepted_privacy_exposure,0.475776,0.006122,50,0.474079,0.477473
proposed,on_off,0.4,True,high,True,avg_trust,0.460530,0.008310,50,0.458227,0.462834
proposed,on_off,0.4,True,high,True,trust_variance,0.072541,0.001471,50,0.072133,0.072948
proposed,on_off,0.4,True,high,True,avg_preference,0.567543,0.005596,50,0.565992,0.569094
proposed,on_off,0.4,True,high,True,avg_reciprocity,0.571946,0.014926,50,0.567809,0.576084
proposed,on_off,0.4,True,high,True,avg_privacy_risk,0.445651,0.008191,50,0.443381,0.447922
proposed,on_off,0.4,True,high,True,avg_total_utility,0.746149,0.003134,50,0.745281,0.747018
proposed,on_off,0.4,True,high,True,avg_system_utility,0.746906,0.001687,50,0.746439,0.747374
proposed,on_off,0.4,True,high,True,avg_social_utility,0.713839,0.005957,50,0.712188,0.715490
proposed,on_off,0.4,True,high,True,avg_resource_utility,0.981836,0.000085,50,0.981812,0.981859
proposed,on_off,0.4,True,high,True,avg_privacy_utility,0.524224,0.006122,50,0.522527,0.525921
proposed,on_off,0.4,True,high,True,avg_incentive_utility,0.774207,0.004444,50,0.772975,0.775439
proposed,on_off,0.4,True,high,True,energy_consumed,0.061015,0.000849,50,0.060779,0.061250
proposed,on_off,0.4,True,high,True,bandwidth_consumed,0.259297,0.003768,50,0.258252,0.260341
proposed,on_off,0.4,True,high,True,compute_consumed,0.345151,0.005506,50,0.343625,0.346677
proposed,on_off,0.4,True,high,True,throughput_mbps,36.277440,0.782193,50,36.060627,36.494253
proposed,on_off,0.4,True,high,True,packet_delivery_ratio,0.687349,0.009317,50,0.684766,0.689931
proposed,on_off,0.4,True,high,True,e2e_delay_ms,96.298072,0.578839,50,96.137626,96.458518
proposed,on_off,0.4,True,high,True,active_nodes,49.994840,0.006976,50,49.992906,49.996774
proposed,on_off,0.4,True,high,True,reputation_honest,0.422709,0.040849,50,0.411386,0.434031
proposed,on_off,0.4,True,high,True,reputation_attacker,0.271919,0.025560,50,0.264834,0.279004
proposed,on_off,0.4,True,high,True,reputation_separation,0.150790,0.054107,50,0.135792,0.165787
proposed,on_off,0.4,True,high,True,attacker_defection_rate,0.410944,0.011875,50,0.407653,0.414236
proposed,on_off,0.4,True,high,True,decision_distortion,0.071180,0.005941,50,0.069533,0.072827
proposed,on_off,0.4,True,high,True,decision_distortion_evidenced,0.064985,0.008754,50,0.062558,0.067411
proposed,on_off,0.4,True,high,True,decision_distortion_counterfactual,0.083233,0.007576,50,0.081133,0.085333
proposed,on_off,0.4,True,high,True,decision_distortion_counterfactual_evidenced,0.083146,0.010852,50,0.080138,0.086153
proposed,reciprocity_exploitation,0.1,True,high,True,generated_tasks,6.988720,0.034020,50,6.979290,6.998150
proposed,reciprocity_exploitation,0.1,True,high,True,completed_tasks,4.731120,0.097342,50,4.704138,4.758102
proposed,reciprocity_exploitation,0.1,True,high,True,attempted_interactions,6.649480,0.083863,50,6.626234,6.672726
proposed,reciprocity_exploitation,0.1,True,high,True,successful_cooperations,4.731120,0.097342,50,4.704138,4.758102
proposed,reciprocity_exploitation,0.1,True,high,True,failed_interactions,1.918360,0.061920,50,1.901197,1.935523
proposed,reciprocity_exploitation,0.1,True,high,True,blocked_privacy_interactions,0.338880,0.075445,50,0.317968,0.359792
proposed,reciprocity_exploitation,0.1,True,high,True,cooperation_rate,0.711603,0.009544,50,0.708957,0.714248
proposed,reciprocity_exploitation,0.1,True,high,True,task_completion_ratio,0.677024,0.012973,50,0.673428,0.680620
proposed,reciprocity_exploitation,0.1,True,high,True,reliability_score,0.677054,0.012966,50,0.673460,0.680648
proposed,reciprocity_exploitation,0.1,True,high,True,resource_efficiency,0.656780,0.012440,50,0.653332,0.660228
proposed,reciprocity_exploitation,0.1,True,high,True,fairness_index,0.851491,0.014059,50,0.847594,0.855388
proposed,reciprocity_exploitation,0.1,True,high,True,trust_stability_index,0.702742,0.005962,50,0.701089,0.704394
proposed,reciprocity_exploitation,0.1,True,high,True,privacy_exposure_risk,0.468965,0.006054,50,0.467287,0.470643
proposed,reciprocity_exploitation,0.1,True,high,True,candidate_privacy_risk,0.541140,0.004532,50,0.539884,0.542396
proposed,reciprocity_exploitation,0.1,True,high,True,accepted_privacy_exposure,0.468965,0.006054,50,0.467287,0.470643
proposed,reciprocity_exploitation,0.1,True,high,True,avg_trust,0.470062,0.008955,50,0.467580,0.472544
proposed,reciprocity_exploitation,0.1,True,high,True,trust_variance,0.074315,0.001491,50,0.073902,0.074728
proposed,reciprocity_exploitation,0.1,True,high,True,avg_preference,0.572379,0.006875,50,0.570473,0.574285
proposed,reciprocity_exploitation,0.1,True,high,True,avg_reciprocity,0.576169,0.015945,50,0.571749,0.580588
proposed,reciprocity_exploitation,0.1,True,high,True,avg_privacy_risk,0.443072,0.008090,50,0.440830,0.445315
proposed,reciprocity_exploitation,0.1,True,high,True,avg_total_utility,0.751912,0.002921,50,0.751102,0.752721
proposed,reciprocity_exploitation,0.1,True,high,True,avg_system_utility,0.749299,0.001824,50,0.748794,0.749805
proposed,reciprocity_exploitation,0.1,True,high,True,avg_social_utility,0.725723,0.005757,50,0.724127,0.727319
proposed,reciprocity_exploitation,0.1,True,high,True,avg_resource_utility,0.981847,0.000096,50,0.981820,0.981874
proposed,reciprocity_exploitation,0.1,True,high,True,avg_privacy_utility,0.531035,0.006054,50,0.529357,0.532713
proposed,reciprocity_exploitation,0.1,True,high,True,avg_incentive_utility,0.782126,0.004477,50,0.780885,0.783367
proposed,reciprocity_exploitation,0.1,True,high,True,energy_consumed,0.061420,0.000855,50,0.061183,0.061657
proposed,reciprocity_exploitation,0.1,True,high,True,bandwidth_consumed,0.260715,0.003942,50,0.259623,0.261808
proposed,reciprocity_exploitation,0.1,True,high,True,compute_consumed,0.347953,0.005269,50,0.346493,0.349413
proposed,reciprocity_exploitation,0.1,True,high,True,throughput_mbps,37.848960,0.778736,50,37.633106,38.064814
proposed,reciprocity_exploitation,0.1,True,high,True,packet_delivery_ratio,0.711603,0.009544,50,0.708957,0.714248
proposed,reciprocity_exploitation,0.1,True,high,True,e2e_delay_ms,96.411524,0.650599,50,96.231187,96.591861
proposed,reciprocity_exploitation,0.1,True,high,True,active_nodes,49.995120,0.007626,50,49.993006,49.997234
proposed,reciprocity_exploitation,0.1,True,high,True,reputation_honest,0.406158,0.027746,50,0.398467,0.413849
proposed,reciprocity_exploitation,0.1,True,high,True,reputation_attacker,0.206768,0.007018,50,0.204823,0.208713
proposed,reciprocity_exploitation,0.1,True,high,True,reputation_separation,0.199390,0.029454,50,0.191226,0.207554
proposed,reciprocity_exploitation,0.1,True,high,True,attacker_defection_rate,0.901974,0.032430,50,0.892984,0.910963
proposed,reciprocity_exploitation,0.1,True,high,True,decision_distortion,0.072598,0.003482,50,0.071633,0.073564
proposed,reciprocity_exploitation,0.1,True,high,True,decision_distortion_evidenced,0.066169,0.005422,50,0.064666,0.067672
proposed,reciprocity_exploitation,0.1,True,high,True,decision_distortion_counterfactual,0.083908,0.004044,50,0.082787,0.085029
proposed,reciprocity_exploitation,0.1,True,high,True,decision_distortion_counterfactual_evidenced,0.084425,0.006537,50,0.082613,0.086237
proposed,reciprocity_exploitation,0.2,True,high,True,generated_tasks,6.988200,0.035233,50,6.978434,6.997966
proposed,reciprocity_exploitation,0.2,True,high,True,completed_tasks,4.611400,0.089821,50,4.586503,4.636297
proposed,reciprocity_exploitation,0.2,True,high,True,attempted_interactions,6.629320,0.074002,50,6.608808,6.649832
proposed,reciprocity_exploitation,0.2,True,high,True,successful_cooperations,4.611400,0.089821,50,4.586503,4.636297
proposed,reciprocity_exploitation,0.2,True,high,True,failed_interactions,2.017920,0.070887,50,1.998271,2.037569
proposed,reciprocity_exploitation,0.2,True,high,True,blocked_privacy_interactions,0.358280,0.062466,50,0.340965,0.375595
proposed,reciprocity_exploitation,0.2,True,high,True,cooperation_rate,0.695881,0.010395,50,0.693000,0.698763
proposed,reciprocity_exploitation,0.2,True,high,True,task_completion_ratio,0.660095,0.012600,50,0.656602,0.663587
proposed,reciprocity_exploitation,0.2,True,high,True,reliability_score,0.660146,0.012610,50,0.656651,0.663641
proposed,reciprocity_exploitation,0.2,True,high,True,resource_efficiency,0.640387,0.012122,50,0.637027,0.643747
proposed,reciprocity_exploitation,0.2,True,high,True,fairness_index,0.827062,0.014301,50,0.823098,0.831026
proposed,reciprocity_exploitation,0.2,True,high,True,trust_stability_index,0.703763,0.006321,50,0.702011,0.705515
proposed,reciprocity_exploitation,0.2,True,high,True,privacy_exposure_risk,0.468888,0.006230,50,0.467162,0.470615
proposed,reciprocity_exploitation,0.2,True,high,True,candidate_privacy_risk,0.542446,0.004283,50,0.541259,0.543633
proposed,reciprocity_exploitation,0.2,True,high,True,accepted_privacy_exposure,0.468888,0.006230,50,0.467162,0.470615
proposed,reciprocity_exploitation,0.2,True,high,True,avg_trust,0.462195,0.009460,50,0.459572,0.464817
proposed,reciprocity_exploitation,0.2,True,high,True,trust_variance,0.074059,0.001580,50,0.073621,0.074497
proposed,reciprocity_exploitation,0.2,True,high,True,avg_preference,0.564989,0.007393,50,0.562939,0.567038
proposed,reciprocity_exploitation,0.2,True,high,True,avg_reciprocity,0.557880,0.018875,50,0.552648,0.563112
proposed,reciprocity_exploitation,0.2,True,high,True,avg_privacy_risk,0.441628,0.007868,50,0.439447,0.443809
proposed,reciprocity_exploitation,0.2,True,high,True,avg_total_utility,0.748634,0.003198,50,0.747748,0.749521
proposed,reciprocity_exploitation,0.2,True,high,True,avg_system_utility,0.747098,0.002013,50,0.746540,0.747656
proposed,reciprocity_exploitation,0.2,True,high,True,avg_social_utility,0.718494,0.006331,50,0.716739,0.720248
proposed,reciprocity_exploitation,0.2,True,high,True,avg_resource_utility,0.981834,0.000088,50,0.981810,0.981859
proposed,reciprocity_exploitation,0.2,True,high,True,avg_privacy_utility,0.531112,0.006230,50,0.529385,0.532838
proposed,reciprocity_exploitation,0.2,True,high,True,avg_incentive_utility,0.775705,0.004846,50,0.774362,0.777048
proposed,reciprocity_exploitation,0.2,True,high,True,energy_consumed,0.061280,0.000761,50,0.061069,0.061491
proposed,reciprocity_exploitation,0.2,True,high,True,bandwidth_consumed,0.260156,0.003393,50,0.259215,0.261096
proposed,reciprocity_exploitation,0.2,True,high,True,compute_consumed,0.347244,0.005055,50,0.345843,0.348645
proposed,reciprocity_exploitation,0.2,True,high,True,throughput_mbps,36.891200,0.718567,50,36.692023,37.090377
proposed,reciprocity_exploitation,0.2,True,high,True,packet_delivery_ratio,0.695881,0.010395,50,0.693000,0.698763
proposed,reciprocity_exploitation,0.2,True,high,True,e2e_delay_ms,96.566712,0.509679,50,96.425436,96.707988
proposed,reciprocity_exploitation,0.2,True,high,True,active_nodes,49.993320,0.008895,50,49.990854,49.995786
proposed,reciprocity_exploitation,0.2,True,high,True,reputation_honest,0.417419,0.034857,50,0.407757,0.427081
proposed,reciprocity_exploitation,0.2,True,high,True,reputation_attacker,0.206432,0.003466,50,0.205471,0.207393
proposed,reciprocity_exploitation,0.2,True,high,True,reputation_separation,0.210987,0.035103,50,0.201257,0.220717
proposed,reciprocity_exploitation,0.2,True,high,True,attacker_defection_rate,0.900867,0.022238,50,0.894702,0.907031
proposed,reciprocity_exploitation,0.2,True,high,True,decision_distortion,0.071594,0.004805,50,0.070262,0.072926
proposed,reciprocity_exploitation,0.2,True,high,True,decision_distortion_evidenced,0.065742,0.006838,50,0.063846,0.067637
proposed,reciprocity_exploitation,0.2,True,high,True,decision_distortion_counterfactual,0.083684,0.005804,50,0.082075,0.085293
proposed,reciprocity_exploitation,0.2,True,high,True,decision_distortion_counterfactual_evidenced,0.084277,0.008819,50,0.081833,0.086722
proposed,reciprocity_exploitation,0.3,True,high,True,generated_tasks,7.003440,0.038264,50,6.992834,7.014046
proposed,reciprocity_exploitation,0.3,True,high,True,completed_tasks,4.443840,0.101022,50,4.415838,4.471842
proposed,reciprocity_exploitation,0.3,True,high,True,attempted_interactions,6.633920,0.080285,50,6.611666,6.656174
proposed,reciprocity_exploitation,0.3,True,high,True,successful_cooperations,4.443840,0.101022,50,4.415838,4.471842
proposed,reciprocity_exploitation,0.3,True,high,True,failed_interactions,2.190080,0.079340,50,2.168088,2.212072
proposed,reciprocity_exploitation,0.3,True,high,True,blocked_privacy_interactions,0.368560,0.074238,50,0.347982,0.389138
proposed,reciprocity_exploitation,0.3,True,high,True,cooperation_rate,0.670121,0.012108,50,0.666765,0.673477
proposed,reciprocity_exploitation,0.3,True,high,True,task_completion_ratio,0.634551,0.014014,50,0.630667,0.638436
proposed,reciprocity_exploitation,0.3,True,high,True,reliability_score,0.634643,0.014028,50,0.630755,0.638531
proposed,reciprocity_exploitation,0.3,True,high,True,resource_efficiency,0.615613,0.013512,50,0.611867,0.619358
proposed,reciprocity_exploitation,0.3,True,high,True,fairness_index,0.801694,0.011728,50,0.798443,0.804945
proposed,reciprocity_exploitation,0.3,True,high,True,trust_stability_index,0.710329,0.007508,50,0.708248,0.712410
proposed,reciprocity_exploitation,0.3,True,high,True,privacy_exposure_risk,0.471270,0.006936,50,0.469348,0.473193
proposed,reciprocity_exploitation,0.3,True,high,True,candidate_privacy_risk,0.546228,0.004215,50,0.545059,0.547396
proposed,reciprocity_exploitation,0.3,True,high,True,accepted_privacy_exposure,0.471270,0.006936,50,0.469348,0.473193
proposed,reciprocity_exploitation,0.3,True,high,True,avg_trust,0.446807,0.009997,50,0.444036,0.449578
proposed,reciprocity_exploitation,0.3,True,high,True,trust_variance,0.072418,0.001877,50,0.071897,0.072938
proposed,reciprocity_exploitation,0.3,True,high,True,avg_preference,0.551360,0.007309,50,0.549334,0.553386
proposed,reciprocity_exploitation,0.3,True,high,True,avg_reciprocity,0.526994,0.017311,50,0.522196,0.531793
proposed,reciprocity_exploitation,0.3,True,high,True,avg_privacy_risk,0.443160,0.008015,50,0.440938,0.445382
proposed,reciprocity_exploitation,0.3,True,high,True,avg_total_utility,0.743179,0.003716,50,0.742149,0.744209
proposed,reciprocity_exploitation,0.3,True,high,True,avg_system_utility,0.744147,0.001941,50,0.743609,0.744685
proposed,reciprocity_exploitation,0.3,True,high,True,avg_social_utility,0.706714,0.006968,50,0.704783,0.708645
proposed,reciprocity_exploitation,0.3,True,high,True,avg_resource_utility,0.981804,0.000070,50,0.981784,0.981823
proposed,reciprocity_exploitation,0.3,True,high,True,avg_privacy_utility,0.528730,0.006936,50,0.526807,0.530652
proposed,reciprocity_exploitation,0.3,True,high,True,avg_incentive_utility,0.766008,0.005351,50,0.764525,0.767492
proposed,reciprocity_exploitation,0.3,True,high,True,energy_consumed,0.061381,0.000791,50,0.061162,0.061600
proposed,reciprocity_exploitation,0.3,True,high,True,bandwidth_consumed,0.260728,0.003814,50,0.259671,0.261785
proposed,reciprocity_exploitation,0.3,True,high,True,compute_consumed,0.347940,0.004353,50,0.346734,0.349147
proposed,reciprocity_exploitation,0.3,True,high,True,throughput_mbps,35.550720,0.808179,50,35.326704,35.774736
proposed,reciprocity_exploitation,0.3,True,high,True,packet_delivery_ratio,0.670121,0.012108,50,0.666765,0.673477
proposed,reciprocity_exploitation,0.3,True,high,True,e2e_delay_ms,96.658395,0.628239,50,96.484256,96.832534
proposed,reciprocity_exploitation,0.3,True,high,True,active_nodes,49.990040,0.010891,50,49.987021,49.993059
proposed,reciprocity_exploitation,0.3,True,high,True,reputation_honest,0.436416,0.034903,50,0.426741,0.446090
proposed,reciprocity_exploitation,0.3,True,high,True,reputation_attacker,0.204866,0.003016,50,0.204030,0.205702
proposed,reciprocity_exploitation,0.3,True,high,True,reputation_separation,0.231549,0.034538,50,0.221976,0.241123
proposed,reciprocity_exploitation,0.3,True,high,True,attacker_defection_rate,0.904144,0.019066,50,0.898859,0.909429
proposed,reciprocity_exploitation,0.3,True,high,True,decision_distortion,0.073086,0.005080,50,0.071678,0.074495
proposed,reciprocity_exploitation,0.3,True,high,True,decision_distortion_evidenced,0.067573,0.006873,50,0.065668,0.069478
proposed,reciprocity_exploitation,0.3,True,high,True,decision_distortion_counterfactual,0.086202,0.006576,50,0.084379,0.088025
proposed,reciprocity_exploitation,0.3,True,high,True,decision_distortion_counterfactual_evidenced,0.087026,0.009138,50,0.084493,0.089559
proposed,reciprocity_exploitation,0.4,True,high,True,generated_tasks,6.995800,0.043566,50,6.983724,7.007876
proposed,reciprocity_exploitation,0.4,True,high,True,completed_tasks,4.240000,0.083290,50,4.216913,4.263087
proposed,reciprocity_exploitation,0.4,True,high,True,attempted_interactions,6.619680,0.067557,50,6.600954,6.638406
proposed,reciprocity_exploitation,0.4,True,high,True,successful_cooperations,4.240000,0.083290,50,4.216913,4.263087
proposed,reciprocity_exploitation,0.4,True,high,True,failed_interactions,2.379680,0.087085,50,2.355541,2.403819
proposed,reciprocity_exploitation,0.4,True,high,True,blocked_privacy_interactions,0.374800,0.065589,50,0.356620,0.392980
proposed,reciprocity_exploitation,0.4,True,high,True,cooperation_rate,0.640927,0.012407,50,0.637488,0.644366
proposed,reciprocity_exploitation,0.4,True,high,True,task_completion_ratio,0.605915,0.011421,50,0.602749,0.609081
proposed,reciprocity_exploitation,0.4,True,high,True,reliability_score,0.606018,0.011414,50,0.602854,0.609181
proposed,reciprocity_exploitation,0.4,True,high,True,resource_efficiency,0.587881,0.011092,50,0.584806,0.590955
proposed,reciprocity_exploitation,0.4,True,high,True,fairness_index,0.770491,0.013960,50,0.766621,0.774360
proposed,reciprocity_exploitation,0.4,True,high,True,trust_stability_index,0.717246,0.007078,50,0.715284,0.719208
proposed,reciprocity_exploitation,0.4,True,high,True,privacy_exposure_risk,0.471104,0.005634,50,0.469542,0.472666
proposed,reciprocity_exploitation,0.4,True,high,True,candidate_privacy_risk,0.547798,0.003501,50,0.546827,0.548768
proposed,reciprocity_exploitation,0.4,True,high,True,accepted_privacy_exposure,0.471104,0.005634,50,0.469542,0.472666
proposed,reciprocity_exploitation,0.4,True,high,True,avg_trust,0.431612,0.007616,50,0.429501,0.433723
proposed,reciprocity_exploitation,0.4,True,high,True,trust_variance,0.070689,0.001770,50,0.070198,0.071179
proposed,reciprocity_exploitation,0.4,True,high,True,avg_preference,0.537714,0.005624,50,0.536156,0.539273
proposed,reciprocity_exploitation,0.4,True,high,True,avg_reciprocity,0.495015,0.016118,50,0.490548,0.499483
proposed,reciprocity_exploitation,0.4,True,high,True,avg_privacy_risk,0.442889,0.007849,50,0.440714,0.445065
proposed,reciprocity_exploitation,0.4,True,high,True,avg_total_utility,0.737868,0.002939,50,0.737053,0.738682
proposed,reciprocity_exploitation,0.4,True,high,True,avg_system_utility,0.741002,0.001990,50,0.740451,0.741554
proposed,reciprocity_exploitation,0.4,True,high,True,avg_social_utility,0.694567,0.005708,50,0.692985,0.696150
proposed,reciprocity_exploitation,0.4,True,high,True,avg_resource_utility,0.981827,0.000106,50,0.981798,0.981856
proposed,reciprocity_exploitation,0.4,True,high,True,avg_privacy_utility,0.528896,0.005634,50,0.527334,0.530458
proposed,reciprocity_exploitation,0.4,True,high,True,avg_incentive_utility,0.755390,0.004879,50,0.754037,0.756742
proposed,reciprocity_exploitation,0.4,True,high,True,energy_consumed,0.061214,0.000725,50,0.061013,0.061415
proposed,reciprocity_exploitation,0.4,True,high,True,bandwidth_consumed,0.259696,0.003447,50,0.258740,0.260651
proposed,reciprocity_exploitation,0.4,True,high,True,compute_consumed,0.346939,0.004771,50,0.345617,0.348262
proposed,reciprocity_exploitation,0.4,True,high,True,throughput_mbps,33.920000,0.666316,50,33.735307,34.104693
proposed,reciprocity_exploitation,0.4,True,high,True,packet_delivery_ratio,0.640927,0.012407,50,0.637488,0.644366
proposed,reciprocity_exploitation,0.4,True,high,True,e2e_delay_ms,96.425063,0.564744,50,96.268524,96.581602
proposed,reciprocity_exploitation,0.4,True,high,True,active_nodes,49.984360,0.014232,50,49.980415,49.988305
proposed,reciprocity_exploitation,0.4,True,high,True,reputation_honest,0.452560,0.029664,50,0.444338,0.460783
proposed,reciprocity_exploitation,0.4,True,high,True,reputation_attacker,0.204024,0.004401,50,0.202804,0.205244
proposed,reciprocity_exploitation,0.4,True,high,True,reputation_separation,0.248536,0.030300,50,0.240138,0.256935
proposed,reciprocity_exploitation,0.4,True,high,True,attacker_defection_rate,0.900940,0.016222,50,0.896443,0.905436
proposed,reciprocity_exploitation,0.4,True,high,True,decision_distortion,0.069495,0.007196,50,0.067501,0.071490
proposed,reciprocity_exploitation,0.4,True,high,True,decision_distortion_evidenced,0.063574,0.009403,50,0.060968,0.066181
proposed,reciprocity_exploitation,0.4,True,high,True,decision_distortion_counterfactual,0.083116,0.009067,50,0.080603,0.085630
proposed,reciprocity_exploitation,0.4,True,high,True,decision_distortion_counterfactual_evidenced,0.082475,0.012334,50,0.079056,0.085894
proposed,selective,0.1,True,high,True,generated_tasks,6.993920,0.042104,50,6.982249,7.005591
proposed,selective,0.1,True,high,True,completed_tasks,4.729120,0.099277,50,4.701602,4.756638
proposed,selective,0.1,True,high,True,attempted_interactions,6.651800,0.088722,50,6.627208,6.676392
proposed,selective,0.1,True,high,True,successful_cooperations,4.729120,0.099277,50,4.701602,4.756638
proposed,selective,0.1,True,high,True,failed_interactions,1.922680,0.062599,50,1.905328,1.940032
proposed,selective,0.1,True,high,True,blocked_privacy_interactions,0.341560,0.076324,50,0.320404,0.362716
proposed,selective,0.1,True,high,True,cooperation_rate,0.710972,0.009528,50,0.708331,0.713613
proposed,selective,0.1,True,high,True,task_completion_ratio,0.676113,0.013006,50,0.672508,0.679718
proposed,selective,0.1,True,high,True,reliability_score,0.676158,0.012987,50,0.672558,0.679758
proposed,selective,0.1,True,high,True,resource_efficiency,0.655895,0.012514,50,0.652427,0.659364
proposed,selective,0.1,True,high,True,fairness_index,0.847869,0.014424,50,0.843871,0.851867
proposed,selective,0.1,True,high,True,trust_stability_index,0.703644,0.006016,50,0.701976,0.705311
proposed,selective,0.1,True,high,True,privacy_exposure_risk,0.469318,0.006448,50,0.467530,0.471105
proposed,selective,0.1,True,high,True,candidate_privacy_risk,0.540810,0.004810,50,0.539477,0.542144
proposed,selective,0.1,True,high,True,accepted_privacy_exposure,0.469318,0.006448,50,0.467530,0.471105
proposed,selective,0.1,True,high,True,avg_trust,0.469896,0.008925,50,0.467422,0.472370
proposed,selective,0.1,True,high,True,trust_variance,0.074089,0.001504,50,0.073672,0.074506
proposed,selective,0.1,True,high,True,avg_preference,0.572122,0.006972,50,0.570190,0.574055
proposed,selective,0.1,True,high,True,avg_reciprocity,0.576360,0.017633,50,0.571473,0.581248
proposed,selective,0.1,True,high,True,avg_privacy_risk,0.443195,0.008188,50,0.440925,0.445465
proposed,selective,0.1,True,high,True,avg_total_utility,0.751927,0.002747,50,0.751166,0.752689
proposed,selective,0.1,True,high,True,avg_system_utility,0.749256,0.001834,50,0.748747,0.749764
proposed,selective,0.1,True,high,True,avg_social_utility,0.726004,0.005075,50,0.724598,0.727411
proposed,selective,0.1,True,high,True,avg_resource_utility,0.981837,0.000085,50,0.981813,0.981860
proposed,selective,0.1,True,high,True,avg_privacy_utility,0.530682,0.006448,50,0.528895,0.532470
proposed,selective,0.1,True,high,True,avg_incentive_utility,0.782280,0.004060,50,0.781155,0.783406
proposed,selective,0.1,True,high,True,energy_consumed,0.061479,0.000795,50,0.061259,0.061700
proposed,selective,0.1,True,high,True,bandwidth_consumed,0.260727,0.003833,50,0.259664,0.261789
proposed,selective,0.1,True,high,True,compute_consumed,0.348428,0.005100,50,0.347014,0.349841
proposed,selective,0.1,True,high,True,throughput_mbps,37.832960,0.794214,50,37.612815,38.053105
proposed,selective,0.1,True,high,True,packet_delivery_ratio,0.710972,0.009528,50,0.708331,0.713613
proposed,selective,0.1,True,high,True,e2e_delay_ms,96.503618,0.660359,50,96.320576,96.686660
proposed,selective,0.1,True,high,True,active_nodes,49.995000,0.006145,50,49.993297,49.996703
proposed,selective,0.1,True,high,True,reputation_honest,0.406750,0.028036,50,0.398979,0.414521
proposed,selective,0.1,True,high,True,reputation_attacker,0.204090,0.004991,50,0.202707,0.205473
proposed,selective,0.1,True,high,True,reputation_separation,0.202660,0.029347,50,0.194525,0.210794
proposed,selective,0.1,True,high,True,attacker_defection_rate,0.950934,0.023380,50,0.944453,0.957414
proposed,selective,0.1,True,high,True,decision_distortion,0.072771,0.003414,50,0.071825,0.073717
proposed,selective,0.1,True,high,True,decision_distortion_evidenced,0.066111,0.006158,50,0.064404,0.067818
proposed,selective,0.1,True,high,True,decision_distortion_counterfactual,0.083984,0.004912,50,0.082623,0.085346
proposed,selective,0.1,True,high,True,decision_distortion_counterfactual_evidenced,0.084435,0.008293,50,0.082136,0.086733
proposed,selective,0.2,True,high,True,generated_tasks,6.999160,0.032287,50,6.990210,7.008110
proposed,selective,0.2,True,high,True,completed_tasks,4.592520,0.091009,50,4.567294,4.617746
proposed,selective,0.2,True,high,True,attempted_interactions,6.645760,0.069412,50,6.626520,6.665000
proposed,selective,0.2,True,high,True,successful_cooperations,4.592520,0.091009,50,4.567294,4.617746
proposed,selective,0.2,True,high,True,failed_interactions,2.053240,0.079138,50,2.031304,2.075176
proposed,selective,0.2,True,high,True,blocked_privacy_interactions,0.353080,0.062514,50,0.335752,0.370408
proposed,selective,0.2,True,high,True,cooperation_rate,0.691139,0.011298,50,0.688008,0.694271
proposed,selective,0.2,True,high,True,task_completion_ratio,0.656161,0.013255,50,0.652487,0.659835
proposed,selective,0.2,True,high,True,reliability_score,0.656197,0.013254,50,0.652523,0.659870
proposed,selective,0.2,True,high,True,resource_efficiency,0.636541,0.012768,50,0.633001,0.640080
proposed,selective,0.2,True,high,True,fairness_index,0.826129,0.009752,50,0.823426,0.828832
proposed,selective,0.2,True,high,True,trust_stability_index,0.705011,0.006481,50,0.703214,0.706808
proposed,selective,0.2,True,high,True,privacy_exposure_risk,0.469820,0.006827,50,0.467928,0.471712
proposed,selective,0.2,True,high,True,candidate_privacy_risk,0.543143,0.004730,50,0.541832,0.544454
proposed,selective,0.2,True,high,True,accepted_privacy_exposure,0.469820,0.006827,50,0.467928,0.471712
proposed,selective,0.2,True,high,True,avg_trust,0.460143,0.009499,50,0.457510,0.462776
proposed,selective,0.2,True,high,True,trust_variance,0.073747,0.001620,50,0.073298,0.074196
proposed,selective,0.2,True,high,True,avg_preference,0.562795,0.007014,50,0.560851,0.564739
proposed,selective,0.2,True,high,True,avg_reciprocity,0.552324,0.017618,50,0.547440,0.557207
proposed,selective,0.2,True,high,True,avg_privacy_risk,0.442934,0.007782,50,0.440777,0.445091
proposed,selective,0.2,True,high,True,avg_total_utility,0.747487,0.003539,50,0.746506,0.748468
proposed,selective,0.2,True,high,True,avg_system_utility,0.746686,0.001864,50,0.746170,0.747203
proposed,selective,0.2,True,high,True,avg_social_utility,0.716068,0.006884,50,0.714160,0.717977
proposed,selective,0.2,True,high,True,avg_resource_utility,0.981814,0.000098,50,0.981786,0.981841
proposed,selective,0.2,True,high,True,avg_privacy_utility,0.530180,0.006827,50,0.528288,0.532072
proposed,selective,0.2,True,high,True,avg_incentive_utility,0.773691,0.005357,50,0.772206,0.775176
proposed,selective,0.2,True,high,True,energy_consumed,0.061476,0.000743,50,0.061270,0.061682
proposed,selective,0.2,True,high,True,bandwidth_consumed,0.261194,0.003363,50,0.260262,0.262126
proposed,selective,0.2,True,high,True,compute_consumed,0.348199,0.004468,50,0.346960,0.349437
proposed,selective,0.2,True,high,True,throughput_mbps,36.740160,0.728070,50,36.538349,36.941971
proposed,selective,0.2,True,high,True,packet_delivery_ratio,0.691139,0.011298,50,0.688008,0.694271
proposed,selective,0.2,True,high,True,e2e_delay_ms,96.426974,0.639165,50,96.249806,96.604141
proposed,selective,0.2,True,high,True,active_nodes,49.993640,0.010665,50,49.990684,49.996596
proposed,selective,0.2,True,high,True,reputation_honest,0.416144,0.033027,50,0.406989,0.425298
proposed,selective,0.2,True,high,True,reputation_attacker,0.203954,0.003275,50,0.203046,0.204862
proposed,selective,0.2,True,high,True,reputation_separation,0.212190,0.032829,50,0.203090,0.221289
proposed,selective,0.2,True,high,True,attacker_defection_rate,0.949787,0.015605,50,0.945462,0.954112
proposed,selective,0.2,True,high,True,decision_distortion,0.071910,0.004505,50,0.070661,0.073159
proposed,selective,0.2,True,high,True,decision_distortion_evidenced,0.066127,0.006098,50,0.064437,0.067817
proposed,selective,0.2,True,high,True,decision_distortion_counterfactual,0.084442,0.005919,50,0.082801,0.086083
proposed,selective,0.2,True,high,True,decision_distortion_counterfactual_evidenced,0.085295,0.008758,50,0.082867,0.087722
proposed,selective,0.3,True,high,True,generated_tasks,6.994960,0.033785,50,6.985595,7.004325
proposed,selective,0.3,True,high,True,completed_tasks,4.423120,0.091273,50,4.397820,4.448420
proposed,selective,0.3,True,high,True,attempted_interactions,6.622520,0.077190,50,6.601124,6.643916
proposed,selective,0.3,True,high,True,successful_cooperations,4.423120,0.091273,50,4.397820,4.448420
proposed,selective,0.3,True,high,True,failed_interactions,2.199400,0.078432,50,2.177660,2.221140
proposed,selective,0.3,True,high,True,blocked_privacy_interactions,0.371240,0.068260,50,0.352319,0.390161
proposed,selective,0.3,True,high,True,cooperation_rate,0.667907,0.011178,50,0.664808,0.671005
proposed,selective,0.3,True,high,True,task_completion_ratio,0.632298,0.012482,50,0.628838,0.635758
proposed,selective,0.3,True,high,True,reliability_score,0.632393,0.012429,50,0.628948,0.635838
proposed,selective,0.3,True,high,True,resource_efficiency,0.613459,0.012025,50,0.610126,0.616793
proposed,selective,0.3,True,high,True,fairness_index,0.799303,0.013186,50,0.795648,0.802959
proposed,selective,0.3,True,high,True,trust_stability_index,0.709682,0.007305,50,0.707657,0.711707
proposed,selective,0.3,True,high,True,privacy_exposure_risk,0.469146,0.007012,50,0.467202,0.471089
proposed,selective,0.3,True,high,True,candidate_privacy_risk,0.545394,0.003792,50,0.544342,0.546445
proposed,selective,0.3,True,high,True,accepted_privacy_exposure,0.469146,0.007012,50,0.467202,0.471089
proposed,selective,0.3,True,high,True,avg_trust,0.446296,0.007978,50,0.444084,0.448507
proposed,selective,0.3,True,high,True,trust_variance,0.072580,0.001826,50,0.072073,0.073086
proposed,selective,0.3,True,high,True,avg_preference,0.550130,0.006233,50,0.548402,0.551857
proposed,selective,0.3,True,high,True,avg_reciprocity,0.523622,0.014604,50,0.519574,0.527670
proposed,selective,0.3,True,high,True,avg_privacy_risk,0.440930,0.008735,50,0.438509,0.443352
proposed,selective,0.3,True,high,True,avg_total_utility,0.743205,0.003019,50,0.742368,0.744042
proposed,selective,0.3,True,high,True,avg_system_utility,0.743822,0.001949,50,0.743281,0.744362
proposed,selective,0.3,True,high,True,avg_social_utility,0.706071,0.005656,50,0.704503,0.707639
proposed,selective,0.3,True,high,True,avg_resource_utility,0.981834,0.000095,50,0.981808,0.981861
proposed,selective,0.3,True,high,True,avg_privacy_utility,0.530854,0.007012,50,0.528911,0.532798
proposed,selective,0.3,True,high,True,avg_incentive_utility,0.765411,0.004340,50,0.764208,0.766614
proposed,selective,0.3,True,high,True,energy_consumed,0.061256,0.000741,50,0.061051,0.061462
proposed,selective,0.3,True,high,True,bandwidth_consumed,0.260068,0.003910,50,0.258984,0.261152
proposed,selective,0.3,True,high,True,compute_consumed,0.346277,0.004512,50,0.345027,0.347528
proposed,selective,0.3,True,high,True,throughput_mbps,35.384960,0.730186,50,35.182563,35.587357
proposed,selective,0.3,True,high,True,packet_delivery_ratio,0.667907,0.011178,50,0.664808,0.671005
proposed,selective,0.3,True,high,True,e2e_delay_ms,96.508809,0.768232,50,96.295866,96.721752
proposed,selective,0.3,True,high,True,active_nodes,49.988160,0.014382,50,49.984174,49.992146
proposed,selective,0.3,True,high,True,reputation_honest,0.439461,0.030516,50,0.431002,0.447919
proposed,selective,0.3,True,high,True,reputation_attacker,0.202347,0.002683,50,0.201603,0.203090
proposed,selective,0.3,True,high,True,reputation_separation,0.237114,0.030653,50,0.228618,0.245611
proposed,selective,0.3,True,high,True,attacker_defection_rate,0.952359,0.013913,50,0.948502,0.956215
proposed,selective,0.3,True,high,True,decision_distortion,0.071285,0.004859,50,0.069938,0.072632
proposed,selective,0.3,True,high,True,decision_distortion_evidenced,0.065518,0.006661,50,0.063672,0.067364
proposed,selective,0.3,True,high,True,decision_distortion_counterfactual,0.084487,0.006218,50,0.082764,0.086211
proposed,selective,0.3,True,high,True,decision_distortion_counterfactual_evidenced,0.084848,0.008599,50,0.082464,0.087232
proposed,selective,0.4,True,high,True,generated_tasks,6.994520,0.040254,50,6.983362,7.005678
proposed,selective,0.4,True,high,True,completed_tasks,4.237640,0.098753,50,4.210267,4.265013
proposed,selective,0.4,True,high,True,attempted_interactions,6.622920,0.089374,50,6.598147,6.647693
proposed,selective,0.4,True,high,True,successful_cooperations,4.237640,0.098753,50,4.210267,4.265013
proposed,selective,0.4,True,high,True,failed_interactions,2.385280,0.071713,50,2.365402,2.405158
proposed,selective,0.4,True,high,True,blocked_privacy_interactions,0.370800,0.076830,50,0.349504,0.392096
proposed,selective,0.4,True,high,True,cooperation_rate,0.640078,0.010309,50,0.637220,0.642935
proposed,selective,0.4,True,high,True,task_completion_ratio,0.605807,0.012841,50,0.602247,0.609366
proposed,selective,0.4,True,high,True,reliability_score,0.605874,0.012881,50,0.602304,0.609445
proposed,selective,0.4,True,high,True,resource_efficiency,0.587769,0.012347,50,0.584346,0.591191
proposed,selective,0.4,True,high,True,fairness_index,0.763910,0.014916,50,0.759776,0.768045
proposed,selective,0.4,True,high,True,trust_stability_index,0.717777,0.009014,50,0.715279,0.720276
proposed,selective,0.4,True,high,True,privacy_exposure_risk,0.470196,0.008083,50,0.467955,0.472436
proposed,selective,0.4,True,high,True,candidate_privacy_risk,0.548476,0.005247,50,0.547022,0.549931
proposed,selective,0.4,True,high,True,accepted_privacy_exposure,0.470196,0.008083,50,0.467955,0.472436
proposed,selective,0.4,True,high,True,avg_trust,0.431062,0.009468,50,0.428437,0.433686
proposed,selective,0.4,True,high,True,trust_variance,0.070556,0.002254,50,0.069931,0.071180
proposed,selective,0.4,True,high,True,avg_preference,0.536325,0.007030,50,0.534376,0.538273
proposed,selective,0.4,True,high,True,avg_reciprocity,0.491561,0.016052,50,0.487111,0.496010
proposed,selective,0.4,True,high,True,avg_privacy_risk,0.442230,0.009141,50,0.439696,0.444763
proposed,selective,0.4,True,high,True,avg_total_utility,0.737766,0.003467,50,0.736805,0.738727
proposed,selective,0.4,True,high,True,avg_system_utility,0.740793,0.001882,50,0.740271,0.741314
proposed,selective,0.4,True,high,True,avg_social_utility,0.694104,0.006184,50,0.692390,0.695819
proposed,selective,0.4,True,high,True,avg_resource_utility,0.981836,0.000077,50,0.981814,0.981857
proposed,selective,0.4,True,high,True,avg_privacy_utility,0.529804,0.008083,50,0.527564,0.532045
proposed,selective,0.4,True,high,True,avg_incentive_utility,0.754827,0.004444,50,0.753595,0.756058
proposed,selective,0.4,True,high,True,energy_consumed,0.061171,0.000999,50,0.060894,0.061448
proposed,selective,0.4,True,high,True,bandwidth_consumed,0.260102,0.004090,50,0.258969,0.261236
proposed,selective,0.4,True,high,True,compute_consumed,0.346544,0.004891,50,0.345188,0.347899
proposed,selective,0.4,True,high,True,throughput_mbps,33.901120,0.790022,50,33.682137,34.120103
proposed,selective,0.4,True,high,True,packet_delivery_ratio,0.640078,0.010309,50,0.637220,0.642935
proposed,selective,0.4,True,high,True,e2e_delay_ms,96.473868,0.623689,50,96.300990,96.646745
proposed,selective,0.4,True,high,True,active_nodes,49.983800,0.015873,50,49.979400,49.988200
proposed,selective,0.4,True,high,True,reputation_honest,0.457563,0.033161,50,0.448371,0.466755
proposed,selective,0.4,True,high,True,reputation_attacker,0.200953,0.002241,50,0.200332,0.201574
proposed,selective,0.4,True,high,True,reputation_separation,0.256610,0.033593,50,0.247298,0.265921
proposed,selective,0.4,True,high,True,attacker_defection_rate,0.949673,0.011606,50,0.946456,0.952890
proposed,selective,0.4,True,high,True,decision_distortion,0.070873,0.005958,50,0.069222,0.072525
proposed,selective,0.4,True,high,True,decision_distortion_evidenced,0.065894,0.007878,50,0.063710,0.068078
proposed,selective,0.4,True,high,True,decision_distortion_counterfactual,0.084866,0.007673,50,0.082739,0.086993
proposed,selective,0.4,True,high,True,decision_distortion_counterfactual_evidenced,0.085323,0.010198,50,0.082496,0.088150
proposed,sybil,0.1,True,high,True,generated_tasks,6.993560,0.038563,50,6.982871,7.004249
proposed,sybil,0.1,True,high,True,completed_tasks,4.739400,0.094545,50,4.713193,4.765607
proposed,sybil,0.1,True,high,True,attempted_interactions,6.652760,0.073154,50,6.632483,6.673037
proposed,sybil,0.1,True,high,True,successful_cooperations,4.739400,0.094545,50,4.713193,4.765607
proposed,sybil,0.1,True,high,True,failed_interactions,1.913360,0.067633,50,1.894613,1.932107
proposed,sybil,0.1,True,high,True,blocked_privacy_interactions,0.340040,0.069097,50,0.320887,0.359193
proposed,sybil,0.1,True,high,True,cooperation_rate,0.712796,0.010418,50,0.709908,0.715684
proposed,sybil,0.1,True,high,True,task_completion_ratio,0.677829,0.013853,50,0.673989,0.681669
proposed,sybil,0.1,True,high,True,reliability_score,0.677906,0.013856,50,0.674066,0.681747
proposed,sybil,0.1,True,high,True,resource_efficiency,0.657558,0.013332,50,0.653862,0.661253
proposed,sybil,0.1,True,high,True,fairness_index,0.853035,0.013048,50,0.849418,0.856652
proposed,sybil,0.1,True,high,True,trust_stability_index,0.702052,0.006775,50,0.700174,0.703930
proposed,sybil,0.1,True,high,True,privacy_exposure_risk,0.468789,0.006455,50,0.467000,0.470579
proposed,sybil,0.1,True,high,True,candidate_privacy_risk,0.539987,0.004969,50,0.538610,0.541365
proposed,sybil,0.1,True,high,True,accepted_privacy_exposure,0.468789,0.006455,50,0.467000,0.470579
proposed,sybil,0.1,True,high,True,avg_trust,0.470029,0.008993,50,0.467536,0.472521
proposed,sybil,0.1,True,high,True,trust_variance,0.074487,0.001694,50,0.074018,0.074957
proposed,sybil,0.1,True,high,True,avg_preference,0.572049,0.007067,50,0.570090,0.574008
proposed,sybil,0.1,True,high,True,avg_reciprocity,0.572882,0.017889,50,0.567923,0.577840
proposed,sybil,0.1,True,high,True,avg_privacy_risk,0.442754,0.008068,50,0.440518,0.444990
proposed,sybil,0.1,True,high,True,avg_total_utility,0.752225,0.003308,50,0.751308,0.753142
proposed,sybil,0.1,True,high,True,avg_system_utility,0.749487,0.001730,50,0.749008,0.749967
proposed,sybil,0.1,True,high,True,avg_social_utility,0.726432,0.006148,50,0.724728,0.728136
proposed,sybil,0.1,True,high,True,avg_resource_utility,0.981842,0.000088,50,0.981818,0.981867
proposed,sybil,0.1,True,high,True,avg_privacy_utility,0.531211,0.006455,50,0.529421,0.533000
proposed,sybil,0.1,True,high,True,avg_incentive_utility,0.782575,0.004983,50,0.781193,0.783956
proposed,sybil,0.1,True,high,True,energy_consumed,0.061508,0.000732,50,0.061305,0.061711
proposed,sybil,0.1,True,high,True,bandwidth_consumed,0.261061,0.003047,50,0.260216,0.261905
proposed,sybil,0.1,True,high,True,compute_consumed,0.348032,0.004863,50,0.346684,0.349380
proposed,sybil,0.1,True,high,True,throughput_mbps,37.915200,0.756363,50,37.705547,38.124853
proposed,sybil,0.1,True,high,True,packet_delivery_ratio,0.712796,0.010418,50,0.709908,0.715684
proposed,sybil,0.1,True,high,True,e2e_delay_ms,96.537072,0.666011,50,96.352463,96.721680
proposed,sybil,0.1,True,high,True,active_nodes,49.995600,0.007516,50,49.993517,49.997683
proposed,sybil,0.1,True,high,True,reputation_honest,0.406597,0.022540,50,0.400349,0.412845
proposed,sybil,0.1,True,high,True,reputation_attacker,0.211254,0.018552,50,0.206111,0.216396
proposed,sybil,0.1,True,high,True,reputation_separation,0.195343,0.028414,50,0.187467,0.203219
proposed,sybil,0.1,True,high,True,attacker_defection_rate,0.842839,0.110951,50,0.812085,0.873593
proposed,sybil,0.1,True,high,True,decision_distortion,0.072944,0.004158,50,0.071792,0.074097
proposed,sybil,0.1,True,high,True,decision_distortion_evidenced,0.067108,0.006252,50,0.065375,0.068841
proposed,sybil,0.1,True,high,True,decision_distortion_counterfactual,0.084227,0.005296,50,0.082759,0.085695
proposed,sybil,0.1,True,high,True,decision_distortion_counterfactual_evidenced,0.085282,0.008420,50,0.082948,0.087616
proposed,sybil,0.2,True,high,True,generated_tasks,7.003240,0.038663,50,6.992523,7.013957
proposed,sybil,0.2,True,high,True,completed_tasks,4.608400,0.085481,50,4.584706,4.632094
proposed,sybil,0.2,True,high,True,attempted_interactions,6.662800,0.071612,50,6.642950,6.682650
proposed,sybil,0.2,True,high,True,successful_cooperations,4.608400,0.085481,50,4.584706,4.632094
proposed,sybil,0.2,True,high,True,failed_interactions,2.054400,0.070978,50,2.034726,2.074074
proposed,sybil,0.2,True,high,True,blocked_privacy_interactions,0.339840,0.071319,50,0.320071,0.359609
proposed,sybil,0.2,True,high,True,cooperation_rate,0.692003,0.010138,50,0.689193,0.694813
proposed,sybil,0.2,True,high,True,task_completion_ratio,0.658239,0.012341,50,0.654818,0.661660
proposed,sybil,0.2,True,high,True,reliability_score,0.658290,0.012346,50,0.654867,0.661712
proposed,sybil,0.2,True,high,True,resource_efficiency,0.638550,0.011880,50,0.635256,0.641843
proposed,sybil,0.2,True,high,True,fairness_index,0.832689,0.013581,50,0.828924,0.836453
proposed,sybil,0.2,True,high,True,trust_stability_index,0.704850,0.006628,50,0.703013,0.706688
proposed,sybil,0.2,True,high,True,privacy_exposure_risk,0.469315,0.006486,50,0.467517,0.471113
proposed,sybil,0.2,True,high,True,candidate_privacy_risk,0.541571,0.004707,50,0.540266,0.542875
proposed,sybil,0.2,True,high,True,accepted_privacy_exposure,0.469315,0.006486,50,0.467517,0.471113
proposed,sybil,0.2,True,high,True,avg_trust,0.458379,0.009450,50,0.455759,0.460998
proposed,sybil,0.2,True,high,True,trust_variance,0.073787,0.001657,50,0.073328,0.074247
proposed,sybil,0.2,True,high,True,avg_preference,0.560526,0.007453,50,0.558460,0.562592
proposed,sybil,0.2,True,high,True,avg_reciprocity,0.544082,0.018457,50,0.538966,0.549198
proposed,sybil,0.2,True,high,True,avg_privacy_risk,0.443586,0.008057,50,0.441352,0.445819
proposed,sybil,0.2,True,high,True,avg_total_utility,0.747635,0.003100,50,0.746776,0.748494
proposed,sybil,0.2,True,high,True,avg_system_utility,0.747020,0.001717,50,0.746545,0.747496
proposed,sybil,0.2,True,high,True,avg_social_utility,0.716109,0.006239,50,0.714380,0.717838
proposed,sybil,0.2,True,high,True,avg_resource_utility,0.981827,0.000099,50,0.981800,0.981855
proposed,sybil,0.2,True,high,True,avg_privacy_utility,0.530685,0.006486,50,0.528887,0.532483
proposed,sybil,0.2,True,high,True,avg_incentive_utility,0.773451,0.005170,50,0.772018,0.774884
proposed,sybil,0.2,True,high,True,energy_consumed,0.061543,0.000682,50,0.061354,0.061732
proposed,sybil,0.2,True,high,True,bandwidth_consumed,0.261543,0.003261,50,0.260639,0.262447
proposed,sybil,0.2,True,high,True,compute_consumed,0.349093,0.005048,50,0.347693,0.350492
proposed,sybil,0.2,True,high,True,throughput_mbps,36.867200,0.683845,50,36.677648,37.056752
proposed,sybil,0.2,True,high,True,packet_delivery_ratio,0.692003,0.010138,50,0.689193,0.694813
proposed,sybil,0.2,True,high,True,e2e_delay_ms,96.417000,0.629668,50,96.242465,96.591535
proposed,sybil,0.2,True,high,True,active_nodes,49.995400,0.006908,50,49.993485,49.997315
proposed,sybil,0.2,True,high,True,reputation_honest,0.427787,0.025675,50,0.420670,0.434903
proposed,sybil,0.2,True,high,True,reputation_attacker,0.219181,0.029068,50,0.211123,0.227238
proposed,sybil,0.2,True,high,True,reputation_separation,0.208606,0.042516,50,0.196821,0.220391
proposed,sybil,0.2,True,high,True,attacker_defection_rate,0.808739,0.112401,50,0.777583,0.839895
proposed,sybil,0.2,True,high,True,decision_distortion,0.072257,0.004231,50,0.071084,0.073430
proposed,sybil,0.2,True,high,True,decision_distortion_evidenced,0.066332,0.006144,50,0.064629,0.068035
proposed,sybil,0.2,True,high,True,decision_distortion_counterfactual,0.084345,0.005408,50,0.082846,0.085844
proposed,sybil,0.2,True,high,True,decision_distortion_counterfactual_evidenced,0.084906,0.007700,50,0.082772,0.087041
proposed,sybil,0.3,True,high,True,generated_tasks,6.994720,0.029346,50,6.986586,7.002854
proposed,sybil,0.3,True,high,True,completed_tasks,4.467280,0.087282,50,4.443087,4.491473
proposed,sybil,0.3,True,high,True,attempted_interactions,6.647000,0.078327,50,6.625289,6.668711
proposed,sybil,0.3,True,high,True,successful_cooperations,4.467280,0.087282,50,4.443087,4.491473
proposed,sybil,0.3,True,high,True,failed_interactions,2.179720,0.077018,50,2.158372,2.201068
proposed,sybil,0.3,True,high,True,blocked_privacy_interactions,0.346920,0.075618,50,0.325960,0.367880
proposed,sybil,0.3,True,high,True,cooperation_rate,0.672360,0.010922,50,0.669332,0.675387
proposed,sybil,0.3,True,high,True,task_completion_ratio,0.638808,0.012771,50,0.635268,0.642348
proposed,sybil,0.3,True,high,True,reliability_score,0.638875,0.012754,50,0.635340,0.642410
proposed,sybil,0.3,True,high,True,resource_efficiency,0.619727,0.012293,50,0.616319,0.623134
proposed,sybil,0.3,True,high,True,fairness_index,0.811703,0.016808,50,0.807044,0.816362
proposed,sybil,0.3,True,high,True,trust_stability_index,0.708586,0.006713,50,0.706725,0.710447
proposed,sybil,0.3,True,high,True,privacy_exposure_risk,0.470555,0.007335,50,0.468522,0.472588
proposed,sybil,0.3,True,high,True,candidate_privacy_risk,0.543188,0.005461,50,0.541675,0.544702
proposed,sybil,0.3,True,high,True,accepted_privacy_exposure,0.470555,0.007335,50,0.468522,0.472588
proposed,sybil,0.3,True,high,True,avg_trust,0.448034,0.008120,50,0.445783,0.450285
proposed,sybil,0.3,True,high,True,trust_variance,0.072853,0.001678,50,0.072388,0.073319
proposed,sybil,0.3,True,high,True,avg_preference,0.550965,0.006236,50,0.549236,0.552693
proposed,sybil,0.3,True,high,True,avg_reciprocity,0.521200,0.015459,50,0.516915,0.525485
proposed,sybil,0.3,True,high,True,avg_privacy_risk,0.444088,0.008861,50,0.441632,0.446544
proposed,sybil,0.3,True,high,True,avg_total_utility,0.743553,0.003311,50,0.742635,0.744471
proposed,sybil,0.3,True,high,True,avg_system_utility,0.744793,0.001867,50,0.744276,0.745311
proposed,sybil,0.3,True,high,True,avg_social_utility,0.707161,0.006029,50,0.705490,0.708832
proposed,sybil,0.3,True,high,True,avg_resource_utility,0.981843,0.000077,50,0.981821,0.981864
proposed,sybil,0.3,True,high,True,avg_privacy_utility,0.529445,0.007335,50,0.527412,0.531478
proposed,sybil,0.3,True,high,True,avg_incentive_utility,0.765825,0.004533,50,0.764568,0.767081
proposed,sybil,0.3,True,high,True,energy_consumed,0.061436,0.000746,50,0.061229,0.061643
proposed,sybil,0.3,True,high,True,bandwidth_consumed,0.260764,0.003683,50,0.259743,0.261785
proposed,sybil,0.3,True,high,True,compute_consumed,0.347869,0.004248,50,0.346692,0.349047
proposed,sybil,0.3,True,high,True,throughput_mbps,35.738240,0.698253,50,35.544694,35.931786
proposed,sybil,0.3,True,high,True,packet_delivery_ratio,0.672360,0.010922,50,0.669332,0.675387
proposed,sybil,0.3,True,high,True,e2e_delay_ms,96.425146,0.610248,50,96.255994,96.594298
proposed,sybil,0.3,True,high,True,active_nodes,49.989680,0.012064,50,49.986336,49.993024
proposed,sybil,0.3,True,high,True,reputation_honest,0.433787,0.035109,50,0.424055,0.443518
proposed,sybil,0.3,True,high,True,reputation_attacker,0.219042,0.024516,50,0.212247,0.225838
proposed,sybil,0.3,True,high,True,reputation_separation,0.214744,0.043641,50,0.202648,0.226841
proposed,sybil,0.3,True,high,True,attacker_defection_rate,0.792674,0.080863,50,0.770260,0.815088
proposed,sybil,0.3,True,high,True,decision_distortion,0.071185,0.004948,50,0.069813,0.072556
proposed,sybil,0.3,True,high,True,decision_distortion_evidenced,0.065874,0.006502,50,0.064072,0.067676
proposed,sybil,0.3,True,high,True,decision_distortion_counterfactual,0.084097,0.006328,50,0.082343,0.085851
proposed,sybil,0.3,True,high,True,decision_distortion_counterfactual_evidenced,0.084712,0.009249,50,0.082149,0.087276
proposed,sybil,0.4,True,high,True,generated_tasks,6.999160,0.034547,50,6.989584,7.008736
proposed,sybil,0.4,True,high,True,completed_tasks,4.286720,0.096796,50,4.259890,4.313550
proposed,sybil,0.4,True,high,True,attempted_interactions,6.636480,0.081485,50,6.613894,6.659066
proposed,sybil,0.4,True,high,True,successful_cooperations,4.286720,0.096796,50,4.259890,4.313550
proposed,sybil,0.4,True,high,True,failed_interactions,2.349760,0.079447,50,2.327738,2.371782
proposed,sybil,0.4,True,high,True,blocked_privacy_interactions,0.361760,0.075628,50,0.340797,0.382723
proposed,sybil,0.4,True,high,True,cooperation_rate,0.646308,0.011559,50,0.643104,0.649512
proposed,sybil,0.4,True,high,True,task_completion_ratio,0.612533,0.013280,50,0.608852,0.616214
proposed,sybil,0.4,True,high,True,reliability_score,0.612624,0.013291,50,0.608940,0.616308
proposed,sybil,0.4,True,high,True,resource_efficiency,0.594269,0.012794,50,0.590722,0.597815
proposed,sybil,0.4,True,high,True,fairness_index,0.785508,0.018843,50,0.780285,0.790731
proposed,sybil,0.4,True,high,True,trust_stability_index,0.713840,0.005824,50,0.712226,0.715454
proposed,sybil,0.4,True,high,True,privacy_exposure_risk,0.471140,0.006919,50,0.469222,0.473058
proposed,sybil,0.4,True,high,True,candidate_privacy_risk,0.544823,0.005178,50,0.543388,0.546258
proposed,sybil,0.4,True,high,True,accepted_privacy_exposure,0.471140,0.006919,50,0.469222,0.473058
proposed,sybil,0.4,True,high,True,avg_trust,0.433533,0.007371,50,0.431490,0.435576
proposed,sybil,0.4,True,high,True,trust_variance,0.071540,0.001456,50,0.071136,0.071943
proposed,sybil,0.4,True,high,True,avg_preference,0.537369,0.005502,50,0.535844,0.538894
proposed,sybil,0.4,True,high,True,avg_reciprocity,0.486144,0.016463,50,0.481581,0.490707
proposed,sybil,0.4,True,high,True,avg_privacy_risk,0.443955,0.008553,50,0.441584,0.446325
proposed,sybil,0.4,True,high,True,avg_total_utility,0.738498,0.003490,50,0.737531,0.739466
proposed,sybil,0.4,True,high,True,avg_system_utility,0.741884,0.001878,50,0.741364,0.742404
proposed,sybil,0.4,True,high,True,avg_social_utility,0.695691,0.006784,50,0.693810,0.697571
proposed,sybil,0.4,True,high,True,avg_resource_utility,0.981835,0.000067,50,0.981816,0.981853
proposed,sybil,0.4,True,high,True,avg_privacy_utility,0.528860,0.006919,50,0.526942,0.530778
proposed,sybil,0.4,True,high,True,avg_incentive_utility,0.756235,0.005248,50,0.754780,0.757689
proposed,sybil,0.4,True,high,True,energy_consumed,0.061395,0.000812,50,0.061169,0.061620
proposed,sybil,0.4,True,high,True,bandwidth_consumed,0.260560,0.003766,50,0.259516,0.261604
proposed,sybil,0.4,True,high,True,compute_consumed,0.347119,0.004686,50,0.345820,0.348418
proposed,sybil,0.4,True,high,True,throughput_mbps,34.293760,0.774367,50,34.079117,34.508403
proposed,sybil,0.4,True,high,True,packet_delivery_ratio,0.646308,0.011559,50,0.643104,0.649512
proposed,sybil,0.4,True,high,True,e2e_delay_ms,96.532150,0.606743,50,96.363969,96.700330
proposed,sybil,0.4,True,high,True,active_nodes,49.986880,0.011788,50,49.983612,49.990148
proposed,sybil,0.4,True,high,True,reputation_honest,0.465817,0.035663,50,0.455931,0.475702
proposed,sybil,0.4,True,high,True,reputation_attacker,0.220637,0.022781,50,0.214322,0.226951
proposed,sybil,0.4,True,high,True,reputation_separation,0.245180,0.042338,50,0.233444,0.256916
proposed,sybil,0.4,True,high,True,attacker_defection_rate,0.792147,0.059577,50,0.775633,0.808661
proposed,sybil,0.4,True,high,True,decision_distortion,0.071108,0.005966,50,0.069455,0.072762
proposed,sybil,0.4,True,high,True,decision_distortion_evidenced,0.066504,0.007634,50,0.064387,0.068620
proposed,sybil,0.4,True,high,True,decision_distortion_counterfactual,0.085243,0.007725,50,0.083101,0.087384
proposed,sybil,0.4,True,high,True,decision_distortion_counterfactual_evidenced,0.085944,0.010171,50,0.083124,0.088763
proposed,whitewashing,0.1,True,high,True,generated_tasks,7.003040,0.044594,50,6.990679,7.015401
proposed,whitewashing,0.1,True,high,True,completed_tasks,4.598600,0.097605,50,4.571545,4.625655
proposed,whitewashing,0.1,True,high,True,attempted_interactions,6.767840,0.071400,50,6.748049,6.787631
proposed,whitewashing,0.1,True,high,True,successful_cooperations,4.598600,0.097605,50,4.571545,4.625655
proposed,whitewashing,0.1,True,high,True,failed_interactions,2.169240,0.081072,50,2.146768,2.191712
proposed,whitewashing,0.1,True,high,True,blocked_privacy_interactions,0.234840,0.056917,50,0.219063,0.250617
proposed,whitewashing,0.1,True,high,True,cooperation_rate,0.678810,0.012157,50,0.675440,0.682180
proposed,whitewashing,0.1,True,high,True,task_completion_ratio,0.656570,0.014075,50,0.652669,0.660471
proposed,whitewashing,0.1,True,high,True,reliability_score,0.656603,0.014053,50,0.652708,0.660499
proposed,whitewashing,0.1,True,high,True,resource_efficiency,0.636686,0.013590,50,0.632919,0.640453
proposed,whitewashing,0.1,True,high,True,fairness_index,0.846188,0.013474,50,0.842453,0.849923
proposed,whitewashing,0.1,True,high,True,trust_stability_index,0.694028,0.005697,50,0.692449,0.695607
proposed,whitewashing,0.1,True,high,True,privacy_exposure_risk,0.463704,0.006852,50,0.461805,0.465603
proposed,whitewashing,0.1,True,high,True,candidate_privacy_risk,0.527290,0.005152,50,0.525862,0.528718
proposed,whitewashing,0.1,True,high,True,accepted_privacy_exposure,0.463704,0.006852,50,0.461805,0.465603
proposed,whitewashing,0.1,True,high,True,avg_trust,0.477413,0.008753,50,0.474987,0.479840
proposed,whitewashing,0.1,True,high,True,trust_variance,0.076493,0.001424,50,0.076098,0.076888
proposed,whitewashing,0.1,True,high,True,avg_preference,0.579949,0.006917,50,0.578032,0.581867
proposed,whitewashing,0.1,True,high,True,avg_reciprocity,0.585003,0.016918,50,0.580314,0.589693
proposed,whitewashing,0.1,True,high,True,avg_privacy_risk,0.446195,0.008168,50,0.443931,0.448459
proposed,whitewashing,0.1,True,high,True,avg_total_utility,0.747266,0.003702,50,0.746240,0.748292
proposed,whitewashing,0.1,True,high,True,avg_system_utility,0.747636,0.002051,50,0.747067,0.748204
proposed,whitewashing,0.1,True,high,True,avg_social_utility,0.712501,0.007559,50,0.710406,0.714596
proposed,whitewashing,0.1,True,high,True,avg_resource_utility,0.981840,0.000083,50,0.981817,0.981863
proposed,whitewashing,0.1,True,high,True,avg_privacy_utility,0.536296,0.006852,50,0.534397,0.538195
proposed,whitewashing,0.1,True,high,True,avg_incentive_utility,0.769399,0.005954,50,0.767749,0.771050
proposed,whitewashing,0.1,True,high,True,energy_consumed,0.062464,0.000760,50,0.062253,0.062675
proposed,whitewashing,0.1,True,high,True,bandwidth_consumed,0.265478,0.003617,50,0.264475,0.266480
proposed,whitewashing,0.1,True,high,True,compute_consumed,0.354230,0.004411,50,0.353007,0.355452
proposed,whitewashing,0.1,True,high,True,throughput_mbps,36.788800,0.780840,50,36.572362,37.005238
proposed,whitewashing,0.1,True,high,True,packet_delivery_ratio,0.678810,0.012157,50,0.675440,0.682180
proposed,whitewashing,0.1,True,high,True,e2e_delay_ms,96.310720,0.568186,50,96.153226,96.468213
proposed,whitewashing,0.1,True,high,True,active_nodes,49.996200,0.007616,50,49.994089,49.998311
proposed,whitewashing,0.1,True,high,True,reputation_honest,0.404443,0.023830,50,0.397838,0.411049
proposed,whitewashing,0.1,True,high,True,reputation_attacker,0.210850,0.023394,50,0.204366,0.217335
proposed,whitewashing,0.1,True,high,True,reputation_separation,0.193593,0.035936,50,0.183632,0.203554
proposed,whitewashing,0.1,True,high,True,attacker_defection_rate,0.979425,0.008787,50,0.976990,0.981861
proposed,whitewashing,0.1,True,high,True,whitewash_events,60.000000,0.000000,50,60.000000,60.000000
proposed,whitewashing,0.1,True,high,True,decision_distortion,0.073601,0.003785,50,0.072552,0.074650
proposed,whitewashing,0.1,True,high,True,decision_distortion_evidenced,0.066838,0.005724,50,0.065252,0.068425
proposed,whitewashing,0.1,True,high,True,decision_distortion_counterfactual,0.084331,0.004576,50,0.083062,0.085599
proposed,whitewashing,0.1,True,high,True,decision_distortion_counterfactual_evidenced,0.084560,0.007267,50,0.082545,0.086574
proposed,whitewashing,0.2,True,high,True,generated_tasks,7.001080,0.036433,50,6.990981,7.011179
proposed,whitewashing,0.2,True,high,True,completed_tasks,4.344160,0.103279,50,4.315532,4.372788
proposed,whitewashing,0.2,True,high,True,attempted_interactions,6.826600,0.051421,50,6.812347,6.840853
proposed,whitewashing,0.2,True,high,True,successful_cooperations,4.344160,0.103279,50,4.315532,4.372788
proposed,whitewashing,0.2,True,high,True,failed_interactions,2.482440,0.087589,50,2.458161,2.506719
proposed,whitewashing,0.2,True,high,True,blocked_privacy_interactions,0.174080,0.045231,50,0.161543,0.186617
proposed,whitewashing,0.2,True,high,True,cooperation_rate,0.635828,0.013131,50,0.632188,0.639468
proposed,whitewashing,0.2,True,high,True,task_completion_ratio,0.620635,0.014579,50,0.616594,0.624676
proposed,whitewashing,0.2,True,high,True,reliability_score,0.620671,0.014595,50,0.616626,0.624717
proposed,whitewashing,0.2,True,high,True,resource_efficiency,0.601686,0.014072,50,0.597786,0.605587
proposed,whitewashing,0.2,True,high,True,fairness_index,0.821724,0.009996,50,0.818953,0.824494
proposed,whitewashing,0.2,True,high,True,trust_stability_index,0.686754,0.007410,50,0.684700,0.688808
proposed,whitewashing,0.2,True,high,True,privacy_exposure_risk,0.458676,0.006679,50,0.456825,0.460528
proposed,whitewashing,0.2,True,high,True,candidate_privacy_risk,0.515513,0.005221,50,0.514066,0.516960
proposed,whitewashing,0.2,True,high,True,accepted_privacy_exposure,0.458676,0.006679,50,0.456825,0.460528
proposed,whitewashing,0.2,True,high,True,avg_trust,0.474222,0.011142,50,0.471133,0.477310
proposed,whitewashing,0.2,True,high,True,trust_variance,0.078311,0.001852,50,0.077798,0.078825
proposed,whitewashing,0.2,True,high,True,avg_preference,0.578017,0.008398,50,0.575689,0.580345
proposed,whitewashing,0.2,True,high,True,avg_reciprocity,0.572002,0.018180,50,0.566963,0.577041
proposed,whitewashing,0.2,True,high,True,avg_privacy_risk,0.445879,0.007276,50,0.443862,0.447896
proposed,whitewashing,0.2,True,high,True,avg_total_utility,0.740423,0.004034,50,0.739305,0.741542
proposed,whitewashing,0.2,True,high,True,avg_system_utility,0.744442,0.001947,50,0.743902,0.744981
proposed,whitewashing,0.2,True,high,True,avg_social_utility,0.694610,0.007861,50,0.692431,0.696789
proposed,whitewashing,0.2,True,high,True,avg_resource_utility,0.981830,0.000086,50,0.981806,0.981853
proposed,whitewashing,0.2,True,high,True,avg_privacy_utility,0.541323,0.006679,50,0.539472,0.543175
proposed,whitewashing,0.2,True,high,True,avg_incentive_utility,0.752505,0.005934,50,0.750860,0.754150
proposed,whitewashing,0.2,True,high,True,energy_consumed,0.063027,0.000608,50,0.062859,0.063196
proposed,whitewashing,0.2,True,high,True,bandwidth_consumed,0.267992,0.003224,50,0.267098,0.268885
proposed,whitewashing,0.2,True,high,True,compute_consumed,0.357630,0.003671,50,0.356612,0.358647
proposed,whitewashing,0.2,True,high,True,throughput_mbps,34.753280,0.826233,50,34.524260,34.982300
proposed,whitewashing,0.2,True,high,True,packet_delivery_ratio,0.635828,0.013131,50,0.632188,0.639468
proposed,whitewashing,0.2,True,high,True,e2e_delay_ms,96.377380,0.633599,50,96.201756,96.553005
proposed,whitewashing,0.2,True,high,True,active_nodes,49.995360,0.008509,50,49.993002,49.997718
proposed,whitewashing,0.2,True,high,True,reputation_honest,0.402573,0.032275,50,0.393627,0.411519
proposed,whitewashing,0.2,True,high,True,reputation_attacker,0.214361,0.013925,50,0.210501,0.218220
proposed,whitewashing,0.2,True,high,True,reputation_separation,0.188212,0.034433,50,0.178668,0.197757
proposed,whitewashing,0.2,True,high,True,attacker_defection_rate,0.978391,0.006363,50,0.976628,0.980155
proposed,whitewashing,0.2,True,high,True,whitewash_events,120.000000,0.000000,50,120.000000,120.000000
proposed,whitewashing,0.2,True,high,True,decision_distortion,0.072695,0.004933,50,0.071327,0.074062
proposed,whitewashing,0.2,True,high,True,decision_distortion_evidenced,0.065500,0.007262,50,0.063487,0.067513
proposed,whitewashing,0.2,True,high,True,decision_distortion_counterfactual,0.084034,0.005856,50,0.082411,0.085657
proposed,whitewashing,0.2,True,high,True,decision_distortion_counterfactual_evidenced,0.083916,0.009172,50,0.081374,0.086459
proposed,whitewashing,0.3,True,high,True,generated_tasks,7.003120,0.038556,50,6.992433,7.013807
proposed,whitewashing,0.3,True,high,True,completed_tasks,4.052160,0.095119,50,4.025794,4.078526
proposed,whitewashing,0.3,True,high,True,attempted_interactions,6.868160,0.053061,50,6.853452,6.882868
proposed,whitewashing,0.3,True,high,True,successful_cooperations,4.052160,0.095119,50,4.025794,4.078526
proposed,whitewashing,0.3,True,high,True,failed_interactions,2.816000,0.079143,50,2.794063,2.837937
proposed,whitewashing,0.3,True,high,True,blocked_privacy_interactions,0.134240,0.040599,50,0.122987,0.145493
proposed,whitewashing,0.3,True,high,True,cooperation_rate,0.589720,0.012209,50,0.586336,0.593104
proposed,whitewashing,0.3,True,high,True,task_completion_ratio,0.578760,0.012998,50,0.575157,0.582363
proposed,whitewashing,0.3,True,high,True,reliability_score,0.578818,0.012990,50,0.575218,0.582419
proposed,whitewashing,0.3,True,high,True,resource_efficiency,0.560995,0.012557,50,0.557514,0.564475
proposed,whitewashing,0.3,True,high,True,fairness_index,0.786260,0.012822,50,0.782706,0.789814
proposed,whitewashing,0.3,True,high,True,trust_stability_index,0.681044,0.009007,50,0.678547,0.683540
proposed,whitewashing,0.3,True,high,True,privacy_exposure_risk,0.455130,0.005237,50,0.453679,0.456582
proposed,whitewashing,0.3,True,high,True,candidate_privacy_risk,0.505706,0.004515,50,0.504455,0.506958
proposed,whitewashing,0.3,True,high,True,accepted_privacy_exposure,0.455130,0.005237,50,0.453679,0.456582
proposed,whitewashing,0.3,True,high,True,avg_trust,0.466604,0.009219,50,0.464049,0.469160
proposed,whitewashing,0.3,True,high,True,trust_variance,0.079739,0.002252,50,0.079115,0.080363
proposed,whitewashing,0.3,True,high,True,avg_preference,0.572508,0.006920,50,0.570590,0.574426
proposed,whitewashing,0.3,True,high,True,avg_reciprocity,0.552415,0.016068,50,0.547961,0.556869
proposed,whitewashing,0.3,True,high,True,avg_privacy_risk,0.445420,0.005995,50,0.443758,0.447082
proposed,whitewashing,0.3,True,high,True,avg_total_utility,0.732857,0.003347,50,0.731929,0.733785
proposed,whitewashing,0.3,True,high,True,avg_system_utility,0.740473,0.001887,50,0.739950,0.740996
proposed,whitewashing,0.3,True,high,True,avg_social_utility,0.675661,0.007021,50,0.673715,0.677607
proposed,whitewashing,0.3,True,high,True,avg_resource_utility,0.981821,0.000094,50,0.981795,0.981847
proposed,whitewashing,0.3,True,high,True,avg_privacy_utility,0.544870,0.005237,50,0.543418,0.546321
proposed,whitewashing,0.3,True,high,True,avg_incentive_utility,0.735449,0.005718,50,0.733864,0.737034
proposed,whitewashing,0.3,True,high,True,energy_consumed,0.063543,0.000567,50,0.063386,0.063701
proposed,whitewashing,0.3,True,high,True,bandwidth_consumed,0.269980,0.002891,50,0.269178,0.270781
proposed,whitewashing,0.3,True,high,True,compute_consumed,0.359643,0.003829,50,0.358581,0.360704
proposed,whitewashing,0.3,True,high,True,throughput_mbps,32.417280,0.760953,50,32.206355,32.628205
proposed,whitewashing,0.3,True,high,True,packet_delivery_ratio,0.589720,0.012209,50,0.586336,0.593104
proposed,whitewashing,0.3,True,high,True,e2e_delay_ms,96.176536,0.661281,50,95.993238,96.359833
proposed,whitewashing,0.3,True,high,True,active_nodes,49.992320,0.008594,50,49.989938,49.994702
proposed,whitewashing,0.3,True,high,True,reputation_honest,0.412406,0.029777,50,0.404152,0.420660
proposed,whitewashing,0.3,True,high,True,reputation_attacker,0.214596,0.013356,50,0.210894,0.218298
proposed,whitewashing,0.3,True,high,True,reputation_separation,0.197810,0.030802,50,0.189272,0.206348
proposed,whitewashing,0.3,True,high,True,attacker_defection_rate,0.979026,0.005770,50,0.977427,0.980625
proposed,whitewashing,0.3,True,high,True,whitewash_events,180.000000,0.000000,50,180.000000,180.000000
proposed,whitewashing,0.3,True,high,True,decision_distortion,0.072143,0.006050,50,0.070466,0.073820
proposed,whitewashing,0.3,True,high,True,decision_distortion_evidenced,0.065236,0.008656,50,0.062837,0.067636
proposed,whitewashing,0.3,True,high,True,decision_distortion_counterfactual,0.083823,0.007335,50,0.081790,0.085857
proposed,whitewashing,0.3,True,high,True,decision_distortion_counterfactual_evidenced,0.083488,0.010948,50,0.080453,0.086522
proposed,whitewashing,0.4,True,high,True,generated_tasks,7.000800,0.035592,50,6.990934,7.010666
proposed,whitewashing,0.4,True,high,True,completed_tasks,3.706800,0.098621,50,3.679464,3.734136
proposed,whitewashing,0.4,True,high,True,attempted_interactions,6.889640,0.042993,50,6.877723,6.901557
proposed,whitewashing,0.4,True,high,True,successful_cooperations,3.706800,0.098621,50,3.679464,3.734136
proposed,whitewashing,0.4,True,high,True,failed_interactions,3.182840,0.093948,50,3.156799,3.208881
proposed,whitewashing,0.4,True,high,True,blocked_privacy_interactions,0.110280,0.036138,50,0.100263,0.120297
proposed,whitewashing,0.4,True,high,True,cooperation_rate,0.537912,0.013778,50,0.534093,0.541731
proposed,whitewashing,0.4,True,high,True,task_completion_ratio,0.529614,0.014205,50,0.525677,0.533552
proposed,whitewashing,0.4,True,high,True,reliability_score,0.529675,0.014198,50,0.525740,0.533611
proposed,whitewashing,0.4,True,high,True,resource_efficiency,0.513324,0.013749,50,0.509513,0.517135
proposed,whitewashing,0.4,True,high,True,fairness_index,0.752406,0.015388,50,0.748141,0.756672
proposed,whitewashing,0.4,True,high,True,trust_stability_index,0.678106,0.010758,50,0.675124,0.681088
proposed,whitewashing,0.4,True,high,True,privacy_exposure_risk,0.449133,0.005328,50,0.447656,0.450610
proposed,whitewashing,0.4,True,high,True,candidate_privacy_risk,0.495103,0.003704,50,0.494076,0.496129
proposed,whitewashing,0.4,True,high,True,accepted_privacy_exposure,0.449133,0.005328,50,0.447656,0.450610
proposed,whitewashing,0.4,True,high,True,avg_trust,0.454906,0.011677,50,0.451670,0.458143
proposed,whitewashing,0.4,True,high,True,trust_variance,0.080473,0.002690,50,0.079728,0.081219
proposed,whitewashing,0.4,True,high,True,avg_preference,0.563782,0.009256,50,0.561216,0.566347
proposed,whitewashing,0.4,True,high,True,avg_reciprocity,0.525852,0.019207,50,0.520528,0.531176
proposed,whitewashing,0.4,True,high,True,avg_privacy_risk,0.441372,0.005735,50,0.439783,0.442962
proposed,whitewashing,0.4,True,high,True,avg_total_utility,0.725428,0.003363,50,0.724495,0.726360
proposed,whitewashing,0.4,True,high,True,avg_system_utility,0.736843,0.001657,50,0.736384,0.737302
proposed,whitewashing,0.4,True,high,True,avg_social_utility,0.655599,0.007036,50,0.653649,0.657549
proposed,whitewashing,0.4,True,high,True,avg_resource_utility,0.981821,0.000085,50,0.981797,0.981844
proposed,whitewashing,0.4,True,high,True,avg_privacy_utility,0.550867,0.005328,50,0.549390,0.552344
proposed,whitewashing,0.4,True,high,True,avg_incentive_utility,0.717674,0.005707,50,0.716092,0.719256
proposed,whitewashing,0.4,True,high,True,energy_consumed,0.063675,0.000520,50,0.063531,0.063819
proposed,whitewashing,0.4,True,high,True,bandwidth_consumed,0.270635,0.002541,50,0.269930,0.271339
proposed,whitewashing,0.4,True,high,True,compute_consumed,0.360961,0.003232,50,0.360065,0.361857
proposed,whitewashing,0.4,True,high,True,throughput_mbps,29.654400,0.788966,50,29.435710,29.873090
proposed,whitewashing,0.4,True,high,True,packet_delivery_ratio,0.537912,0.013778,50,0.534093,0.541731
proposed,whitewashing,0.4,True,high,True,e2e_delay_ms,95.666060,0.887779,50,95.419980,95.912140
proposed,whitewashing,0.4,True,high,True,active_nodes,49.988440,0.014503,50,49.984420,49.992460
proposed,whitewashing,0.4,True,high,True,reputation_honest,0.412742,0.034126,50,0.403283,0.422201
proposed,whitewashing,0.4,True,high,True,reputation_attacker,0.212895,0.008757,50,0.210468,0.215323
proposed,whitewashing,0.4,True,high,True,reputation_separation,0.199847,0.033188,50,0.190647,0.209046
proposed,whitewashing,0.4,True,high,True,attacker_defection_rate,0.978774,0.004908,50,0.977414,0.980135
proposed,whitewashing,0.4,True,high,True,whitewash_events,240.000000,0.000000,50,240.000000,240.000000
proposed,whitewashing,0.4,True,high,True,decision_distortion,0.071247,0.007460,50,0.069180,0.073315
proposed,whitewashing,0.4,True,high,True,decision_distortion_evidenced,0.063868,0.010404,50,0.060984,0.066752
proposed,whitewashing,0.4,True,high,True,decision_distortion_counterfactual,0.083138,0.009188,50,0.080591,0.085684
proposed,whitewashing,0.4,True,high,True,decision_distortion_counterfactual_evidenced,0.081749,0.013139,50,0.078107,0.085391
standard_marl_no_social,bad_mouthing,0.1,True,high,True,generated_tasks,7.004760,0.035361,50,6.994958,7.014562
standard_marl_no_social,bad_mouthing,0.1,True,high,True,completed_tasks,4.927160,0.056554,50,4.911484,4.942836
standard_marl_no_social,bad_mouthing,0.1,True,high,True,attempted_interactions,7.004760,0.035361,50,6.994958,7.014562
standard_marl_no_social,bad_mouthing,0.1,True,high,True,successful_cooperations,4.927160,0.056554,50,4.911484,4.942836
standard_marl_no_social,bad_mouthing,0.1,True,high,True,failed_interactions,2.077600,0.060511,50,2.060827,2.094373
standard_marl_no_social,bad_mouthing,0.1,True,high,True,blocked_privacy_interactions,0.000000,0.000000,50,0.000000,0.000000
standard_marl_no_social,bad_mouthing,0.1,True,high,True,cooperation_rate,0.703429,0.008255,50,0.701141,0.705717
standard_marl_no_social,bad_mouthing,0.1,True,high,True,task_completion_ratio,0.703429,0.008255,50,0.701141,0.705717
standard_marl_no_social,bad_mouthing,0.1,True,high,True,reliability_score,0.703429,0.008255,50,0.701141,0.705717
standard_marl_no_social,bad_mouthing,0.1,True,high,True,resource_efficiency,0.681512,0.008008,50,0.679292,0.683732
standard_marl_no_social,bad_mouthing,0.1,True,high,True,fairness_index,0.927209,0.008699,50,0.924798,0.929620
standard_marl_no_social,bad_mouthing,0.1,True,high,True,trust_stability_index,0.743088,0.006791,50,0.741206,0.744971
standard_marl_no_social,bad_mouthing,0.1,True,high,True,privacy_exposure_risk,0.500000,0.000000,50,0.500000,0.500000
standard_marl_no_social,bad_mouthing,0.1,True,high,True,candidate_privacy_risk,0.500000,0.000000,50,0.500000,0.500000
standard_marl_no_social,bad_mouthing,0.1,True,high,True,accepted_privacy_exposure,0.500000,0.000000,50,0.500000,0.500000
standard_marl_no_social,bad_mouthing,0.1,True,high,True,avg_trust,0.617351,0.007527,50,0.615265,0.619437
standard_marl_no_social,bad_mouthing,0.1,True,high,True,trust_variance,0.064228,0.001698,50,0.063757,0.064699
standard_marl_no_social,bad_mouthing,0.1,True,high,True,avg_preference,0.661144,0.005267,50,0.659684,0.662604
standard_marl_no_social,bad_mouthing,0.1,True,high,True,avg_reciprocity,0.703247,0.011688,50,0.700007,0.706487
standard_marl_no_social,bad_mouthing,0.1,True,high,True,avg_privacy_risk,0.500000,0.000000,50,0.500000,0.500000
standard_marl_no_social,bad_mouthing,0.1,True,high,True,avg_total_utility,0.861462,0.001435,50,0.861064,0.861859
standard_marl_no_social,bad_mouthing,0.1,True,high,True,avg_system_utility,0.735256,0.001107,50,0.734950,0.735563
standard_marl_no_social,bad_mouthing,0.1,True,high,True,avg_social_utility,0.500000,0.000000,50,0.500000,0.500000
standard_marl_no_social,bad_mouthing,0.1,True,high,True,avg_resource_utility,0.981829,0.000095,50,0.981803,0.981855
standard_marl_no_social,bad_mouthing,0.1,True,high,True,avg_privacy_utility,0.500000,0.000000,50,0.500000,0.500000
standard_marl_no_social,bad_mouthing,0.1,True,high,True,avg_incentive_utility,0.599537,0.000210,50,0.599479,0.599595
standard_marl_no_social,bad_mouthing,0.1,True,high,True,energy_consumed,0.064840,0.000514,50,0.064698,0.064983
standard_marl_no_social,bad_mouthing,0.1,True,high,True,bandwidth_consumed,0.275117,0.002515,50,0.274420,0.275814
standard_marl_no_social,bad_mouthing,0.1,True,high,True,compute_consumed,0.366565,0.003389,50,0.365625,0.367504
standard_marl_no_social,bad_mouthing,0.1,True,high,True,throughput_mbps,39.417280,0.452434,50,39.291872,39.542688
standard_marl_no_social,bad_mouthing,0.1,True,high,True,packet_delivery_ratio,0.703429,0.008255,50,0.701141,0.705717
standard_marl_no_social,bad_mouthing,0.1,True,high,True,e2e_delay_ms,94.232734,0.626924,50,94.058960,94.406508
standard_marl_no_social,bad_mouthing,0.1,True,high,True,active_nodes,50.000000,0.000000,50,50.000000,50.000000
standard_marl_no_social,bad_mouthing,0.1,True,high,True,reputation_honest,0.692999,0.029145,50,0.684921,0.701078
standard_marl_no_social,bad_mouthing,0.1,True,high,True,reputation_attacker,0.761463,0.091198,50,0.736184,0.786742
standard_marl_no_social,bad_mouthing,0.1,True,high,True,reputation_separation,-0.068464,0.100579,50,-0.096343,-0.040585
standard_marl_no_social,bad_mouthing,0.1,True,high,True,attacker_defection_rate,0.000000,0.000000,50,0.000000,0.000000
standard_marl_no_social,bad_mouthing,0.1,True,high,True,decision_distortion,0.078257,0.004507,50,0.077007,0.079506
standard_marl_no_social,bad_mouthing,0.1,True,high,True,decision_distortion_evidenced,0.063367,0.005932,50,0.061723,0.065011
standard_marl_no_social,bad_mouthing,0.1,True,high,True,decision_distortion_counterfactual,0.088680,0.005533,50,0.087146,0.090214
standard_marl_no_social,bad_mouthing,0.1,True,high,True,decision_distortion_counterfactual_evidenced,0.081135,0.008714,50,0.078720,0.083550
standard_marl_no_social,bad_mouthing,0.2,True,high,True,generated_tasks,7.004760,0.035361,50,6.994958,7.014562
standard_marl_no_social,bad_mouthing,0.2,True,high,True,completed_tasks,4.927160,0.056554,50,4.911484,4.942836
standard_marl_no_social,bad_mouthing,0.2,True,high,True,attempted_interactions,7.004760,0.035361,50,6.994958,7.014562
standard_marl_no_social,bad_mouthing,0.2,True,high,True,successful_cooperations,4.927160,0.056554,50,4.911484,4.942836
standard_marl_no_social,bad_mouthing,0.2,True,high,True,failed_interactions,2.077600,0.060511,50,2.060827,2.094373
standard_marl_no_social,bad_mouthing,0.2,True,high,True,blocked_privacy_interactions,0.000000,0.000000,50,0.000000,0.000000
standard_marl_no_social,bad_mouthing,0.2,True,high,True,cooperation_rate,0.703429,0.008255,50,0.701141,0.705717
standard_marl_no_social,bad_mouthing,0.2,True,high,True,task_completion_ratio,0.703429,0.008255,50,0.701141,0.705717
standard_marl_no_social,bad_mouthing,0.2,True,high,True,reliability_score,0.703429,0.008255,50,0.701141,0.705717
standard_marl_no_social,bad_mouthing,0.2,True,high,True,resource_efficiency,0.681512,0.008008,50,0.679292,0.683732
standard_marl_no_social,bad_mouthing,0.2,True,high,True,fairness_index,0.927209,0.008699,50,0.924798,0.929620
standard_marl_no_social,bad_mouthing,0.2,True,high,True,trust_stability_index,0.743088,0.006791,50,0.741206,0.744971
standard_marl_no_social,bad_mouthing,0.2,True,high,True,privacy_exposure_risk,0.500000,0.000000,50,0.500000,0.500000
standard_marl_no_social,bad_mouthing,0.2,True,high,True,candidate_privacy_risk,0.500000,0.000000,50,0.500000,0.500000
standard_marl_no_social,bad_mouthing,0.2,True,high,True,accepted_privacy_exposure,0.500000,0.000000,50,0.500000,0.500000
standard_marl_no_social,bad_mouthing,0.2,True,high,True,avg_trust,0.617351,0.007527,50,0.615265,0.619437
standard_marl_no_social,bad_mouthing,0.2,True,high,True,trust_variance,0.064228,0.001698,50,0.063757,0.064699
standard_marl_no_social,bad_mouthing,0.2,True,high,True,avg_preference,0.661144,0.005267,50,0.659684,0.662604
standard_marl_no_social,bad_mouthing,0.2,True,high,True,avg_reciprocity,0.703247,0.011688,50,0.700007,0.706487
standard_marl_no_social,bad_mouthing,0.2,True,high,True,avg_privacy_risk,0.500000,0.000000,50,0.500000,0.500000
standard_marl_no_social,bad_mouthing,0.2,True,high,True,avg_total_utility,0.861462,0.001435,50,0.861064,0.861859
standard_marl_no_social,bad_mouthing,0.2,True,high,True,avg_system_utility,0.735256,0.001107,50,0.734950,0.735563
standard_marl_no_social,bad_mouthing,0.2,True,high,True,avg_social_utility,0.500000,0.000000,50,0.500000,0.500000
standard_marl_no_social,bad_mouthing,0.2,True,high,True,avg_resource_utility,0.981829,0.000095,50,0.981803,0.981855
standard_marl_no_social,bad_mouthing,0.2,True,high,True,avg_privacy_utility,0.500000,0.000000,50,0.500000,0.500000
standard_marl_no_social,bad_mouthing,0.2,True,high,True,avg_incentive_utility,0.599537,0.000210,50,0.599479,0.599595
standard_marl_no_social,bad_mouthing,0.2,True,high,True,energy_consumed,0.064840,0.000514,50,0.064698,0.064983
standard_marl_no_social,bad_mouthing,0.2,True,high,True,bandwidth_consumed,0.275117,0.002515,50,0.274420,0.275814
standard_marl_no_social,bad_mouthing,0.2,True,high,True,compute_consumed,0.366565,0.003389,50,0.365625,0.367504
standard_marl_no_social,bad_mouthing,0.2,True,high,True,throughput_mbps,39.417280,0.452434,50,39.291872,39.542688
standard_marl_no_social,bad_mouthing,0.2,True,high,True,packet_delivery_ratio,0.703429,0.008255,50,0.701141,0.705717
standard_marl_no_social,bad_mouthing,0.2,True,high,True,e2e_delay_ms,94.232734,0.626924,50,94.058960,94.406508
standard_marl_no_social,bad_mouthing,0.2,True,high,True,active_nodes,50.000000,0.000000,50,50.000000,50.000000
standard_marl_no_social,bad_mouthing,0.2,True,high,True,reputation_honest,0.597244,0.038097,50,0.586684,0.607804
standard_marl_no_social,bad_mouthing,0.2,True,high,True,reputation_attacker,0.767021,0.052671,50,0.752422,0.781621
standard_marl_no_social,bad_mouthing,0.2,True,high,True,reputation_separation,-0.169777,0.068081,50,-0.188648,-0.150906
standard_marl_no_social,bad_mouthing,0.2,True,high,True,attacker_defection_rate,0.000000,0.000000,50,0.000000,0.000000
standard_marl_no_social,bad_mouthing,0.2,True,high,True,decision_distortion,0.080402,0.005330,50,0.078925,0.081880
standard_marl_no_social,bad_mouthing,0.2,True,high,True,decision_distortion_evidenced,0.069297,0.007562,50,0.067201,0.071393
standard_marl_no_social,bad_mouthing,0.2,True,high,True,decision_distortion_counterfactual,0.092144,0.006338,50,0.090387,0.093900
standard_marl_no_social,bad_mouthing,0.2,True,high,True,decision_distortion_counterfactual_evidenced,0.089409,0.010766,50,0.086425,0.092393
standard_marl_no_social,bad_mouthing,0.3,True,high,True,generated_tasks,7.004760,0.035361,50,6.994958,7.014562
standard_marl_no_social,bad_mouthing,0.3,True,high,True,completed_tasks,4.927160,0.056554,50,4.911484,4.942836
standard_marl_no_social,bad_mouthing,0.3,True,high,True,attempted_interactions,7.004760,0.035361,50,6.994958,7.014562
standard_marl_no_social,bad_mouthing,0.3,True,high,True,successful_cooperations,4.927160,0.056554,50,4.911484,4.942836
standard_marl_no_social,bad_mouthing,0.3,True,high,True,failed_interactions,2.077600,0.060511,50,2.060827,2.094373
standard_marl_no_social,bad_mouthing,0.3,True,high,True,blocked_privacy_interactions,0.000000,0.000000,50,0.000000,0.000000
standard_marl_no_social,bad_mouthing,0.3,True,high,True,cooperation_rate,0.703429,0.008255,50,0.701141,0.705717
standard_marl_no_social,bad_mouthing,0.3,True,high,True,task_completion_ratio,0.703429,0.008255,50,0.701141,0.705717
standard_marl_no_social,bad_mouthing,0.3,True,high,True,reliability_score,0.703429,0.008255,50,0.701141,0.705717
standard_marl_no_social,bad_mouthing,0.3,True,high,True,resource_efficiency,0.681512,0.008008,50,0.679292,0.683732
standard_marl_no_social,bad_mouthing,0.3,True,high,True,fairness_index,0.927209,0.008699,50,0.924798,0.929620
standard_marl_no_social,bad_mouthing,0.3,True,high,True,trust_stability_index,0.743088,0.006791,50,0.741206,0.744971
standard_marl_no_social,bad_mouthing,0.3,True,high,True,privacy_exposure_risk,0.500000,0.000000,50,0.500000,0.500000
standard_marl_no_social,bad_mouthing,0.3,True,high,True,candidate_privacy_risk,0.500000,0.000000,50,0.500000,0.500000
standard_marl_no_social,bad_mouthing,0.3,True,high,True,accepted_privacy_exposure,0.500000,0.000000,50,0.500000,0.500000
standard_marl_no_social,bad_mouthing,0.3,True,high,True,avg_trust,0.617351,0.007527,50,0.615265,0.619437
standard_marl_no_social,bad_mouthing,0.3,True,high,True,trust_variance,0.064228,0.001698,50,0.063757,0.064699
standard_marl_no_social,bad_mouthing,0.3,True,high,True,avg_preference,0.661144,0.005267,50,0.659684,0.662604
standard_marl_no_social,bad_mouthing,0.3,True,high,True,avg_reciprocity,0.703247,0.011688,50,0.700007,0.706487
standard_marl_no_social,bad_mouthing,0.3,True,high,True,avg_privacy_risk,0.500000,0.000000,50,0.500000,0.500000
standard_marl_no_social,bad_mouthing,0.3,True,high,True,avg_total_utility,0.861462,0.001435,50,0.861064,0.861859
standard_marl_no_social,bad_mouthing,0.3,True,high,True,avg_system_utility,0.735256,0.001107,50,0.734950,0.735563
standard_marl_no_social,bad_mouthing,0.3,True,high,True,avg_social_utility,0.500000,0.000000,50,0.500000,0.500000
standard_marl_no_social,bad_mouthing,0.3,True,high,True,avg_resource_utility,0.981829,0.000095,50,0.981803,0.981855
standard_marl_no_social,bad_mouthing,0.3,True,high,True,avg_privacy_utility,0.500000,0.000000,50,0.500000,0.500000
standard_marl_no_social,bad_mouthing,0.3,True,high,True,avg_incentive_utility,0.599537,0.000210,50,0.599479,0.599595
standard_marl_no_social,bad_mouthing,0.3,True,high,True,energy_consumed,0.064840,0.000514,50,0.064698,0.064983
standard_marl_no_social,bad_mouthing,0.3,True,high,True,bandwidth_consumed,0.275117,0.002515,50,0.274420,0.275814
standard_marl_no_social,bad_mouthing,0.3,True,high,True,compute_consumed,0.366565,0.003389,50,0.365625,0.367504
standard_marl_no_social,bad_mouthing,0.3,True,high,True,throughput_mbps,39.417280,0.452434,50,39.291872,39.542688
standard_marl_no_social,bad_mouthing,0.3,True,high,True,packet_delivery_ratio,0.703429,0.008255,50,0.701141,0.705717
standard_marl_no_social,bad_mouthing,0.3,True,high,True,e2e_delay_ms,94.232734,0.626924,50,94.058960,94.406508
standard_marl_no_social,bad_mouthing,0.3,True,high,True,active_nodes,50.000000,0.000000,50,50.000000,50.000000
standard_marl_no_social,bad_mouthing,0.3,True,high,True,reputation_honest,0.484986,0.045465,50,0.472384,0.497588
standard_marl_no_social,bad_mouthing,0.3,True,high,True,reputation_attacker,0.763589,0.045526,50,0.750970,0.776208
standard_marl_no_social,bad_mouthing,0.3,True,high,True,reputation_separation,-0.278603,0.071369,50,-0.298385,-0.258820
standard_marl_no_social,bad_mouthing,0.3,True,high,True,attacker_defection_rate,0.000000,0.000000,50,0.000000,0.000000
standard_marl_no_social,bad_mouthing,0.3,True,high,True,decision_distortion,0.085508,0.005930,50,0.083864,0.087152
standard_marl_no_social,bad_mouthing,0.3,True,high,True,decision_distortion_evidenced,0.076892,0.007899,50,0.074702,0.079081
standard_marl_no_social,bad_mouthing,0.3,True,high,True,decision_distortion_counterfactual,0.100387,0.007288,50,0.098367,0.102407
standard_marl_no_social,bad_mouthing,0.3,True,high,True,decision_distortion_counterfactual_evidenced,0.102338,0.011373,50,0.099185,0.105490
standard_marl_no_social,bad_mouthing,0.4,True,high,True,generated_tasks,7.004760,0.035361,50,6.994958,7.014562
standard_marl_no_social,bad_mouthing,0.4,True,high,True,completed_tasks,4.927160,0.056554,50,4.911484,4.942836
standard_marl_no_social,bad_mouthing,0.4,True,high,True,attempted_interactions,7.004760,0.035361,50,6.994958,7.014562
standard_marl_no_social,bad_mouthing,0.4,True,high,True,successful_cooperations,4.927160,0.056554,50,4.911484,4.942836
standard_marl_no_social,bad_mouthing,0.4,True,high,True,failed_interactions,2.077600,0.060511,50,2.060827,2.094373
standard_marl_no_social,bad_mouthing,0.4,True,high,True,blocked_privacy_interactions,0.000000,0.000000,50,0.000000,0.000000
standard_marl_no_social,bad_mouthing,0.4,True,high,True,cooperation_rate,0.703429,0.008255,50,0.701141,0.705717
standard_marl_no_social,bad_mouthing,0.4,True,high,True,task_completion_ratio,0.703429,0.008255,50,0.701141,0.705717
standard_marl_no_social,bad_mouthing,0.4,True,high,True,reliability_score,0.703429,0.008255,50,0.701141,0.705717
standard_marl_no_social,bad_mouthing,0.4,True,high,True,resource_efficiency,0.681512,0.008008,50,0.679292,0.683732
standard_marl_no_social,bad_mouthing,0.4,True,high,True,fairness_index,0.927209,0.008699,50,0.924798,0.929620
standard_marl_no_social,bad_mouthing,0.4,True,high,True,trust_stability_index,0.743088,0.006791,50,0.741206,0.744971
standard_marl_no_social,bad_mouthing,0.4,True,high,True,privacy_exposure_risk,0.500000,0.000000,50,0.500000,0.500000
standard_marl_no_social,bad_mouthing,0.4,True,high,True,candidate_privacy_risk,0.500000,0.000000,50,0.500000,0.500000
standard_marl_no_social,bad_mouthing,0.4,True,high,True,accepted_privacy_exposure,0.500000,0.000000,50,0.500000,0.500000
standard_marl_no_social,bad_mouthing,0.4,True,high,True,avg_trust,0.617351,0.007527,50,0.615265,0.619437
standard_marl_no_social,bad_mouthing,0.4,True,high,True,trust_variance,0.064228,0.001698,50,0.063757,0.064699
standard_marl_no_social,bad_mouthing,0.4,True,high,True,avg_preference,0.661144,0.005267,50,0.659684,0.662604
standard_marl_no_social,bad_mouthing,0.4,True,high,True,avg_reciprocity,0.703247,0.011688,50,0.700007,0.706487
standard_marl_no_social,bad_mouthing,0.4,True,high,True,avg_privacy_risk,0.500000,0.000000,50,0.500000,0.500000
standard_marl_no_social,bad_mouthing,0.4,True,high,True,avg_total_utility,0.861462,0.001435,50,0.861064,0.861859
standard_marl_no_social,bad_mouthing,0.4,True,high,True,avg_system_utility,0.735256,0.001107,50,0.734950,0.735563
standard_marl_no_social,bad_mouthing,0.4,True,high,True,avg_social_utility,0.500000,0.000000,50,0.500000,0.500000
standard_marl_no_social,bad_mouthing,0.4,True,high,True,avg_resource_utility,0.981829,0.000095,50,0.981803,0.981855
standard_marl_no_social,bad_mouthing,0.4,True,high,True,avg_privacy_utility,0.500000,0.000000,50,0.500000,0.500000
standard_marl_no_social,bad_mouthing,0.4,True,high,True,avg_incentive_utility,0.599537,0.000210,50,0.599479,0.599595
standard_marl_no_social,bad_mouthing,0.4,True,high,True,energy_consumed,0.064840,0.000514,50,0.064698,0.064983
standard_marl_no_social,bad_mouthing,0.4,True,high,True,bandwidth_consumed,0.275117,0.002515,50,0.274420,0.275814
standard_marl_no_social,bad_mouthing,0.4,True,high,True,compute_consumed,0.366565,0.003389,50,0.365625,0.367504
standard_marl_no_social,bad_mouthing,0.4,True,high,True,throughput_mbps,39.417280,0.452434,50,39.291872,39.542688
standard_marl_no_social,bad_mouthing,0.4,True,high,True,packet_delivery_ratio,0.703429,0.008255,50,0.701141,0.705717
standard_marl_no_social,bad_mouthing,0.4,True,high,True,e2e_delay_ms,94.232734,0.626924,50,94.058960,94.406508
standard_marl_no_social,bad_mouthing,0.4,True,high,True,active_nodes,50.000000,0.000000,50,50.000000,50.000000
standard_marl_no_social,bad_mouthing,0.4,True,high,True,reputation_honest,0.365761,0.042209,50,0.354061,0.377461
standard_marl_no_social,bad_mouthing,0.4,True,high,True,reputation_attacker,0.762607,0.038043,50,0.752062,0.773152
standard_marl_no_social,bad_mouthing,0.4,True,high,True,reputation_separation,-0.396846,0.061998,50,-0.414031,-0.379661
standard_marl_no_social,bad_mouthing,0.4,True,high,True,attacker_defection_rate,0.000000,0.000000,50,0.000000,0.000000
standard_marl_no_social,bad_mouthing,0.4,True,high,True,decision_distortion,0.096939,0.007250,50,0.094929,0.098948
standard_marl_no_social,bad_mouthing,0.4,True,high,True,decision_distortion_evidenced,0.088907,0.011139,50,0.085819,0.091994
standard_marl_no_social,bad_mouthing,0.4,True,high,True,decision_distortion_counterfactual,0.117290,0.010072,50,0.114499,0.120082
standard_marl_no_social,bad_mouthing,0.4,True,high,True,decision_distortion_counterfactual_evidenced,0.123810,0.016723,50,0.119175,0.128446
standard_marl_no_social,ballot_stuffing,0.1,True,high,True,generated_tasks,7.004760,0.035361,50,6.994958,7.014562
standard_marl_no_social,ballot_stuffing,0.1,True,high,True,completed_tasks,4.927160,0.056554,50,4.911484,4.942836
standard_marl_no_social,ballot_stuffing,0.1,True,high,True,attempted_interactions,7.004760,0.035361,50,6.994958,7.014562
standard_marl_no_social,ballot_stuffing,0.1,True,high,True,successful_cooperations,4.927160,0.056554,50,4.911484,4.942836
standard_marl_no_social,ballot_stuffing,0.1,True,high,True,failed_interactions,2.077600,0.060511,50,2.060827,2.094373
standard_marl_no_social,ballot_stuffing,0.1,True,high,True,blocked_privacy_interactions,0.000000,0.000000,50,0.000000,0.000000
standard_marl_no_social,ballot_stuffing,0.1,True,high,True,cooperation_rate,0.703429,0.008255,50,0.701141,0.705717
standard_marl_no_social,ballot_stuffing,0.1,True,high,True,task_completion_ratio,0.703429,0.008255,50,0.701141,0.705717
standard_marl_no_social,ballot_stuffing,0.1,True,high,True,reliability_score,0.703429,0.008255,50,0.701141,0.705717
standard_marl_no_social,ballot_stuffing,0.1,True,high,True,resource_efficiency,0.681512,0.008008,50,0.679292,0.683732
standard_marl_no_social,ballot_stuffing,0.1,True,high,True,fairness_index,0.927209,0.008699,50,0.924798,0.929620
standard_marl_no_social,ballot_stuffing,0.1,True,high,True,trust_stability_index,0.743088,0.006791,50,0.741206,0.744971
standard_marl_no_social,ballot_stuffing,0.1,True,high,True,privacy_exposure_risk,0.500000,0.000000,50,0.500000,0.500000
standard_marl_no_social,ballot_stuffing,0.1,True,high,True,candidate_privacy_risk,0.500000,0.000000,50,0.500000,0.500000
standard_marl_no_social,ballot_stuffing,0.1,True,high,True,accepted_privacy_exposure,0.500000,0.000000,50,0.500000,0.500000
standard_marl_no_social,ballot_stuffing,0.1,True,high,True,avg_trust,0.617351,0.007527,50,0.615265,0.619437
standard_marl_no_social,ballot_stuffing,0.1,True,high,True,trust_variance,0.064228,0.001698,50,0.063757,0.064699
standard_marl_no_social,ballot_stuffing,0.1,True,high,True,avg_preference,0.661144,0.005267,50,0.659684,0.662604
standard_marl_no_social,ballot_stuffing,0.1,True,high,True,avg_reciprocity,0.703247,0.011688,50,0.700007,0.706487
standard_marl_no_social,ballot_stuffing,0.1,True,high,True,avg_privacy_risk,0.500000,0.000000,50,0.500000,0.500000
standard_marl_no_social,ballot_stuffing,0.1,True,high,True,avg_total_utility,0.861462,0.001435,50,0.861064,0.861859
standard_marl_no_social,ballot_stuffing,0.1,True,high,True,avg_system_utility,0.735256,0.001107,50,0.734950,0.735563
standard_marl_no_social,ballot_stuffing,0.1,True,high,True,avg_social_utility,0.500000,0.000000,50,0.500000,0.500000
standard_marl_no_social,ballot_stuffing,0.1,True,high,True,avg_resource_utility,0.981829,0.000095,50,0.981803,0.981855
standard_marl_no_social,ballot_stuffing,0.1,True,high,True,avg_privacy_utility,0.500000,0.000000,50,0.500000,0.500000
standard_marl_no_social,ballot_stuffing,0.1,True,high,True,avg_incentive_utility,0.599537,0.000210,50,0.599479,0.599595
standard_marl_no_social,ballot_stuffing,0.1,True,high,True,energy_consumed,0.064840,0.000514,50,0.064698,0.064983
standard_marl_no_social,ballot_stuffing,0.1,True,high,True,bandwidth_consumed,0.275117,0.002515,50,0.274420,0.275814
standard_marl_no_social,ballot_stuffing,0.1,True,high,True,compute_consumed,0.366565,0.003389,50,0.365625,0.367504
standard_marl_no_social,ballot_stuffing,0.1,True,high,True,throughput_mbps,39.417280,0.452434,50,39.291872,39.542688
standard_marl_no_social,ballot_stuffing,0.1,True,high,True,packet_delivery_ratio,0.703429,0.008255,50,0.701141,0.705717
standard_marl_no_social,ballot_stuffing,0.1,True,high,True,e2e_delay_ms,94.232734,0.626924,50,94.058960,94.406508
standard_marl_no_social,ballot_stuffing,0.1,True,high,True,active_nodes,50.000000,0.000000,50,50.000000,50.000000
standard_marl_no_social,ballot_stuffing,0.1,True,high,True,reputation_honest,0.767504,0.023549,50,0.760977,0.774032
standard_marl_no_social,ballot_stuffing,0.1,True,high,True,reputation_attacker,0.787515,0.080573,50,0.765182,0.809849
standard_marl_no_social,ballot_stuffing,0.1,True,high,True,reputation_separation,-0.020011,0.083553,50,-0.043171,0.003148
standard_marl_no_social,ballot_stuffing,0.1,True,high,True,attacker_defection_rate,0.000000,0.000000,50,0.000000,0.000000
standard_marl_no_social,ballot_stuffing,0.1,True,high,True,decision_distortion,0.079245,0.004186,50,0.078085,0.080405
standard_marl_no_social,ballot_stuffing,0.1,True,high,True,decision_distortion_evidenced,0.060416,0.005621,50,0.058858,0.061974
standard_marl_no_social,ballot_stuffing,0.1,True,high,True,decision_distortion_counterfactual,0.089199,0.005335,50,0.087721,0.090678
standard_marl_no_social,ballot_stuffing,0.1,True,high,True,decision_distortion_counterfactual_evidenced,0.077368,0.008294,50,0.075069,0.079667
standard_marl_no_social,ballot_stuffing,0.2,True,high,True,generated_tasks,7.004760,0.035361,50,6.994958,7.014562
standard_marl_no_social,ballot_stuffing,0.2,True,high,True,completed_tasks,4.927160,0.056554,50,4.911484,4.942836
standard_marl_no_social,ballot_stuffing,0.2,True,high,True,attempted_interactions,7.004760,0.035361,50,6.994958,7.014562
standard_marl_no_social,ballot_stuffing,0.2,True,high,True,successful_cooperations,4.927160,0.056554,50,4.911484,4.942836
standard_marl_no_social,ballot_stuffing,0.2,True,high,True,failed_interactions,2.077600,0.060511,50,2.060827,2.094373
standard_marl_no_social,ballot_stuffing,0.2,True,high,True,blocked_privacy_interactions,0.000000,0.000000,50,0.000000,0.000000
standard_marl_no_social,ballot_stuffing,0.2,True,high,True,cooperation_rate,0.703429,0.008255,50,0.701141,0.705717
standard_marl_no_social,ballot_stuffing,0.2,True,high,True,task_completion_ratio,0.703429,0.008255,50,0.701141,0.705717
standard_marl_no_social,ballot_stuffing,0.2,True,high,True,reliability_score,0.703429,0.008255,50,0.701141,0.705717
standard_marl_no_social,ballot_stuffing,0.2,True,high,True,resource_efficiency,0.681512,0.008008,50,0.679292,0.683732
standard_marl_no_social,ballot_stuffing,0.2,True,high,True,fairness_index,0.927209,0.008699,50,0.924798,0.929620
standard_marl_no_social,ballot_stuffing,0.2,True,high,True,trust_stability_index,0.743088,0.006791,50,0.741206,0.744971
standard_marl_no_social,ballot_stuffing,0.2,True,high,True,privacy_exposure_risk,0.500000,0.000000,50,0.500000,0.500000
standard_marl_no_social,ballot_stuffing,0.2,True,high,True,candidate_privacy_risk,0.500000,0.000000,50,0.500000,0.500000
standard_marl_no_social,ballot_stuffing,0.2,True,high,True,accepted_privacy_exposure,0.500000,0.000000,50,0.500000,0.500000
standard_marl_no_social,ballot_stuffing,0.2,True,high,True,avg_trust,0.617351,0.007527,50,0.615265,0.619437
standard_marl_no_social,ballot_stuffing,0.2,True,high,True,trust_variance,0.064228,0.001698,50,0.063757,0.064699
standard_marl_no_social,ballot_stuffing,0.2,True,high,True,avg_preference,0.661144,0.005267,50,0.659684,0.662604
standard_marl_no_social,ballot_stuffing,0.2,True,high,True,avg_reciprocity,0.703247,0.011688,50,0.700007,0.706487
standard_marl_no_social,ballot_stuffing,0.2,True,high,True,avg_privacy_risk,0.500000,0.000000,50,0.500000,0.500000
standard_marl_no_social,ballot_stuffing,0.2,True,high,True,avg_total_utility,0.861462,0.001435,50,0.861064,0.861859
standard_marl_no_social,ballot_stuffing,0.2,True,high,True,avg_system_utility,0.735256,0.001107,50,0.734950,0.735563
standard_marl_no_social,ballot_stuffing,0.2,True,high,True,avg_social_utility,0.500000,0.000000,50,0.500000,0.500000
standard_marl_no_social,ballot_stuffing,0.2,True,high,True,avg_resource_utility,0.981829,0.000095,50,0.981803,0.981855
standard_marl_no_social,ballot_stuffing,0.2,True,high,True,avg_privacy_utility,0.500000,0.000000,50,0.500000,0.500000
standard_marl_no_social,ballot_stuffing,0.2,True,high,True,avg_incentive_utility,0.599537,0.000210,50,0.599479,0.599595
standard_marl_no_social,ballot_stuffing,0.2,True,high,True,energy_consumed,0.064840,0.000514,50,0.064698,0.064983
standard_marl_no_social,ballot_stuffing,0.2,True,high,True,bandwidth_consumed,0.275117,0.002515,50,0.274420,0.275814
standard_marl_no_social,ballot_stuffing,0.2,True,high,True,compute_consumed,0.366565,0.003389,50,0.365625,0.367504
standard_marl_no_social,ballot_stuffing,0.2,True,high,True,throughput_mbps,39.417280,0.452434,50,39.291872,39.542688
standard_marl_no_social,ballot_stuffing,0.2,True,high,True,packet_delivery_ratio,0.703429,0.008255,50,0.701141,0.705717
standard_marl_no_social,ballot_stuffing,0.2,True,high,True,e2e_delay_ms,94.232734,0.626924,50,94.058960,94.406508
standard_marl_no_social,ballot_stuffing,0.2,True,high,True,active_nodes,50.000000,0.000000,50,50.000000,50.000000
standard_marl_no_social,ballot_stuffing,0.2,True,high,True,reputation_honest,0.766870,0.025948,50,0.759677,0.774062
standard_marl_no_social,ballot_stuffing,0.2,True,high,True,reputation_attacker,0.811719,0.042164,50,0.800032,0.823406
standard_marl_no_social,ballot_stuffing,0.2,True,high,True,reputation_separation,-0.044850,0.052296,50,-0.059345,-0.030354
standard_marl_no_social,ballot_stuffing,0.2,True,high,True,attacker_defection_rate,0.000000,0.000000,50,0.000000,0.000000
standard_marl_no_social,ballot_stuffing,0.2,True,high,True,decision_distortion,0.079251,0.005044,50,0.077853,0.080649
standard_marl_no_social,ballot_stuffing,0.2,True,high,True,decision_distortion_evidenced,0.060382,0.007427,50,0.058323,0.062441
standard_marl_no_social,ballot_stuffing,0.2,True,high,True,decision_distortion_counterfactual,0.089197,0.006285,50,0.087455,0.090939
standard_marl_no_social,ballot_stuffing,0.2,True,high,True,decision_distortion_counterfactual_evidenced,0.077402,0.010378,50,0.074525,0.080279
standard_marl_no_social,ballot_stuffing,0.3,True,high,True,generated_tasks,7.004760,0.035361,50,6.994958,7.014562
standard_marl_no_social,ballot_stuffing,0.3,True,high,True,completed_tasks,4.927160,0.056554,50,4.911484,4.942836
standard_marl_no_social,ballot_stuffing,0.3,True,high,True,attempted_interactions,7.004760,0.035361,50,6.994958,7.014562
standard_marl_no_social,ballot_stuffing,0.3,True,high,True,successful_cooperations,4.927160,0.056554,50,4.911484,4.942836
standard_marl_no_social,ballot_stuffing,0.3,True,high,True,failed_interactions,2.077600,0.060511,50,2.060827,2.094373
standard_marl_no_social,ballot_stuffing,0.3,True,high,True,blocked_privacy_interactions,0.000000,0.000000,50,0.000000,0.000000
standard_marl_no_social,ballot_stuffing,0.3,True,high,True,cooperation_rate,0.703429,0.008255,50,0.701141,0.705717
standard_marl_no_social,ballot_stuffing,0.3,True,high,True,task_completion_ratio,0.703429,0.008255,50,0.701141,0.705717
standard_marl_no_social,ballot_stuffing,0.3,True,high,True,reliability_score,0.703429,0.008255,50,0.701141,0.705717
standard_marl_no_social,ballot_stuffing,0.3,True,high,True,resource_efficiency,0.681512,0.008008,50,0.679292,0.683732
standard_marl_no_social,ballot_stuffing,0.3,True,high,True,fairness_index,0.927209,0.008699,50,0.924798,0.929620
standard_marl_no_social,ballot_stuffing,0.3,True,high,True,trust_stability_index,0.743088,0.006791,50,0.741206,0.744971
standard_marl_no_social,ballot_stuffing,0.3,True,high,True,privacy_exposure_risk,0.500000,0.000000,50,0.500000,0.500000
standard_marl_no_social,ballot_stuffing,0.3,True,high,True,candidate_privacy_risk,0.500000,0.000000,50,0.500000,0.500000
standard_marl_no_social,ballot_stuffing,0.3,True,high,True,accepted_privacy_exposure,0.500000,0.000000,50,0.500000,0.500000
standard_marl_no_social,ballot_stuffing,0.3,True,high,True,avg_trust,0.617351,0.007527,50,0.615265,0.619437
standard_marl_no_social,ballot_stuffing,0.3,True,high,True,trust_variance,0.064228,0.001698,50,0.063757,0.064699
standard_marl_no_social,ballot_stuffing,0.3,True,high,True,avg_preference,0.661144,0.005267,50,0.659684,0.662604
standard_marl_no_social,ballot_stuffing,0.3,True,high,True,avg_reciprocity,0.703247,0.011688,50,0.700007,0.706487
standard_marl_no_social,ballot_stuffing,0.3,True,high,True,avg_privacy_risk,0.500000,0.000000,50,0.500000,0.500000
standard_marl_no_social,ballot_stuffing,0.3,True,high,True,avg_total_utility,0.861462,0.001435,50,0.861064,0.861859
standard_marl_no_social,ballot_stuffing,0.3,True,high,True,avg_system_utility,0.735256,0.001107,50,0.734950,0.735563
standard_marl_no_social,ballot_stuffing,0.3,True,high,True,avg_social_utility,0.500000,0.000000,50,0.500000,0.500000
standard_marl_no_social,ballot_stuffing,0.3,True,high,True,avg_resource_utility,0.981829,0.000095,50,0.981803,0.981855
standard_marl_no_social,ballot_stuffing,0.3,True,high,True,avg_privacy_utility,0.500000,0.000000,50,0.500000,0.500000
standard_marl_no_social,ballot_stuffing,0.3,True,high,True,avg_incentive_utility,0.599537,0.000210,50,0.599479,0.599595
standard_marl_no_social,ballot_stuffing,0.3,True,high,True,energy_consumed,0.064840,0.000514,50,0.064698,0.064983
standard_marl_no_social,ballot_stuffing,0.3,True,high,True,bandwidth_consumed,0.275117,0.002515,50,0.274420,0.275814
standard_marl_no_social,ballot_stuffing,0.3,True,high,True,compute_consumed,0.366565,0.003389,50,0.365625,0.367504
standard_marl_no_social,ballot_stuffing,0.3,True,high,True,throughput_mbps,39.417280,0.452434,50,39.291872,39.542688
standard_marl_no_social,ballot_stuffing,0.3,True,high,True,packet_delivery_ratio,0.703429,0.008255,50,0.701141,0.705717
standard_marl_no_social,ballot_stuffing,0.3,True,high,True,e2e_delay_ms,94.232734,0.626924,50,94.058960,94.406508
standard_marl_no_social,ballot_stuffing,0.3,True,high,True,active_nodes,50.000000,0.000000,50,50.000000,50.000000
standard_marl_no_social,ballot_stuffing,0.3,True,high,True,reputation_honest,0.768319,0.028157,50,0.760514,0.776124
standard_marl_no_social,ballot_stuffing,0.3,True,high,True,reputation_attacker,0.845459,0.027463,50,0.837847,0.853072
standard_marl_no_social,ballot_stuffing,0.3,True,high,True,reputation_separation,-0.077140,0.040611,50,-0.088397,-0.065883
standard_marl_no_social,ballot_stuffing,0.3,True,high,True,attacker_defection_rate,0.000000,0.000000,50,0.000000,0.000000
standard_marl_no_social,ballot_stuffing,0.3,True,high,True,decision_distortion,0.078820,0.005507,50,0.077293,0.080346
standard_marl_no_social,ballot_stuffing,0.3,True,high,True,decision_distortion_evidenced,0.060086,0.008574,50,0.057710,0.062463
standard_marl_no_social,ballot_stuffing,0.3,True,high,True,decision_distortion_counterfactual,0.088658,0.007197,50,0.086663,0.090653
standard_marl_no_social,ballot_stuffing,0.3,True,high,True,decision_distortion_counterfactual_evidenced,0.076966,0.012117,50,0.073607,0.080325
standard_marl_no_social,ballot_stuffing,0.4,True,high,True,generated_tasks,7.004760,0.035361,50,6.994958,7.014562
standard_marl_no_social,ballot_stuffing,0.4,True,high,True,completed_tasks,4.927160,0.056554,50,4.911484,4.942836
standard_marl_no_social,ballot_stuffing,0.4,True,high,True,attempted_interactions,7.004760,0.035361,50,6.994958,7.014562
standard_marl_no_social,ballot_stuffing,0.4,True,high,True,successful_cooperations,4.927160,0.056554,50,4.911484,4.942836
standard_marl_no_social,ballot_stuffing,0.4,True,high,True,failed_interactions,2.077600,0.060511,50,2.060827,2.094373
standard_marl_no_social,ballot_stuffing,0.4,True,high,True,blocked_privacy_interactions,0.000000,0.000000,50,0.000000,0.000000
standard_marl_no_social,ballot_stuffing,0.4,True,high,True,cooperation_rate,0.703429,0.008255,50,0.701141,0.705717
standard_marl_no_social,ballot_stuffing,0.4,True,high,True,task_completion_ratio,0.703429,0.008255,50,0.701141,0.705717
standard_marl_no_social,ballot_stuffing,0.4,True,high,True,reliability_score,0.703429,0.008255,50,0.701141,0.705717
standard_marl_no_social,ballot_stuffing,0.4,True,high,True,resource_efficiency,0.681512,0.008008,50,0.679292,0.683732
standard_marl_no_social,ballot_stuffing,0.4,True,high,True,fairness_index,0.927209,0.008699,50,0.924798,0.929620
standard_marl_no_social,ballot_stuffing,0.4,True,high,True,trust_stability_index,0.743088,0.006791,50,0.741206,0.744971
standard_marl_no_social,ballot_stuffing,0.4,True,high,True,privacy_exposure_risk,0.500000,0.000000,50,0.500000,0.500000
standard_marl_no_social,ballot_stuffing,0.4,True,high,True,candidate_privacy_risk,0.500000,0.000000,50,0.500000,0.500000
standard_marl_no_social,ballot_stuffing,0.4,True,high,True,accepted_privacy_exposure,0.500000,0.000000,50,0.500000,0.500000
standard_marl_no_social,ballot_stuffing,0.4,True,high,True,avg_trust,0.617351,0.007527,50,0.615265,0.619437
standard_marl_no_social,ballot_stuffing,0.4,True,high,True,trust_variance,0.064228,0.001698,50,0.063757,0.064699
standard_marl_no_social,ballot_stuffing,0.4,True,high,True,avg_preference,0.661144,0.005267,50,0.659684,0.662604
standard_marl_no_social,ballot_stuffing,0.4,True,high,True,avg_reciprocity,0.703247,0.011688,50,0.700007,0.706487
standard_marl_no_social,ballot_stuffing,0.4,True,high,True,avg_privacy_risk,0.500000,0.000000,50,0.500000,0.500000
standard_marl_no_social,ballot_stuffing,0.4,True,high,True,avg_total_utility,0.861462,0.001435,50,0.861064,0.861859
standard_marl_no_social,ballot_stuffing,0.4,True,high,True,avg_system_utility,0.735256,0.001107,50,0.734950,0.735563
standard_marl_no_social,ballot_stuffing,0.4,True,high,True,avg_social_utility,0.500000,0.000000,50,0.500000,0.500000
standard_marl_no_social,ballot_stuffing,0.4,True,high,True,avg_resource_utility,0.981829,0.000095,50,0.981803,0.981855
standard_marl_no_social,ballot_stuffing,0.4,True,high,True,avg_privacy_utility,0.500000,0.000000,50,0.500000,0.500000
standard_marl_no_social,ballot_stuffing,0.4,True,high,True,avg_incentive_utility,0.599537,0.000210,50,0.599479,0.599595
standard_marl_no_social,ballot_stuffing,0.4,True,high,True,energy_consumed,0.064840,0.000514,50,0.064698,0.064983
standard_marl_no_social,ballot_stuffing,0.4,True,high,True,bandwidth_consumed,0.275117,0.002515,50,0.274420,0.275814
standard_marl_no_social,ballot_stuffing,0.4,True,high,True,compute_consumed,0.366565,0.003389,50,0.365625,0.367504
standard_marl_no_social,ballot_stuffing,0.4,True,high,True,throughput_mbps,39.417280,0.452434,50,39.291872,39.542688
standard_marl_no_social,ballot_stuffing,0.4,True,high,True,packet_delivery_ratio,0.703429,0.008255,50,0.701141,0.705717
standard_marl_no_social,ballot_stuffing,0.4,True,high,True,e2e_delay_ms,94.232734,0.626924,50,94.058960,94.406508
standard_marl_no_social,ballot_stuffing,0.4,True,high,True,active_nodes,50.000000,0.000000,50,50.000000,50.000000
standard_marl_no_social,ballot_stuffing,0.4,True,high,True,reputation_honest,0.769762,0.029666,50,0.761539,0.777985
standard_marl_no_social,ballot_stuffing,0.4,True,high,True,reputation_attacker,0.870388,0.021579,50,0.864407,0.876369
standard_marl_no_social,ballot_stuffing,0.4,True,high,True,reputation_separation,-0.100626,0.037040,50,-0.110893,-0.090359
standard_marl_no_social,ballot_stuffing,0.4,True,high,True,attacker_defection_rate,0.000000,0.000000,50,0.000000,0.000000
standard_marl_no_social,ballot_stuffing,0.4,True,high,True,decision_distortion,0.078807,0.007082,50,0.076844,0.080770
standard_marl_no_social,ballot_stuffing,0.4,True,high,True,decision_distortion_evidenced,0.059896,0.010358,50,0.057025,0.062767
standard_marl_no_social,ballot_stuffing,0.4,True,high,True,decision_distortion_counterfactual,0.088905,0.009131,50,0.086374,0.091436
standard_marl_no_social,ballot_stuffing,0.4,True,high,True,decision_distortion_counterfactual_evidenced,0.077272,0.015121,50,0.073081,0.081464
standard_marl_no_social,collusion,0.1,True,high,True,generated_tasks,6.997640,0.028191,50,6.989826,7.005454
standard_marl_no_social,collusion,0.1,True,high,True,completed_tasks,4.484880,0.084162,50,4.461551,4.508209
standard_marl_no_social,collusion,0.1,True,high,True,attempted_interactions,6.997640,0.028191,50,6.989826,7.005454
standard_marl_no_social,collusion,0.1,True,high,True,successful_cooperations,4.484880,0.084162,50,4.461551,4.508209
standard_marl_no_social,collusion,0.1,True,high,True,failed_interactions,2.512760,0.082227,50,2.489968,2.535552
standard_marl_no_social,collusion,0.1,True,high,True,blocked_privacy_interactions,0.000000,0.000000,50,0.000000,0.000000
standard_marl_no_social,collusion,0.1,True,high,True,cooperation_rate,0.640625,0.011687,50,0.637385,0.643864
standard_marl_no_social,collusion,0.1,True,high,True,task_completion_ratio,0.640625,0.011687,50,0.637385,0.643864
standard_marl_no_social,collusion,0.1,True,high,True,reliability_score,0.640625,0.011687,50,0.637385,0.643864
standard_marl_no_social,collusion,0.1,True,high,True,resource_efficiency,0.620685,0.011333,50,0.617543,0.623826
standard_marl_no_social,collusion,0.1,True,high,True,fairness_index,0.903564,0.010189,50,0.900740,0.906388
standard_marl_no_social,collusion,0.1,True,high,True,trust_stability_index,0.720431,0.005813,50,0.718820,0.722042
standard_marl_no_social,collusion,0.1,True,high,True,privacy_exposure_risk,0.500000,0.000000,50,0.500000,0.500000
standard_marl_no_social,collusion,0.1,True,high,True,candidate_privacy_risk,0.500000,0.000000,50,0.500000,0.500000
standard_marl_no_social,collusion,0.1,True,high,True,accepted_privacy_exposure,0.500000,0.000000,50,0.500000,0.500000
standard_marl_no_social,collusion,0.1,True,high,True,avg_trust,0.585638,0.009264,50,0.583070,0.588205
standard_marl_no_social,collusion,0.1,True,high,True,trust_variance,0.069892,0.001453,50,0.069489,0.070295
standard_marl_no_social,collusion,0.1,True,high,True,avg_preference,0.635558,0.007147,50,0.633577,0.637539
standard_marl_no_social,collusion,0.1,True,high,True,avg_reciprocity,0.658853,0.015078,50,0.654674,0.663033
standard_marl_no_social,collusion,0.1,True,high,True,avg_privacy_risk,0.500000,0.000000,50,0.500000,0.500000
standard_marl_no_social,collusion,0.1,True,high,True,avg_total_utility,0.861821,0.001285,50,0.861465,0.862178
standard_marl_no_social,collusion,0.1,True,high,True,avg_system_utility,0.735552,0.001014,50,0.735271,0.735833
standard_marl_no_social,collusion,0.1,True,high,True,avg_social_utility,0.500000,0.000000,50,0.500000,0.500000
standard_marl_no_social,collusion,0.1,True,high,True,avg_resource_utility,0.981844,0.000088,50,0.981820,0.981869
standard_marl_no_social,collusion,0.1,True,high,True,avg_privacy_utility,0.500000,0.000000,50,0.500000,0.500000
standard_marl_no_social,collusion,0.1,True,high,True,avg_incentive_utility,0.599597,0.000200,50,0.599542,0.599653
standard_marl_no_social,collusion,0.1,True,high,True,energy_consumed,0.064676,0.000407,50,0.064564,0.064789
standard_marl_no_social,collusion,0.1,True,high,True,bandwidth_consumed,0.274393,0.002122,50,0.273805,0.274981
standard_marl_no_social,collusion,0.1,True,high,True,compute_consumed,0.366249,0.002994,50,0.365419,0.367079
standard_marl_no_social,collusion,0.1,True,high,True,throughput_mbps,35.879040,0.673298,50,35.692411,36.065669
standard_marl_no_social,collusion,0.1,True,high,True,packet_delivery_ratio,0.640625,0.011687,50,0.637385,0.643864
standard_marl_no_social,collusion,0.1,True,high,True,e2e_delay_ms,93.979460,0.682083,50,93.790397,94.168524
standard_marl_no_social,collusion,0.1,True,high,True,active_nodes,50.000000,0.000000,50,50.000000,50.000000
standard_marl_no_social,collusion,0.1,True,high,True,reputation_honest,0.760632,0.023844,50,0.754023,0.767241
standard_marl_no_social,collusion,0.1,True,high,True,reputation_attacker,0.198133,0.029279,50,0.190018,0.206249
standard_marl_no_social,collusion,0.1,True,high,True,reputation_separation,0.562498,0.038573,50,0.551807,0.573190
standard_marl_no_social,collusion,0.1,True,high,True,attacker_defection_rate,0.921046,0.034857,50,0.911385,0.930708
standard_marl_no_social,collusion,0.1,True,high,True,decision_distortion,0.080196,0.003842,50,0.079131,0.081261
standard_marl_no_social,collusion,0.1,True,high,True,decision_distortion_evidenced,0.061936,0.005445,50,0.060427,0.063445
standard_marl_no_social,collusion,0.1,True,high,True,decision_distortion_counterfactual,0.089918,0.004224,50,0.088747,0.091089
standard_marl_no_social,collusion,0.1,True,high,True,decision_distortion_counterfactual_evidenced,0.078724,0.006896,50,0.076813,0.080636
standard_marl_no_social,collusion,0.2,True,high,True,generated_tasks,7.003840,0.038311,50,6.993221,7.014459
standard_marl_no_social,collusion,0.2,True,high,True,completed_tasks,4.074520,0.090001,50,4.049573,4.099467
standard_marl_no_social,collusion,0.2,True,high,True,attempted_interactions,7.003840,0.038311,50,6.993221,7.014459
standard_marl_no_social,collusion,0.2,True,high,True,successful_cooperations,4.074520,0.090001,50,4.049573,4.099467
standard_marl_no_social,collusion,0.2,True,high,True,failed_interactions,2.929320,0.088810,50,2.904703,2.953937
standard_marl_no_social,collusion,0.2,True,high,True,blocked_privacy_interactions,0.000000,0.000000,50,0.000000,0.000000
standard_marl_no_social,collusion,0.2,True,high,True,cooperation_rate,0.581911,0.012491,50,0.578449,0.585374
standard_marl_no_social,collusion,0.2,True,high,True,task_completion_ratio,0.581911,0.012491,50,0.578449,0.585374
standard_marl_no_social,collusion,0.2,True,high,True,reliability_score,0.581911,0.012491,50,0.578449,0.585374
standard_marl_no_social,collusion,0.2,True,high,True,resource_efficiency,0.563785,0.012132,50,0.560423,0.567148
standard_marl_no_social,collusion,0.2,True,high,True,fairness_index,0.873755,0.013832,50,0.869921,0.877589
standard_marl_no_social,collusion,0.2,True,high,True,trust_stability_index,0.706883,0.005352,50,0.705399,0.708366
standard_marl_no_social,collusion,0.2,True,high,True,privacy_exposure_risk,0.500000,0.000000,50,0.500000,0.500000
standard_marl_no_social,collusion,0.2,True,high,True,candidate_privacy_risk,0.500000,0.000000,50,0.500000,0.500000
standard_marl_no_social,collusion,0.2,True,high,True,accepted_privacy_exposure,0.500000,0.000000,50,0.500000,0.500000
standard_marl_no_social,collusion,0.2,True,high,True,avg_trust,0.556153,0.008042,50,0.553923,0.558382
standard_marl_no_social,collusion,0.2,True,high,True,trust_variance,0.073279,0.001338,50,0.072908,0.073650
standard_marl_no_social,collusion,0.2,True,high,True,avg_preference,0.613195,0.006447,50,0.611408,0.614982
standard_marl_no_social,collusion,0.2,True,high,True,avg_reciprocity,0.627243,0.014228,50,0.623299,0.631187
standard_marl_no_social,collusion,0.2,True,high,True,avg_privacy_risk,0.500000,0.000000,50,0.500000,0.500000
standard_marl_no_social,collusion,0.2,True,high,True,avg_total_utility,0.862031,0.001402,50,0.861642,0.862420
standard_marl_no_social,collusion,0.2,True,high,True,avg_system_utility,0.735712,0.001075,50,0.735413,0.736010
standard_marl_no_social,collusion,0.2,True,high,True,avg_social_utility,0.500000,0.000000,50,0.500000,0.500000
standard_marl_no_social,collusion,0.2,True,high,True,avg_resource_utility,0.981839,0.000095,50,0.981813,0.981866
standard_marl_no_social,collusion,0.2,True,high,True,avg_privacy_utility,0.500000,0.000000,50,0.500000,0.500000
standard_marl_no_social,collusion,0.2,True,high,True,avg_incentive_utility,0.599624,0.000206,50,0.599567,0.599681
standard_marl_no_social,collusion,0.2,True,high,True,energy_consumed,0.064688,0.000450,50,0.064563,0.064812
standard_marl_no_social,collusion,0.2,True,high,True,bandwidth_consumed,0.274781,0.002630,50,0.274052,0.275510
standard_marl_no_social,collusion,0.2,True,high,True,compute_consumed,0.366565,0.003641,50,0.365556,0.367574
standard_marl_no_social,collusion,0.2,True,high,True,throughput_mbps,32.596160,0.720010,50,32.396584,32.795736
standard_marl_no_social,collusion,0.2,True,high,True,packet_delivery_ratio,0.581911,0.012491,50,0.578449,0.585374
standard_marl_no_social,collusion,0.2,True,high,True,e2e_delay_ms,93.811100,0.683267,50,93.621708,94.000492
standard_marl_no_social,collusion,0.2,True,high,True,active_nodes,50.000000,0.000000,50,50.000000,50.000000
standard_marl_no_social,collusion,0.2,True,high,True,reputation_honest,0.758184,0.027593,50,0.750535,0.765832
standard_marl_no_social,collusion,0.2,True,high,True,reputation_attacker,0.194381,0.011934,50,0.191073,0.197688
standard_marl_no_social,collusion,0.2,True,high,True,reputation_separation,0.563803,0.030555,50,0.555334,0.572272
standard_marl_no_social,collusion,0.2,True,high,True,attacker_defection_rate,0.914835,0.022531,50,0.908589,0.921080
standard_marl_no_social,collusion,0.2,True,high,True,decision_distortion,0.079455,0.004129,50,0.078310,0.080599
standard_marl_no_social,collusion,0.2,True,high,True,decision_distortion_evidenced,0.060771,0.007217,50,0.058770,0.062771
standard_marl_no_social,collusion,0.2,True,high,True,decision_distortion_counterfactual,0.089349,0.005440,50,0.087841,0.090857
standard_marl_no_social,collusion,0.2,True,high,True,decision_distortion_counterfactual_evidenced,0.077636,0.010036,50,0.074855,0.080418
standard_marl_no_social,collusion,0.3,True,high,True,generated_tasks,7.003480,0.029304,50,6.995357,7.011603
standard_marl_no_social,collusion,0.3,True,high,True,completed_tasks,3.633680,0.104858,50,3.604615,3.662745
standard_marl_no_social,collusion,0.3,True,high,True,attempted_interactions,7.003480,0.029304,50,6.995357,7.011603
standard_marl_no_social,collusion,0.3,True,high,True,successful_cooperations,3.633680,0.104858,50,3.604615,3.662745
standard_marl_no_social,collusion,0.3,True,high,True,failed_interactions,3.369800,0.111643,50,3.338854,3.400746
standard_marl_no_social,collusion,0.3,True,high,True,blocked_privacy_interactions,0.000000,0.000000,50,0.000000,0.000000
standard_marl_no_social,collusion,0.3,True,high,True,cooperation_rate,0.518862,0.015438,50,0.514582,0.523141
standard_marl_no_social,collusion,0.3,True,high,True,task_completion_ratio,0.518862,0.015438,50,0.514582,0.523141
standard_marl_no_social,collusion,0.3,True,high,True,reliability_score,0.518862,0.015438,50,0.514582,0.523141
standard_marl_no_social,collusion,0.3,True,high,True,resource_efficiency,0.502706,0.014964,50,0.498558,0.506853
standard_marl_no_social,collusion,0.3,True,high,True,fairness_index,0.844744,0.017078,50,0.840010,0.849478
standard_marl_no_social,collusion,0.3,True,high,True,trust_stability_index,0.700376,0.005621,50,0.698818,0.701934
standard_marl_no_social,collusion,0.3,True,high,True,privacy_exposure_risk,0.500000,0.000000,50,0.500000,0.500000
standard_marl_no_social,collusion,0.3,True,high,True,candidate_privacy_risk,0.500000,0.000000,50,0.500000,0.500000
standard_marl_no_social,collusion,0.3,True,high,True,accepted_privacy_exposure,0.500000,0.000000,50,0.500000,0.500000
standard_marl_no_social,collusion,0.3,True,high,True,avg_trust,0.528621,0.010110,50,0.525819,0.531424
standard_marl_no_social,collusion,0.3,True,high,True,trust_variance,0.074906,0.001405,50,0.074516,0.075295
standard_marl_no_social,collusion,0.3,True,high,True,avg_preference,0.591671,0.007169,50,0.589684,0.593658
standard_marl_no_social,collusion,0.3,True,high,True,avg_reciprocity,0.588664,0.013238,50,0.584994,0.592333
standard_marl_no_social,collusion,0.3,True,high,True,avg_privacy_risk,0.500000,0.000000,50,0.500000,0.500000
standard_marl_no_social,collusion,0.3,True,high,True,avg_total_utility,0.861771,0.001121,50,0.861460,0.862082
standard_marl_no_social,collusion,0.3,True,high,True,avg_system_utility,0.735493,0.000853,50,0.735256,0.735729
standard_marl_no_social,collusion,0.3,True,high,True,avg_social_utility,0.500000,0.000000,50,0.500000,0.500000
standard_marl_no_social,collusion,0.3,True,high,True,avg_resource_utility,0.981831,0.000078,50,0.981809,0.981852
standard_marl_no_social,collusion,0.3,True,high,True,avg_privacy_utility,0.500000,0.000000,50,0.500000,0.500000
standard_marl_no_social,collusion,0.3,True,high,True,avg_incentive_utility,0.599578,0.000163,50,0.599533,0.599624
standard_marl_no_social,collusion,0.3,True,high,True,energy_consumed,0.064784,0.000387,50,0.064677,0.064892
standard_marl_no_social,collusion,0.3,True,high,True,bandwidth_consumed,0.275048,0.001771,50,0.274557,0.275539
standard_marl_no_social,collusion,0.3,True,high,True,compute_consumed,0.366474,0.003081,50,0.365620,0.367328
standard_marl_no_social,collusion,0.3,True,high,True,throughput_mbps,29.069440,0.838862,50,28.836919,29.301961
standard_marl_no_social,collusion,0.3,True,high,True,packet_delivery_ratio,0.518862,0.015438,50,0.514582,0.523141
standard_marl_no_social,collusion,0.3,True,high,True,e2e_delay_ms,93.483036,0.757598,50,93.273040,93.693031
standard_marl_no_social,collusion,0.3,True,high,True,active_nodes,50.000000,0.000000,50,50.000000,50.000000
standard_marl_no_social,collusion,0.3,True,high,True,reputation_honest,0.762168,0.030974,50,0.753583,0.770754
standard_marl_no_social,collusion,0.3,True,high,True,reputation_attacker,0.195444,0.011171,50,0.192348,0.198540
standard_marl_no_social,collusion,0.3,True,high,True,reputation_separation,0.566724,0.031184,50,0.558081,0.575368
standard_marl_no_social,collusion,0.3,True,high,True,attacker_defection_rate,0.910899,0.022196,50,0.904746,0.917051
standard_marl_no_social,collusion,0.3,True,high,True,decision_distortion,0.079602,0.005222,50,0.078154,0.081049
standard_marl_no_social,collusion,0.3,True,high,True,decision_distortion_evidenced,0.060736,0.007621,50,0.058623,0.062849
standard_marl_no_social,collusion,0.3,True,high,True,decision_distortion_counterfactual,0.089278,0.006222,50,0.087553,0.091002
standard_marl_no_social,collusion,0.3,True,high,True,decision_distortion_counterfactual_evidenced,0.077537,0.010097,50,0.074739,0.080336
standard_marl_no_social,collusion,0.4,True,high,True,generated_tasks,7.001520,0.035751,50,6.991610,7.011430
standard_marl_no_social,collusion,0.4,True,high,True,completed_tasks,3.187800,0.085939,50,3.163979,3.211621
standard_marl_no_social,collusion,0.4,True,high,True,attempted_interactions,7.001520,0.035751,50,6.991610,7.011430
standard_marl_no_social,collusion,0.4,True,high,True,successful_cooperations,3.187800,0.085939,50,3.163979,3.211621
standard_marl_no_social,collusion,0.4,True,high,True,failed_interactions,3.813720,0.092613,50,3.788049,3.839391
standard_marl_no_social,collusion,0.4,True,high,True,blocked_privacy_interactions,0.000000,0.000000,50,0.000000,0.000000
standard_marl_no_social,collusion,0.4,True,high,True,cooperation_rate,0.455216,0.012544,50,0.451739,0.458693
standard_marl_no_social,collusion,0.4,True,high,True,task_completion_ratio,0.455216,0.012544,50,0.451739,0.458693
standard_marl_no_social,collusion,0.4,True,high,True,reliability_score,0.455216,0.012544,50,0.451739,0.458693
standard_marl_no_social,collusion,0.4,True,high,True,resource_efficiency,0.441039,0.012164,50,0.437667,0.444411
standard_marl_no_social,collusion,0.4,True,high,True,fairness_index,0.805686,0.015445,50,0.801405,0.809967
standard_marl_no_social,collusion,0.4,True,high,True,trust_stability_index,0.700924,0.006307,50,0.699176,0.702672
standard_marl_no_social,collusion,0.4,True,high,True,privacy_exposure_risk,0.500000,0.000000,50,0.500000,0.500000
standard_marl_no_social,collusion,0.4,True,high,True,candidate_privacy_risk,0.500000,0.000000,50,0.500000,0.500000
standard_marl_no_social,collusion,0.4,True,high,True,accepted_privacy_exposure,0.500000,0.000000,50,0.500000,0.500000
standard_marl_no_social,collusion,0.4,True,high,True,avg_trust,0.498353,0.008783,50,0.495919,0.500788
standard_marl_no_social,collusion,0.4,True,high,True,trust_variance,0.074769,0.001577,50,0.074332,0.075206
standard_marl_no_social,collusion,0.4,True,high,True,avg_preference,0.568370,0.007001,50,0.566429,0.570310
standard_marl_no_social,collusion,0.4,True,high,True,avg_reciprocity,0.550254,0.016078,50,0.545797,0.554711
standard_marl_no_social,collusion,0.4,True,high,True,avg_privacy_risk,0.500000,0.000000,50,0.500000,0.500000
standard_marl_no_social,collusion,0.4,True,high,True,avg_total_utility,0.861637,0.001188,50,0.861308,0.861966
standard_marl_no_social,collusion,0.4,True,high,True,avg_system_utility,0.735405,0.000929,50,0.735148,0.735663
standard_marl_no_social,collusion,0.4,True,high,True,avg_social_utility,0.500000,0.000000,50,0.500000,0.500000
standard_marl_no_social,collusion,0.4,True,high,True,avg_resource_utility,0.981842,0.000089,50,0.981817,0.981867
standard_marl_no_social,collusion,0.4,True,high,True,avg_privacy_utility,0.500000,0.000000,50,0.500000,0.500000
standard_marl_no_social,collusion,0.4,True,high,True,avg_incentive_utility,0.599570,0.000185,50,0.599518,0.599621
standard_marl_no_social,collusion,0.4,True,high,True,energy_consumed,0.064704,0.000474,50,0.064572,0.064835
standard_marl_no_social,collusion,0.4,True,high,True,bandwidth_consumed,0.274606,0.002576,50,0.273892,0.275320
standard_marl_no_social,collusion,0.4,True,high,True,compute_consumed,0.366465,0.003196,50,0.365579,0.367351
standard_marl_no_social,collusion,0.4,True,high,True,throughput_mbps,25.502400,0.687512,50,25.311831,25.692969
standard_marl_no_social,collusion,0.4,True,high,True,packet_delivery_ratio,0.455216,0.012544,50,0.451739,0.458693
standard_marl_no_social,collusion,0.4,True,high,True,e2e_delay_ms,92.507979,0.952241,50,92.244031,92.771927
standard_marl_no_social,collusion,0.4,True,high,True,active_nodes,50.000000,0.000000,50,50.000000,50.000000
standard_marl_no_social,collusion,0.4,True,high,True,reputation_honest,0.754268,0.033537,50,0.744972,0.763564
standard_marl_no_social,collusion,0.4,True,high,True,reputation_attacker,0.195204,0.011764,50,0.191943,0.198465
standard_marl_no_social,collusion,0.4,True,high,True,reputation_separation,0.559064,0.037387,50,0.548701,0.569427
standard_marl_no_social,collusion,0.4,True,high,True,attacker_defection_rate,0.914382,0.016486,50,0.909812,0.918951
standard_marl_no_social,collusion,0.4,True,high,True,decision_distortion,0.081143,0.007548,50,0.079051,0.083235
standard_marl_no_social,collusion,0.4,True,high,True,decision_distortion_evidenced,0.062953,0.010719,50,0.059982,0.065924
standard_marl_no_social,collusion,0.4,True,high,True,decision_distortion_counterfactual,0.091250,0.008316,50,0.088945,0.093555
standard_marl_no_social,collusion,0.4,True,high,True,decision_distortion_counterfactual_evidenced,0.080277,0.014263,50,0.076323,0.084230
standard_marl_no_social,none,0.0,True,high,True,generated_tasks,7.004760,0.035361,50,6.994958,7.014562
standard_marl_no_social,none,0.0,True,high,True,completed_tasks,4.927160,0.056554,50,4.911484,4.942836
standard_marl_no_social,none,0.0,True,high,True,attempted_interactions,7.004760,0.035361,50,6.994958,7.014562
standard_marl_no_social,none,0.0,True,high,True,successful_cooperations,4.927160,0.056554,50,4.911484,4.942836
standard_marl_no_social,none,0.0,True,high,True,failed_interactions,2.077600,0.060511,50,2.060827,2.094373
standard_marl_no_social,none,0.0,True,high,True,blocked_privacy_interactions,0.000000,0.000000,50,0.000000,0.000000
standard_marl_no_social,none,0.0,True,high,True,cooperation_rate,0.703429,0.008255,50,0.701141,0.705717
standard_marl_no_social,none,0.0,True,high,True,task_completion_ratio,0.703429,0.008255,50,0.701141,0.705717
standard_marl_no_social,none,0.0,True,high,True,reliability_score,0.703429,0.008255,50,0.701141,0.705717
standard_marl_no_social,none,0.0,True,high,True,resource_efficiency,0.681512,0.008008,50,0.679292,0.683732
standard_marl_no_social,none,0.0,True,high,True,fairness_index,0.927209,0.008699,50,0.924798,0.929620
standard_marl_no_social,none,0.0,True,high,True,trust_stability_index,0.743088,0.006791,50,0.741206,0.744971
standard_marl_no_social,none,0.0,True,high,True,privacy_exposure_risk,0.500000,0.000000,50,0.500000,0.500000
standard_marl_no_social,none,0.0,True,high,True,candidate_privacy_risk,0.500000,0.000000,50,0.500000,0.500000
standard_marl_no_social,none,0.0,True,high,True,accepted_privacy_exposure,0.500000,0.000000,50,0.500000,0.500000
standard_marl_no_social,none,0.0,True,high,True,avg_trust,0.617351,0.007527,50,0.615265,0.619437
standard_marl_no_social,none,0.0,True,high,True,trust_variance,0.064228,0.001698,50,0.063757,0.064699
standard_marl_no_social,none,0.0,True,high,True,avg_preference,0.661144,0.005267,50,0.659684,0.662604
standard_marl_no_social,none,0.0,True,high,True,avg_reciprocity,0.703247,0.011688,50,0.700007,0.706487
standard_marl_no_social,none,0.0,True,high,True,avg_privacy_risk,0.500000,0.000000,50,0.500000,0.500000
standard_marl_no_social,none,0.0,True,high,True,avg_total_utility,0.861462,0.001435,50,0.861064,0.861859
standard_marl_no_social,none,0.0,True,high,True,avg_system_utility,0.735256,0.001107,50,0.734950,0.735563
standard_marl_no_social,none,0.0,True,high,True,avg_social_utility,0.500000,0.000000,50,0.500000,0.500000
standard_marl_no_social,none,0.0,True,high,True,avg_resource_utility,0.981829,0.000095,50,0.981803,0.981855
standard_marl_no_social,none,0.0,True,high,True,avg_privacy_utility,0.500000,0.000000,50,0.500000,0.500000
standard_marl_no_social,none,0.0,True,high,True,avg_incentive_utility,0.599537,0.000210,50,0.599479,0.599595
standard_marl_no_social,none,0.0,True,high,True,energy_consumed,0.064840,0.000514,50,0.064698,0.064983
standard_marl_no_social,none,0.0,True,high,True,bandwidth_consumed,0.275117,0.002515,50,0.274420,0.275814
standard_marl_no_social,none,0.0,True,high,True,compute_consumed,0.366565,0.003389,50,0.365625,0.367504
standard_marl_no_social,none,0.0,True,high,True,throughput_mbps,39.417280,0.452434,50,39.291872,39.542688
standard_marl_no_social,none,0.0,True,high,True,packet_delivery_ratio,0.703429,0.008255,50,0.701141,0.705717
standard_marl_no_social,none,0.0,True,high,True,e2e_delay_ms,94.232734,0.626924,50,94.058960,94.406508
standard_marl_no_social,none,0.0,True,high,True,active_nodes,50.000000,0.000000,50,50.000000,50.000000
standard_marl_no_social,none,0.0,True,high,True,reputation_honest,0.766900,0.022825,50,0.760573,0.773227
standard_marl_no_social,none,0.0,True,high,True,attacker_defection_rate,0.000000,0.000000,50,0.000000,0.000000
standard_marl_no_social,none,0.0,True,high,True,decision_distortion,0.079524,0.003842,50,0.078459,0.080590
standard_marl_no_social,none,0.0,True,high,True,decision_distortion_evidenced,0.060950,0.005337,50,0.059471,0.062430
standard_marl_no_social,none,0.0,True,high,True,decision_distortion_counterfactual,0.089502,0.004857,50,0.088156,0.090849
standard_marl_no_social,none,0.0,True,high,True,decision_distortion_counterfactual_evidenced,0.077905,0.007657,50,0.075783,0.080028
standard_marl_no_social,on_off,0.1,True,high,True,generated_tasks,6.997640,0.028191,50,6.989826,7.005454
standard_marl_no_social,on_off,0.1,True,high,True,completed_tasks,4.847040,0.057966,50,4.830973,4.863107
standard_marl_no_social,on_off,0.1,True,high,True,attempted_interactions,6.997640,0.028191,50,6.989826,7.005454
standard_marl_no_social,on_off,0.1,True,high,True,successful_cooperations,4.847040,0.057966,50,4.830973,4.863107
standard_marl_no_social,on_off,0.1,True,high,True,failed_interactions,2.150600,0.053798,50,2.135688,2.165512
standard_marl_no_social,on_off,0.1,True,high,True,blocked_privacy_interactions,0.000000,0.000000,50,0.000000,0.000000
standard_marl_no_social,on_off,0.1,True,high,True,cooperation_rate,0.692308,0.007651,50,0.690187,0.694429
standard_marl_no_social,on_off,0.1,True,high,True,task_completion_ratio,0.692308,0.007651,50,0.690187,0.694429
standard_marl_no_social,on_off,0.1,True,high,True,reliability_score,0.692308,0.007651,50,0.690187,0.694429
standard_marl_no_social,on_off,0.1,True,high,True,resource_efficiency,0.670755,0.007410,50,0.668702,0.672809
standard_marl_no_social,on_off,0.1,True,high,True,fairness_index,0.928866,0.006474,50,0.927072,0.930661
standard_marl_no_social,on_off,0.1,True,high,True,trust_stability_index,0.738842,0.006787,50,0.736961,0.740724
standard_marl_no_social,on_off,0.1,True,high,True,privacy_exposure_risk,0.500000,0.000000,50,0.500000,0.500000
standard_marl_no_social,on_off,0.1,True,high,True,candidate_privacy_risk,0.500000,0.000000,50,0.500000,0.500000
standard_marl_no_social,on_off,0.1,True,high,True,accepted_privacy_exposure,0.500000,0.000000,50,0.500000,0.500000
standard_marl_no_social,on_off,0.1,True,high,True,avg_trust,0.610581,0.009339,50,0.607993,0.613170
standard_marl_no_social,on_off,0.1,True,high,True,trust_variance,0.065289,0.001697,50,0.064819,0.065760
standard_marl_no_social,on_off,0.1,True,high,True,avg_preference,0.656032,0.006925,50,0.654112,0.657951
standard_marl_no_social,on_off,0.1,True,high,True,avg_reciprocity,0.695265,0.014055,50,0.691369,0.699161
standard_marl_no_social,on_off,0.1,True,high,True,avg_privacy_risk,0.500000,0.000000,50,0.500000,0.500000
standard_marl_no_social,on_off,0.1,True,high,True,avg_total_utility,0.861821,0.001285,50,0.861465,0.862178
standard_marl_no_social,on_off,0.1,True,high,True,avg_system_utility,0.735552,0.001014,50,0.735271,0.735833
standard_marl_no_social,on_off,0.1,True,high,True,avg_social_utility,0.500000,0.000000,50,0.500000,0.500000
standard_marl_no_social,on_off,0.1,True,high,True,avg_resource_utility,0.981844,0.000088,50,0.981820,0.981869
standard_marl_no_social,on_off,0.1,True,high,True,avg_privacy_utility,0.500000,0.000000,50,0.500000,0.500000
standard_marl_no_social,on_off,0.1,True,high,True,avg_incentive_utility,0.599597,0.000200,50,0.599542,0.599653
standard_marl_no_social,on_off,0.1,True,high,True,energy_consumed,0.064676,0.000407,50,0.064564,0.064789
standard_marl_no_social,on_off,0.1,True,high,True,bandwidth_consumed,0.274393,0.002122,50,0.273805,0.274981
standard_marl_no_social,on_off,0.1,True,high,True,compute_consumed,0.366249,0.002994,50,0.365419,0.367079
standard_marl_no_social,on_off,0.1,True,high,True,throughput_mbps,38.776320,0.463727,50,38.647782,38.904858
standard_marl_no_social,on_off,0.1,True,high,True,packet_delivery_ratio,0.692308,0.007651,50,0.690187,0.694429
standard_marl_no_social,on_off,0.1,True,high,True,e2e_delay_ms,94.040279,0.671865,50,93.854048,94.226511
standard_marl_no_social,on_off,0.1,True,high,True,active_nodes,50.000000,0.000000,50,50.000000,50.000000
standard_marl_no_social,on_off,0.1,True,high,True,reputation_honest,0.761448,0.023878,50,0.754830,0.768067
standard_marl_no_social,on_off,0.1,True,high,True,reputation_attacker,0.607958,0.132949,50,0.571106,0.644810
standard_marl_no_social,on_off,0.1,True,high,True,reputation_separation,0.153490,0.135926,50,0.115814,0.191167
standard_marl_no_social,on_off,0.1,True,high,True,attacker_defection_rate,0.408464,0.024947,50,0.401549,0.415379
standard_marl_no_social,on_off,0.1,True,high,True,decision_distortion,0.080381,0.003953,50,0.079285,0.081477
standard_marl_no_social,on_off,0.1,True,high,True,decision_distortion_evidenced,0.062098,0.005585,50,0.060550,0.063646
standard_marl_no_social,on_off,0.1,True,high,True,decision_distortion_counterfactual,0.090158,0.004355,50,0.088950,0.091365
standard_marl_no_social,on_off,0.1,True,high,True,decision_distortion_counterfactual_evidenced,0.078981,0.007070,50,0.077022,0.080941
standard_marl_no_social,on_off,0.2,True,high,True,generated_tasks,7.003840,0.038311,50,6.993221,7.014459
standard_marl_no_social,on_off,0.2,True,high,True,completed_tasks,4.772040,0.055856,50,4.756557,4.787523
standard_marl_no_social,on_off,0.2,True,high,True,attempted_interactions,7.003840,0.038311,50,6.993221,7.014459
standard_marl_no_social,on_off,0.2,True,high,True,successful_cooperations,4.772040,0.055856,50,4.756557,4.787523
standard_marl_no_social,on_off,0.2,True,high,True,failed_interactions,2.231800,0.053718,50,2.216910,2.246690
standard_marl_no_social,on_off,0.2,True,high,True,blocked_privacy_interactions,0.000000,0.000000,50,0.000000,0.000000
standard_marl_no_social,on_off,0.2,True,high,True,cooperation_rate,0.681534,0.007191,50,0.679540,0.683527
standard_marl_no_social,on_off,0.2,True,high,True,task_completion_ratio,0.681534,0.007191,50,0.679540,0.683527
standard_marl_no_social,on_off,0.2,True,high,True,reliability_score,0.681534,0.007191,50,0.679540,0.683527
standard_marl_no_social,on_off,0.2,True,high,True,resource_efficiency,0.660300,0.007007,50,0.658358,0.662242
standard_marl_no_social,on_off,0.2,True,high,True,fairness_index,0.927794,0.007953,50,0.925589,0.929998
standard_marl_no_social,on_off,0.2,True,high,True,trust_stability_index,0.735310,0.006080,50,0.733625,0.736995
standard_marl_no_social,on_off,0.2,True,high,True,privacy_exposure_risk,0.500000,0.000000,50,0.500000,0.500000
standard_marl_no_social,on_off,0.2,True,high,True,candidate_privacy_risk,0.500000,0.000000,50,0.500000,0.500000
standard_marl_no_social,on_off,0.2,True,high,True,accepted_privacy_exposure,0.500000,0.000000,50,0.500000,0.500000
standard_marl_no_social,on_off,0.2,True,high,True,avg_trust,0.604757,0.008343,50,0.602445,0.607070
standard_marl_no_social,on_off,0.2,True,high,True,trust_variance,0.066172,0.001520,50,0.065751,0.066594
standard_marl_no_social,on_off,0.2,True,high,True,avg_preference,0.652767,0.006285,50,0.651025,0.654509
standard_marl_no_social,on_off,0.2,True,high,True,avg_reciprocity,0.697394,0.011777,50,0.694130,0.700659
standard_marl_no_social,on_off,0.2,True,high,True,avg_privacy_risk,0.500000,0.000000,50,0.500000,0.500000
standard_marl_no_social,on_off,0.2,True,high,True,avg_total_utility,0.862031,0.001402,50,0.861642,0.862420
standard_marl_no_social,on_off,0.2,True,high,True,avg_system_utility,0.735712,0.001075,50,0.735413,0.736010
standard_marl_no_social,on_off,0.2,True,high,True,avg_social_utility,0.500000,0.000000,50,0.500000,0.500000
standard_marl_no_social,on_off,0.2,True,high,True,avg_resource_utility,0.981839,0.000095,50,0.981813,0.981866
standard_marl_no_social,on_off,0.2,True,high,True,avg_privacy_utility,0.500000,0.000000,50,0.500000,0.500000
standard_marl_no_social,on_off,0.2,True,high,True,avg_incentive_utility,0.599624,0.000206,50,0.599567,0.599681
standard_marl_no_social,on_off,0.2,True,high,True,energy_consumed,0.064688,0.000450,50,0.064563,0.064812
standard_marl_no_social,on_off,0.2,True,high,True,bandwidth_consumed,0.274781,0.002630,50,0.274052,0.275510
standard_marl_no_social,on_off,0.2,True,high,True,compute_consumed,0.366565,0.003641,50,0.365556,0.367574
standard_marl_no_social,on_off,0.2,True,high,True,throughput_mbps,38.176320,0.446850,50,38.052460,38.300180
standard_marl_no_social,on_off,0.2,True,high,True,packet_delivery_ratio,0.681534,0.007191,50,0.679540,0.683527
standard_marl_no_social,on_off,0.2,True,high,True,e2e_delay_ms,93.976374,0.633289,50,93.800836,94.151913
standard_marl_no_social,on_off,0.2,True,high,True,active_nodes,50.000000,0.000000,50,50.000000,50.000000
standard_marl_no_social,on_off,0.2,True,high,True,reputation_honest,0.757600,0.026524,50,0.750248,0.764952
standard_marl_no_social,on_off,0.2,True,high,True,reputation_attacker,0.630245,0.072244,50,0.610220,0.650270
standard_marl_no_social,on_off,0.2,True,high,True,reputation_separation,0.127355,0.081094,50,0.104877,0.149833
standard_marl_no_social,on_off,0.2,True,high,True,attacker_defection_rate,0.409856,0.017355,50,0.405046,0.414667
standard_marl_no_social,on_off,0.2,True,high,True,decision_distortion,0.079133,0.004095,50,0.077998,0.080268
standard_marl_no_social,on_off,0.2,True,high,True,decision_distortion_evidenced,0.060717,0.007176,50,0.058727,0.062706
standard_marl_no_social,on_off,0.2,True,high,True,decision_distortion_counterfactual,0.089043,0.005373,50,0.087554,0.090532
standard_marl_no_social,on_off,0.2,True,high,True,decision_distortion_counterfactual_evidenced,0.077612,0.009968,50,0.074848,0.080375
standard_marl_no_social,on_off,0.3,True,high,True,generated_tasks,7.003480,0.029304,50,6.995357,7.011603
standard_marl_no_social,on_off,0.3,True,high,True,completed_tasks,4.690920,0.061969,50,4.673743,4.708097
standard_marl_no_social,on_off,0.3,True,high,True,attempted_interactions,7.003480,0.029304,50,6.995357,7.011603
standard_marl_no_social,on_off,0.3,True,high,True,successful_cooperations,4.690920,0.061969,50,4.673743,4.708097
standard_marl_no_social,on_off,0.3,True,high,True,failed_interactions,2.312560,0.059170,50,2.296159,2.328961
standard_marl_no_social,on_off,0.3,True,high,True,blocked_privacy_interactions,0.000000,0.000000,50,0.000000,0.000000
standard_marl_no_social,on_off,0.3,True,high,True,cooperation_rate,0.669725,0.008367,50,0.667406,0.672045
standard_marl_no_social,on_off,0.3,True,high,True,task_completion_ratio,0.669725,0.008367,50,0.667406,0.672045
standard_marl_no_social,on_off,0.3,True,high,True,reliability_score,0.669725,0.008367,50,0.667406,0.672045
standard_marl_no_social,on_off,0.3,True,high,True,resource_efficiency,0.648868,0.008101,50,0.646623,0.651114
standard_marl_no_social,on_off,0.3,True,high,True,fairness_index,0.925913,0.008953,50,0.923431,0.928395
standard_marl_no_social,on_off,0.3,True,high,True,trust_stability_index,0.734022,0.005951,50,0.732373,0.735672
standard_marl_no_social,on_off,0.3,True,high,True,privacy_exposure_risk,0.500000,0.000000,50,0.500000,0.500000
standard_marl_no_social,on_off,0.3,True,high,True,candidate_privacy_risk,0.500000,0.000000,50,0.500000,0.500000
standard_marl_no_social,on_off,0.3,True,high,True,accepted_privacy_exposure,0.500000,0.000000,50,0.500000,0.500000
standard_marl_no_social,on_off,0.3,True,high,True,avg_trust,0.602442,0.009043,50,0.599935,0.604948
standard_marl_no_social,on_off,0.3,True,high,True,trust_variance,0.066494,0.001488,50,0.066082,0.066907
standard_marl_no_social,on_off,0.3,True,high,True,avg_preference,0.650607,0.006501,50,0.648805,0.652409
standard_marl_no_social,on_off,0.3,True,high,True,avg_reciprocity,0.690591,0.011097,50,0.687515,0.693667
standard_marl_no_social,on_off,0.3,True,high,True,avg_privacy_risk,0.500000,0.000000,50,0.500000,0.500000
standard_marl_no_social,on_off,0.3,True,high,True,avg_total_utility,0.861771,0.001121,50,0.861460,0.862082
standard_marl_no_social,on_off,0.3,True,high,True,avg_system_utility,0.735493,0.000853,50,0.735256,0.735729
standard_marl_no_social,on_off,0.3,True,high,True,avg_social_utility,0.500000,0.000000,50,0.500000,0.500000
standard_marl_no_social,on_off,0.3,True,high,True,avg_resource_utility,0.981831,0.000078,50,0.981809,0.981852
standard_marl_no_social,on_off,0.3,True,high,True,avg_privacy_utility,0.500000,0.000000,50,0.500000,0.500000
standard_marl_no_social,on_off,0.3,True,high,True,avg_incentive_utility,0.599578,0.000163,50,0.599533,0.599624
standard_marl_no_social,on_off,0.3,True,high,True,energy_consumed,0.064784,0.000387,50,0.064677,0.064892
standard_marl_no_social,on_off,0.3,True,high,True,bandwidth_consumed,0.275048,0.001771,50,0.274557,0.275539
standard_marl_no_social,on_off,0.3,True,high,True,compute_consumed,0.366474,0.003081,50,0.365620,0.367328
standard_marl_no_social,on_off,0.3,True,high,True,throughput_mbps,37.527360,0.495755,50,37.389944,37.664776
standard_marl_no_social,on_off,0.3,True,high,True,packet_delivery_ratio,0.669725,0.008367,50,0.667406,0.672045
standard_marl_no_social,on_off,0.3,True,high,True,e2e_delay_ms,93.973102,0.638081,50,93.796235,94.149969
standard_marl_no_social,on_off,0.3,True,high,True,active_nodes,50.000000,0.000000,50,50.000000,50.000000
standard_marl_no_social,on_off,0.3,True,high,True,reputation_honest,0.764981,0.030440,50,0.756544,0.773419
standard_marl_no_social,on_off,0.3,True,high,True,reputation_attacker,0.636056,0.059415,50,0.619587,0.652524
standard_marl_no_social,on_off,0.3,True,high,True,reputation_separation,0.128926,0.070226,50,0.109460,0.148392
standard_marl_no_social,on_off,0.3,True,high,True,attacker_defection_rate,0.408214,0.015687,50,0.403866,0.412562
standard_marl_no_social,on_off,0.3,True,high,True,decision_distortion,0.080282,0.005668,50,0.078711,0.081853
standard_marl_no_social,on_off,0.3,True,high,True,decision_distortion_evidenced,0.061290,0.007827,50,0.059121,0.063460
standard_marl_no_social,on_off,0.3,True,high,True,decision_distortion_counterfactual,0.090177,0.006643,50,0.088336,0.092018
standard_marl_no_social,on_off,0.3,True,high,True,decision_distortion_counterfactual_evidenced,0.078484,0.010365,50,0.075611,0.081357
standard_marl_no_social,on_off,0.4,True,high,True,generated_tasks,7.001520,0.035751,50,6.991610,7.011430
standard_marl_no_social,on_off,0.4,True,high,True,completed_tasks,4.597600,0.048410,50,4.584181,4.611019
standard_marl_no_social,on_off,0.4,True,high,True,attempted_interactions,7.001520,0.035751,50,6.991610,7.011430
standard_marl_no_social,on_off,0.4,True,high,True,successful_cooperations,4.597600,0.048410,50,4.584181,4.611019
standard_marl_no_social,on_off,0.4,True,high,True,failed_interactions,2.403920,0.046759,50,2.390959,2.416881
standard_marl_no_social,on_off,0.4,True,high,True,blocked_privacy_interactions,0.000000,0.000000,50,0.000000,0.000000
standard_marl_no_social,on_off,0.4,True,high,True,cooperation_rate,0.656629,0.006488,50,0.654831,0.658428
standard_marl_no_social,on_off,0.4,True,high,True,task_completion_ratio,0.656629,0.006488,50,0.654831,0.658428
standard_marl_no_social,on_off,0.4,True,high,True,reliability_score,0.656629,0.006488,50,0.654831,0.658428
standard_marl_no_social,on_off,0.4,True,high,True,resource_efficiency,0.636171,0.006253,50,0.634438,0.637905
standard_marl_no_social,on_off,0.4,True,high,True,fairness_index,0.925428,0.006303,50,0.923681,0.927176
standard_marl_no_social,on_off,0.4,True,high,True,trust_stability_index,0.730267,0.005915,50,0.728627,0.731907
standard_marl_no_social,on_off,0.4,True,high,True,privacy_exposure_risk,0.500000,0.000000,50,0.500000,0.500000
standard_marl_no_social,on_off,0.4,True,high,True,candidate_privacy_risk,0.500000,0.000000,50,0.500000,0.500000
standard_marl_no_social,on_off,0.4,True,high,True,accepted_privacy_exposure,0.500000,0.000000,50,0.500000,0.500000
standard_marl_no_social,on_off,0.4,True,high,True,avg_trust,0.595935,0.007715,50,0.593797,0.598073
standard_marl_no_social,on_off,0.4,True,high,True,trust_variance,0.067433,0.001479,50,0.067023,0.067843
standard_marl_no_social,on_off,0.4,True,high,True,avg_preference,0.645630,0.006164,50,0.643922,0.647338
standard_marl_no_social,on_off,0.4,True,high,True,avg_reciprocity,0.683096,0.011560,50,0.679892,0.686300
standard_marl_no_social,on_off,0.4,True,high,True,avg_privacy_risk,0.500000,0.000000,50,0.500000,0.500000
standard_marl_no_social,on_off,0.4,True,high,True,avg_total_utility,0.861637,0.001188,50,0.861308,0.861966
standard_marl_no_social,on_off,0.4,True,high,True,avg_system_utility,0.735405,0.000929,50,0.735148,0.735663
standard_marl_no_social,on_off,0.4,True,high,True,avg_social_utility,0.500000,0.000000,50,0.500000,0.500000
standard_marl_no_social,on_off,0.4,True,high,True,avg_resource_utility,0.981842,0.000089,50,0.981817,0.981867
standard_marl_no_social,on_off,0.4,True,high,True,avg_privacy_utility,0.500000,0.000000,50,0.500000,0.500000
standard_marl_no_social,on_off,0.4,True,high,True,avg_incentive_utility,0.599570,0.000185,50,0.599518,0.599621
standard_marl_no_social,on_off,0.4,True,high,True,energy_consumed,0.064704,0.000474,50,0.064572,0.064835
standard_marl_no_social,on_off,0.4,True,high,True,bandwidth_consumed,0.274606,0.002576,50,0.273892,0.275320
standard_marl_no_social,on_off,0.4,True,high,True,compute_consumed,0.366465,0.003196,50,0.365579,0.367351
standard_marl_no_social,on_off,0.4,True,high,True,throughput_mbps,36.780800,0.387279,50,36.673452,36.888148
standard_marl_no_social,on_off,0.4,True,high,True,packet_delivery_ratio,0.656629,0.006488,50,0.654831,0.658428
standard_marl_no_social,on_off,0.4,True,high,True,e2e_delay_ms,93.590808,0.720124,50,93.391200,93.790417
standard_marl_no_social,on_off,0.4,True,high,True,active_nodes,50.000000,0.000000,50,50.000000,50.000000
standard_marl_no_social,on_off,0.4,True,high,True,reputation_honest,0.754406,0.031740,50,0.745608,0.763204
standard_marl_no_social,on_off,0.4,True,high,True,reputation_attacker,0.647947,0.054243,50,0.632912,0.662983
standard_marl_no_social,on_off,0.4,True,high,True,reputation_separation,0.106459,0.065586,50,0.088279,0.124638
standard_marl_no_social,on_off,0.4,True,high,True,attacker_defection_rate,0.410822,0.011230,50,0.407709,0.413935
standard_marl_no_social,on_off,0.4,True,high,True,decision_distortion,0.080746,0.007664,50,0.078622,0.082871
standard_marl_no_social,on_off,0.4,True,high,True,decision_distortion_evidenced,0.063298,0.010643,50,0.060348,0.066248
standard_marl_no_social,on_off,0.4,True,high,True,decision_distortion_counterfactual,0.091005,0.008572,50,0.088629,0.093381
standard_marl_no_social,on_off,0.4,True,high,True,decision_distortion_counterfactual_evidenced,0.080859,0.014160,50,0.076934,0.084784
standard_marl_no_social,reciprocity_exploitation,0.1,True,high,True,generated_tasks,6.997640,0.028191,50,6.989826,7.005454
standard_marl_no_social,reciprocity_exploitation,0.1,True,high,True,completed_tasks,4.500600,0.080658,50,4.478243,4.522957
standard_marl_no_social,reciprocity_exploitation,0.1,True,high,True,attempted_interactions,6.997640,0.028191,50,6.989826,7.005454
standard_marl_no_social,reciprocity_exploitation,0.1,True,high,True,successful_cooperations,4.500600,0.080658,50,4.478243,4.522957
standard_marl_no_social,reciprocity_exploitation,0.1,True,high,True,failed_interactions,2.497040,0.078119,50,2.475387,2.518693
standard_marl_no_social,reciprocity_exploitation,0.1,True,high,True,blocked_privacy_interactions,0.000000,0.000000,50,0.000000,0.000000
standard_marl_no_social,reciprocity_exploitation,0.1,True,high,True,cooperation_rate,0.642844,0.011150,50,0.639754,0.645935
standard_marl_no_social,reciprocity_exploitation,0.1,True,high,True,task_completion_ratio,0.642844,0.011150,50,0.639754,0.645935
standard_marl_no_social,reciprocity_exploitation,0.1,True,high,True,reliability_score,0.642844,0.011150,50,0.639754,0.645935
standard_marl_no_social,reciprocity_exploitation,0.1,True,high,True,resource_efficiency,0.622835,0.010816,50,0.619837,0.625833
standard_marl_no_social,reciprocity_exploitation,0.1,True,high,True,fairness_index,0.904413,0.008950,50,0.901932,0.906894
standard_marl_no_social,reciprocity_exploitation,0.1,True,high,True,trust_stability_index,0.721905,0.005569,50,0.720361,0.723448
standard_marl_no_social,reciprocity_exploitation,0.1,True,high,True,privacy_exposure_risk,0.500000,0.000000,50,0.500000,0.500000
standard_marl_no_social,reciprocity_exploitation,0.1,True,high,True,candidate_privacy_risk,0.500000,0.000000,50,0.500000,0.500000
standard_marl_no_social,reciprocity_exploitation,0.1,True,high,True,accepted_privacy_exposure,0.500000,0.000000,50,0.500000,0.500000
standard_marl_no_social,reciprocity_exploitation,0.1,True,high,True,avg_trust,0.587116,0.008582,50,0.584737,0.589495
standard_marl_no_social,reciprocity_exploitation,0.1,True,high,True,trust_variance,0.069524,0.001392,50,0.069138,0.069910
standard_marl_no_social,reciprocity_exploitation,0.1,True,high,True,avg_preference,0.636816,0.006652,50,0.634972,0.638660
standard_marl_no_social,reciprocity_exploitation,0.1,True,high,True,avg_reciprocity,0.661073,0.014384,50,0.657086,0.665060
standard_marl_no_social,reciprocity_exploitation,0.1,True,high,True,avg_privacy_risk,0.500000,0.000000,50,0.500000,0.500000
standard_marl_no_social,reciprocity_exploitation,0.1,True,high,True,avg_total_utility,0.861821,0.001285,50,0.861465,0.862178
standard_marl_no_social,reciprocity_exploitation,0.1,True,high,True,avg_system_utility,0.735552,0.001014,50,0.735271,0.735833
standard_marl_no_social,reciprocity_exploitation,0.1,True,high,True,avg_social_utility,0.500000,0.000000,50,0.500000,0.500000
standard_marl_no_social,reciprocity_exploitation,0.1,True,high,True,avg_resource_utility,0.981844,0.000088,50,0.981820,0.981869
standard_marl_no_social,reciprocity_exploitation,0.1,True,high,True,avg_privacy_utility,0.500000,0.000000,50,0.500000,0.500000
standard_marl_no_social,reciprocity_exploitation,0.1,True,high,True,avg_incentive_utility,0.599597,0.000200,50,0.599542,0.599653
standard_marl_no_social,reciprocity_exploitation,0.1,True,high,True,energy_consumed,0.064676,0.000407,50,0.064564,0.064789
standard_marl_no_social,reciprocity_exploitation,0.1,True,high,True,bandwidth_consumed,0.274393,0.002122,50,0.273805,0.274981
standard_marl_no_social,reciprocity_exploitation,0.1,True,high,True,compute_consumed,0.366249,0.002994,50,0.365419,0.367079
standard_marl_no_social,reciprocity_exploitation,0.1,True,high,True,throughput_mbps,36.004800,0.645262,50,35.825942,36.183658
standard_marl_no_social,reciprocity_exploitation,0.1,True,high,True,packet_delivery_ratio,0.642844,0.011150,50,0.639754,0.645935
standard_marl_no_social,reciprocity_exploitation,0.1,True,high,True,e2e_delay_ms,93.974019,0.689640,50,93.782860,94.165177
standard_marl_no_social,reciprocity_exploitation,0.1,True,high,True,active_nodes,50.000000,0.000000,50,50.000000,50.000000
standard_marl_no_social,reciprocity_exploitation,0.1,True,high,True,reputation_honest,0.760760,0.023875,50,0.754142,0.767378
standard_marl_no_social,reciprocity_exploitation,0.1,True,high,True,reputation_attacker,0.206384,0.030860,50,0.197830,0.214938
standard_marl_no_social,reciprocity_exploitation,0.1,True,high,True,reputation_separation,0.554375,0.041528,50,0.542865,0.565886
standard_marl_no_social,reciprocity_exploitation,0.1,True,high,True,attacker_defection_rate,0.898860,0.014755,50,0.894770,0.902950
standard_marl_no_social,reciprocity_exploitation,0.1,True,high,True,decision_distortion,0.080219,0.003840,50,0.079155,0.081283
standard_marl_no_social,reciprocity_exploitation,0.1,True,high,True,decision_distortion_evidenced,0.061952,0.005458,50,0.060439,0.063465
standard_marl_no_social,reciprocity_exploitation,0.1,True,high,True,decision_distortion_counterfactual,0.089946,0.004223,50,0.088776,0.091117
standard_marl_no_social,reciprocity_exploitation,0.1,True,high,True,decision_distortion_counterfactual_evidenced,0.078749,0.006912,50,0.076833,0.080665
standard_marl_no_social,reciprocity_exploitation,0.2,True,high,True,generated_tasks,7.003840,0.038311,50,6.993221,7.014459
standard_marl_no_social,reciprocity_exploitation,0.2,True,high,True,completed_tasks,4.098600,0.076812,50,4.077309,4.119891
standard_marl_no_social,reciprocity_exploitation,0.2,True,high,True,attempted_interactions,7.003840,0.038311,50,6.993221,7.014459
standard_marl_no_social,reciprocity_exploitation,0.2,True,high,True,successful_cooperations,4.098600,0.076812,50,4.077309,4.119891
standard_marl_no_social,reciprocity_exploitation,0.2,True,high,True,failed_interactions,2.905240,0.082771,50,2.882297,2.928183
standard_marl_no_social,reciprocity_exploitation,0.2,True,high,True,blocked_privacy_interactions,0.000000,0.000000,50,0.000000,0.000000
standard_marl_no_social,reciprocity_exploitation,0.2,True,high,True,cooperation_rate,0.585372,0.011088,50,0.582298,0.588445
standard_marl_no_social,reciprocity_exploitation,0.2,True,high,True,task_completion_ratio,0.585372,0.011088,50,0.582298,0.588445
standard_marl_no_social,reciprocity_exploitation,0.2,True,high,True,reliability_score,0.585372,0.011088,50,0.582298,0.588445
standard_marl_no_social,reciprocity_exploitation,0.2,True,high,True,resource_efficiency,0.567138,0.010777,50,0.564151,0.570125
standard_marl_no_social,reciprocity_exploitation,0.2,True,high,True,fairness_index,0.875602,0.012479,50,0.872143,0.879061
standard_marl_no_social,reciprocity_exploitation,0.2,True,high,True,trust_stability_index,0.708832,0.005349,50,0.707349,0.710314
standard_marl_no_social,reciprocity_exploitation,0.2,True,high,True,privacy_exposure_risk,0.500000,0.000000,50,0.500000,0.500000
standard_marl_no_social,reciprocity_exploitation,0.2,True,high,True,candidate_privacy_risk,0.500000,0.000000,50,0.500000,0.500000
standard_marl_no_social,reciprocity_exploitation,0.2,True,high,True,accepted_privacy_exposure,0.500000,0.000000,50,0.500000,0.500000
standard_marl_no_social,reciprocity_exploitation,0.2,True,high,True,avg_trust,0.557803,0.007697,50,0.555670,0.559937
standard_marl_no_social,reciprocity_exploitation,0.2,True,high,True,trust_variance,0.072792,0.001337,50,0.072421,0.073163
standard_marl_no_social,reciprocity_exploitation,0.2,True,high,True,avg_preference,0.614748,0.006062,50,0.613068,0.616428
standard_marl_no_social,reciprocity_exploitation,0.2,True,high,True,avg_reciprocity,0.630384,0.013492,50,0.626644,0.634124
standard_marl_no_social,reciprocity_exploitation,0.2,True,high,True,avg_privacy_risk,0.500000,0.000000,50,0.500000,0.500000
standard_marl_no_social,reciprocity_exploitation,0.2,True,high,True,avg_total_utility,0.862031,0.001402,50,0.861642,0.862420
standard_marl_no_social,reciprocity_exploitation,0.2,True,high,True,avg_system_utility,0.735712,0.001075,50,0.735413,0.736010
standard_marl_no_social,reciprocity_exploitation,0.2,True,high,True,avg_social_utility,0.500000,0.000000,50,0.500000,0.500000
standard_marl_no_social,reciprocity_exploitation,0.2,True,high,True,avg_resource_utility,0.981839,0.000095,50,0.981813,0.981866
standard_marl_no_social,reciprocity_exploitation,0.2,True,high,True,avg_privacy_utility,0.500000,0.000000,50,0.500000,0.500000
standard_marl_no_social,reciprocity_exploitation,0.2,True,high,True,avg_incentive_utility,0.599624,0.000206,50,0.599567,0.599681
standard_marl_no_social,reciprocity_exploitation,0.2,True,high,True,energy_consumed,0.064688,0.000450,50,0.064563,0.064812
standard_marl_no_social,reciprocity_exploitation,0.2,True,high,True,bandwidth_consumed,0.274781,0.002630,50,0.274052,0.275510
standard_marl_no_social,reciprocity_exploitation,0.2,True,high,True,compute_consumed,0.366565,0.003641,50,0.365556,0.367574
standard_marl_no_social,reciprocity_exploitation,0.2,True,high,True,throughput_mbps,32.788800,0.614498,50,32.618470,32.959130
standard_marl_no_social,reciprocity_exploitation,0.2,True,high,True,packet_delivery_ratio,0.585372,0.011088,50,0.582298,0.588445
standard_marl_no_social,reciprocity_exploitation,0.2,True,high,True,e2e_delay_ms,93.817884,0.683378,50,93.628461,94.007306
standard_marl_no_social,reciprocity_exploitation,0.2,True,high,True,active_nodes,50.000000,0.000000,50,50.000000,50.000000
standard_marl_no_social,reciprocity_exploitation,0.2,True,high,True,reputation_honest,0.758117,0.027646,50,0.750454,0.765780
standard_marl_no_social,reciprocity_exploitation,0.2,True,high,True,reputation_attacker,0.202053,0.016000,50,0.197618,0.206488
standard_marl_no_social,reciprocity_exploitation,0.2,True,high,True,reputation_separation,0.556064,0.032127,50,0.547159,0.564969
standard_marl_no_social,reciprocity_exploitation,0.2,True,high,True,attacker_defection_rate,0.897507,0.009388,50,0.894905,0.900109
standard_marl_no_social,reciprocity_exploitation,0.2,True,high,True,decision_distortion,0.079389,0.004122,50,0.078246,0.080531
standard_marl_no_social,reciprocity_exploitation,0.2,True,high,True,decision_distortion_evidenced,0.060746,0.007198,50,0.058750,0.062741
standard_marl_no_social,reciprocity_exploitation,0.2,True,high,True,decision_distortion_counterfactual,0.089278,0.005419,50,0.087776,0.090780
standard_marl_no_social,reciprocity_exploitation,0.2,True,high,True,decision_distortion_counterfactual_evidenced,0.077604,0.010011,50,0.074830,0.080379
standard_marl_no_social,reciprocity_exploitation,0.3,True,high,True,generated_tasks,7.003480,0.029304,50,6.995357,7.011603
standard_marl_no_social,reciprocity_exploitation,0.3,True,high,True,completed_tasks,3.657120,0.086135,50,3.633245,3.680995
standard_marl_no_social,reciprocity_exploitation,0.3,True,high,True,attempted_interactions,7.003480,0.029304,50,6.995357,7.011603
standard_marl_no_social,reciprocity_exploitation,0.3,True,high,True,successful_cooperations,3.657120,0.086135,50,3.633245,3.680995
standard_marl_no_social,reciprocity_exploitation,0.3,True,high,True,failed_interactions,3.346360,0.091994,50,3.320861,3.371859
standard_marl_no_social,reciprocity_exploitation,0.3,True,high,True,blocked_privacy_interactions,0.000000,0.000000,50,0.000000,0.000000
standard_marl_no_social,reciprocity_exploitation,0.3,True,high,True,cooperation_rate,0.522199,0.012629,50,0.518699,0.525700
standard_marl_no_social,reciprocity_exploitation,0.3,True,high,True,task_completion_ratio,0.522199,0.012629,50,0.518699,0.525700
standard_marl_no_social,reciprocity_exploitation,0.3,True,high,True,reliability_score,0.522199,0.012629,50,0.518699,0.525700
standard_marl_no_social,reciprocity_exploitation,0.3,True,high,True,resource_efficiency,0.505941,0.012239,50,0.502549,0.509334
standard_marl_no_social,reciprocity_exploitation,0.3,True,high,True,fairness_index,0.845813,0.016874,50,0.841136,0.850491
standard_marl_no_social,reciprocity_exploitation,0.3,True,high,True,trust_stability_index,0.702599,0.005642,50,0.701036,0.704163
standard_marl_no_social,reciprocity_exploitation,0.3,True,high,True,privacy_exposure_risk,0.500000,0.000000,50,0.500000,0.500000
standard_marl_no_social,reciprocity_exploitation,0.3,True,high,True,candidate_privacy_risk,0.500000,0.000000,50,0.500000,0.500000
standard_marl_no_social,reciprocity_exploitation,0.3,True,high,True,accepted_privacy_exposure,0.500000,0.000000,50,0.500000,0.500000
standard_marl_no_social,reciprocity_exploitation,0.3,True,high,True,avg_trust,0.530150,0.010121,50,0.527344,0.532955
standard_marl_no_social,reciprocity_exploitation,0.3,True,high,True,trust_variance,0.074350,0.001410,50,0.073959,0.074741
standard_marl_no_social,reciprocity_exploitation,0.3,True,high,True,avg_preference,0.593401,0.007266,50,0.591387,0.595415
standard_marl_no_social,reciprocity_exploitation,0.3,True,high,True,avg_reciprocity,0.592513,0.014272,50,0.588557,0.596469
standard_marl_no_social,reciprocity_exploitation,0.3,True,high,True,avg_privacy_risk,0.500000,0.000000,50,0.500000,0.500000
standard_marl_no_social,reciprocity_exploitation,0.3,True,high,True,avg_total_utility,0.861771,0.001121,50,0.861460,0.862082
standard_marl_no_social,reciprocity_exploitation,0.3,True,high,True,avg_system_utility,0.735493,0.000853,50,0.735256,0.735729
standard_marl_no_social,reciprocity_exploitation,0.3,True,high,True,avg_social_utility,0.500000,0.000000,50,0.500000,0.500000
standard_marl_no_social,reciprocity_exploitation,0.3,True,high,True,avg_resource_utility,0.981831,0.000078,50,0.981809,0.981852
standard_marl_no_social,reciprocity_exploitation,0.3,True,high,True,avg_privacy_utility,0.500000,0.000000,50,0.500000,0.500000
standard_marl_no_social,reciprocity_exploitation,0.3,True,high,True,avg_incentive_utility,0.599578,0.000163,50,0.599533,0.599624
standard_marl_no_social,reciprocity_exploitation,0.3,True,high,True,energy_consumed,0.064784,0.000387,50,0.064677,0.064892
standard_marl_no_social,reciprocity_exploitation,0.3,True,high,True,bandwidth_consumed,0.275048,0.001771,50,0.274557,0.275539
standard_marl_no_social,reciprocity_exploitation,0.3,True,high,True,compute_consumed,0.366474,0.003081,50,0.365620,0.367328
standard_marl_no_social,reciprocity_exploitation,0.3,True,high,True,throughput_mbps,29.256960,0.689082,50,29.065956,29.447964
standard_marl_no_social,reciprocity_exploitation,0.3,True,high,True,packet_delivery_ratio,0.522199,0.012629,50,0.518699,0.525700
standard_marl_no_social,reciprocity_exploitation,0.3,True,high,True,e2e_delay_ms,93.572047,0.710428,50,93.375126,93.768967
standard_marl_no_social,reciprocity_exploitation,0.3,True,high,True,active_nodes,50.000000,0.000000,50,50.000000,50.000000
standard_marl_no_social,reciprocity_exploitation,0.3,True,high,True,reputation_honest,0.762517,0.030831,50,0.753971,0.771063
standard_marl_no_social,reciprocity_exploitation,0.3,True,high,True,reputation_attacker,0.200393,0.012006,50,0.197065,0.203721
standard_marl_no_social,reciprocity_exploitation,0.3,True,high,True,reputation_separation,0.562124,0.033829,50,0.552747,0.571501
standard_marl_no_social,reciprocity_exploitation,0.3,True,high,True,attacker_defection_rate,0.899920,0.009582,50,0.897264,0.902576
standard_marl_no_social,reciprocity_exploitation,0.3,True,high,True,decision_distortion,0.079660,0.005244,50,0.078206,0.081113
standard_marl_no_social,reciprocity_exploitation,0.3,True,high,True,decision_distortion_evidenced,0.060773,0.007656,50,0.058651,0.062895
standard_marl_no_social,reciprocity_exploitation,0.3,True,high,True,decision_distortion_counterfactual,0.089355,0.006266,50,0.087619,0.091092
standard_marl_no_social,reciprocity_exploitation,0.3,True,high,True,decision_distortion_counterfactual_evidenced,0.077609,0.010169,50,0.074790,0.080427
standard_marl_no_social,reciprocity_exploitation,0.4,True,high,True,generated_tasks,7.001520,0.035751,50,6.991610,7.011430
standard_marl_no_social,reciprocity_exploitation,0.4,True,high,True,completed_tasks,3.230880,0.080201,50,3.208649,3.253111
standard_marl_no_social,reciprocity_exploitation,0.4,True,high,True,attempted_interactions,7.001520,0.035751,50,6.991610,7.011430
standard_marl_no_social,reciprocity_exploitation,0.4,True,high,True,successful_cooperations,3.230880,0.080201,50,3.208649,3.253111
standard_marl_no_social,reciprocity_exploitation,0.4,True,high,True,failed_interactions,3.770640,0.085372,50,3.746976,3.794304
standard_marl_no_social,reciprocity_exploitation,0.4,True,high,True,blocked_privacy_interactions,0.000000,0.000000,50,0.000000,0.000000
standard_marl_no_social,reciprocity_exploitation,0.4,True,high,True,cooperation_rate,0.461446,0.011586,50,0.458235,0.464658
standard_marl_no_social,reciprocity_exploitation,0.4,True,high,True,task_completion_ratio,0.461446,0.011586,50,0.458235,0.464658
standard_marl_no_social,reciprocity_exploitation,0.4,True,high,True,reliability_score,0.461446,0.011586,50,0.458235,0.464658
standard_marl_no_social,reciprocity_exploitation,0.4,True,high,True,resource_efficiency,0.447076,0.011234,50,0.443962,0.450190
standard_marl_no_social,reciprocity_exploitation,0.4,True,high,True,fairness_index,0.812358,0.013939,50,0.808495,0.816222
standard_marl_no_social,reciprocity_exploitation,0.4,True,high,True,trust_stability_index,0.703131,0.006570,50,0.701310,0.704952
standard_marl_no_social,reciprocity_exploitation,0.4,True,high,True,privacy_exposure_risk,0.500000,0.000000,50,0.500000,0.500000
standard_marl_no_social,reciprocity_exploitation,0.4,True,high,True,candidate_privacy_risk,0.500000,0.000000,50,0.500000,0.500000
standard_marl_no_social,reciprocity_exploitation,0.4,True,high,True,accepted_privacy_exposure,0.500000,0.000000,50,0.500000,0.500000
standard_marl_no_social,reciprocity_exploitation,0.4,True,high,True,avg_trust,0.501364,0.008151,50,0.499105,0.503624
standard_marl_no_social,reciprocity_exploitation,0.4,True,high,True,trust_variance,0.074217,0.001642,50,0.073762,0.074672
standard_marl_no_social,reciprocity_exploitation,0.4,True,high,True,avg_preference,0.571244,0.006659,50,0.569399,0.573090
standard_marl_no_social,reciprocity_exploitation,0.4,True,high,True,avg_reciprocity,0.556486,0.015988,50,0.552054,0.560917
standard_marl_no_social,reciprocity_exploitation,0.4,True,high,True,avg_privacy_risk,0.500000,0.000000,50,0.500000,0.500000
standard_marl_no_social,reciprocity_exploitation,0.4,True,high,True,avg_total_utility,0.861637,0.001188,50,0.861308,0.861966
standard_marl_no_social,reciprocity_exploitation,0.4,True,high,True,avg_system_utility,0.735405,0.000929,50,0.735148,0.735663
standard_marl_no_social,reciprocity_exploitation,0.4,True,high,True,avg_social_utility,0.500000,0.000000,50,0.500000,0.500000
standard_marl_no_social,reciprocity_exploitation,0.4,True,high,True,avg_resource_utility,0.981842,0.000089,50,0.981817,0.981867
standard_marl_no_social,reciprocity_exploitation,0.4,True,high,True,avg_privacy_utility,0.500000,0.000000,50,0.500000,0.500000
standard_marl_no_social,reciprocity_exploitation,0.4,True,high,True,avg_incentive_utility,0.599570,0.000185,50,0.599518,0.599621
standard_marl_no_social,reciprocity_exploitation,0.4,True,high,True,energy_consumed,0.064704,0.000474,50,0.064572,0.064835
standard_marl_no_social,reciprocity_exploitation,0.4,True,high,True,bandwidth_consumed,0.274606,0.002576,50,0.273892,0.275320
standard_marl_no_social,reciprocity_exploitation,0.4,True,high,True,compute_consumed,0.366465,0.003196,50,0.365579,0.367351
standard_marl_no_social,reciprocity_exploitation,0.4,True,high,True,throughput_mbps,25.847040,0.641607,50,25.669195,26.024885
standard_marl_no_social,reciprocity_exploitation,0.4,True,high,True,packet_delivery_ratio,0.461446,0.011586,50,0.458235,0.464658
standard_marl_no_social,reciprocity_exploitation,0.4,True,high,True,e2e_delay_ms,92.773194,0.825195,50,92.544462,93.001926
standard_marl_no_social,reciprocity_exploitation,0.4,True,high,True,active_nodes,50.000000,0.000000,50,50.000000,50.000000
standard_marl_no_social,reciprocity_exploitation,0.4,True,high,True,reputation_honest,0.754323,0.033603,50,0.745009,0.763637
standard_marl_no_social,reciprocity_exploitation,0.4,True,high,True,reputation_attacker,0.198007,0.007075,50,0.196046,0.199968
standard_marl_no_social,reciprocity_exploitation,0.4,True,high,True,reputation_separation,0.556316,0.034553,50,0.546739,0.565894
standard_marl_no_social,reciprocity_exploitation,0.4,True,high,True,attacker_defection_rate,0.898990,0.007943,50,0.896788,0.901191
standard_marl_no_social,reciprocity_exploitation,0.4,True,high,True,decision_distortion,0.081108,0.007629,50,0.078993,0.083222
standard_marl_no_social,reciprocity_exploitation,0.4,True,high,True,decision_distortion_evidenced,0.062959,0.010784,50,0.059970,0.065948
standard_marl_no_social,reciprocity_exploitation,0.4,True,high,True,decision_distortion_counterfactual,0.091225,0.008392,50,0.088899,0.093551
standard_marl_no_social,reciprocity_exploitation,0.4,True,high,True,decision_distortion_counterfactual_evidenced,0.080295,0.014328,50,0.076324,0.084267
standard_marl_no_social,selective,0.1,True,high,True,generated_tasks,6.997640,0.028191,50,6.989826,7.005454
standard_marl_no_social,selective,0.1,True,high,True,completed_tasks,4.464000,0.084282,50,4.440638,4.487362
standard_marl_no_social,selective,0.1,True,high,True,attempted_interactions,6.997640,0.028191,50,6.989826,7.005454
standard_marl_no_social,selective,0.1,True,high,True,successful_cooperations,4.464000,0.084282,50,4.440638,4.487362
standard_marl_no_social,selective,0.1,True,high,True,failed_interactions,2.533640,0.081894,50,2.510940,2.556340
standard_marl_no_social,selective,0.1,True,high,True,blocked_privacy_interactions,0.000000,0.000000,50,0.000000,0.000000
standard_marl_no_social,selective,0.1,True,high,True,cooperation_rate,0.637624,0.011691,50,0.634384,0.640865
standard_marl_no_social,selective,0.1,True,high,True,task_completion_ratio,0.637624,0.011691,50,0.634384,0.640865
standard_marl_no_social,selective,0.1,True,high,True,reliability_score,0.637624,0.011691,50,0.634384,0.640865
standard_marl_no_social,selective,0.1,True,high,True,resource_efficiency,0.617779,0.011339,50,0.614636,0.620922
standard_marl_no_social,selective,0.1,True,high,True,fairness_index,0.899916,0.009097,50,0.897394,0.902438
standard_marl_no_social,selective,0.1,True,high,True,trust_stability_index,0.719775,0.005642,50,0.718211,0.721339
standard_marl_no_social,selective,0.1,True,high,True,privacy_exposure_risk,0.500000,0.000000,50,0.500000,0.500000
standard_marl_no_social,selective,0.1,True,high,True,candidate_privacy_risk,0.500000,0.000000,50,0.500000,0.500000
standard_marl_no_social,selective,0.1,True,high,True,accepted_privacy_exposure,0.500000,0.000000,50,0.500000,0.500000
standard_marl_no_social,selective,0.1,True,high,True,avg_trust,0.584348,0.008871,50,0.581889,0.586807
standard_marl_no_social,selective,0.1,True,high,True,trust_variance,0.070056,0.001411,50,0.069665,0.070447
standard_marl_no_social,selective,0.1,True,high,True,avg_preference,0.634585,0.006891,50,0.632675,0.636495
standard_marl_no_social,selective,0.1,True,high,True,avg_reciprocity,0.657230,0.014943,50,0.653088,0.661372
standard_marl_no_social,selective,0.1,True,high,True,avg_privacy_risk,0.500000,0.000000,50,0.500000,0.500000
standard_marl_no_social,selective,0.1,True,high,True,avg_total_utility,0.861821,0.001285,50,0.861465,0.862178
standard_marl_no_social,selective,0.1,True,high,True,avg_system_utility,0.735552,0.001014,50,0.735271,0.735833
standard_marl_no_social,selective,0.1,True,high,True,avg_social_utility,0.500000,0.000000,50,0.500000,0.500000
standard_marl_no_social,selective,0.1,True,high,True,avg_resource_utility,0.981844,0.000088,50,0.981820,0.981869
standard_marl_no_social,selective,0.1,True,high,True,avg_privacy_utility,0.500000,0.000000,50,0.500000,0.500000
standard_marl_no_social,selective,0.1,True,high,True,avg_incentive_utility,0.599597,0.000200,50,0.599542,0.599653
standard_marl_no_social,selective,0.1,True,high,True,energy_consumed,0.064676,0.000407,50,0.064564,0.064789
standard_marl_no_social,selective,0.1,True,high,True,bandwidth_consumed,0.274393,0.002122,50,0.273805,0.274981
standard_marl_no_social,selective,0.1,True,high,True,compute_consumed,0.366249,0.002994,50,0.365419,0.367079
standard_marl_no_social,selective,0.1,True,high,True,throughput_mbps,35.712000,0.674259,50,35.525105,35.898895
standard_marl_no_social,selective,0.1,True,high,True,packet_delivery_ratio,0.637624,0.011691,50,0.634384,0.640865
standard_marl_no_social,selective,0.1,True,high,True,e2e_delay_ms,93.961204,0.676320,50,93.773738,94.148670
standard_marl_no_social,selective,0.1,True,high,True,active_nodes,50.000000,0.000000,50,50.000000,50.000000
standard_marl_no_social,selective,0.1,True,high,True,reputation_honest,0.760632,0.023844,50,0.754023,0.767241
standard_marl_no_social,selective,0.1,True,high,True,reputation_attacker,0.194801,0.027309,50,0.187232,0.202371
standard_marl_no_social,selective,0.1,True,high,True,reputation_separation,0.565831,0.037683,50,0.555385,0.576276
standard_marl_no_social,selective,0.1,True,high,True,attacker_defection_rate,0.950432,0.010732,50,0.947457,0.953406
standard_marl_no_social,selective,0.1,True,high,True,decision_distortion,0.080196,0.003842,50,0.079131,0.081261
standard_marl_no_social,selective,0.1,True,high,True,decision_distortion_evidenced,0.061936,0.005445,50,0.060427,0.063445
standard_marl_no_social,selective,0.1,True,high,True,decision_distortion_counterfactual,0.089918,0.004224,50,0.088747,0.091089
standard_marl_no_social,selective,0.1,True,high,True,decision_distortion_counterfactual_evidenced,0.078724,0.006896,50,0.076813,0.080636
standard_marl_no_social,selective,0.2,True,high,True,generated_tasks,7.003840,0.038311,50,6.993221,7.014459
standard_marl_no_social,selective,0.2,True,high,True,completed_tasks,4.028720,0.082380,50,4.005886,4.051554
standard_marl_no_social,selective,0.2,True,high,True,attempted_interactions,7.003840,0.038311,50,6.993221,7.014459
standard_marl_no_social,selective,0.2,True,high,True,successful_cooperations,4.028720,0.082380,50,4.005886,4.051554
standard_marl_no_social,selective,0.2,True,high,True,failed_interactions,2.975120,0.087304,50,2.950920,2.999320
standard_marl_no_social,selective,0.2,True,high,True,blocked_privacy_interactions,0.000000,0.000000,50,0.000000,0.000000
standard_marl_no_social,selective,0.2,True,high,True,cooperation_rate,0.575376,0.011824,50,0.572099,0.578654
standard_marl_no_social,selective,0.2,True,high,True,task_completion_ratio,0.575376,0.011824,50,0.572099,0.578654
standard_marl_no_social,selective,0.2,True,high,True,reliability_score,0.575376,0.011824,50,0.572099,0.578654
standard_marl_no_social,selective,0.2,True,high,True,resource_efficiency,0.557454,0.011490,50,0.554269,0.560639
standard_marl_no_social,selective,0.2,True,high,True,fairness_index,0.865824,0.013885,50,0.861975,0.869672
standard_marl_no_social,selective,0.2,True,high,True,trust_stability_index,0.706205,0.005387,50,0.704711,0.707698
standard_marl_no_social,selective,0.2,True,high,True,privacy_exposure_risk,0.500000,0.000000,50,0.500000,0.500000
standard_marl_no_social,selective,0.2,True,high,True,candidate_privacy_risk,0.500000,0.000000,50,0.500000,0.500000
standard_marl_no_social,selective,0.2,True,high,True,accepted_privacy_exposure,0.500000,0.000000,50,0.500000,0.500000
standard_marl_no_social,selective,0.2,True,high,True,avg_trust,0.552973,0.008288,50,0.550676,0.555271
standard_marl_no_social,selective,0.2,True,high,True,trust_variance,0.073449,0.001347,50,0.073076,0.073822
standard_marl_no_social,selective,0.2,True,high,True,avg_preference,0.610824,0.006590,50,0.608997,0.612650
standard_marl_no_social,selective,0.2,True,high,True,avg_reciprocity,0.623358,0.014332,50,0.619386,0.627331
standard_marl_no_social,selective,0.2,True,high,True,avg_privacy_risk,0.500000,0.000000,50,0.500000,0.500000
standard_marl_no_social,selective,0.2,True,high,True,avg_total_utility,0.862031,0.001402,50,0.861642,0.862420
standard_marl_no_social,selective,0.2,True,high,True,avg_system_utility,0.735712,0.001075,50,0.735413,0.736010
standard_marl_no_social,selective,0.2,True,high,True,avg_social_utility,0.500000,0.000000,50,0.500000,0.500000
standard_marl_no_social,selective,0.2,True,high,True,avg_resource_utility,0.981839,0.000095,50,0.981813,0.981866
standard_marl_no_social,selective,0.2,True,high,True,avg_privacy_utility,0.500000,0.000000,50,0.500000,0.500000
standard_marl_no_social,selective,0.2,True,high,True,avg_incentive_utility,0.599624,0.000206,50,0.599567,0.599681
standard_marl_no_social,selective,0.2,True,high,True,energy_consumed,0.064688,0.000450,50,0.064563,0.064812
standard_marl_no_social,selective,0.2,True,high,True,bandwidth_consumed,0.274781,0.002630,50,0.274052,0.275510
standard_marl_no_social,selective,0.2,True,high,True,compute_consumed,0.366565,0.003641,50,0.365556,0.367574
standard_marl_no_social,selective,0.2,True,high,True,throughput_mbps,32.229760,0.659037,50,32.047084,32.412436
standard_marl_no_social,selective,0.2,True,high,True,packet_delivery_ratio,0.575376,0.011824,50,0.572099,0.578654
standard_marl_no_social,selective,0.2,True,high,True,e2e_delay_ms,93.756737,0.696196,50,93.563762,93.949713
standard_marl_no_social,selective,0.2,True,high,True,active_nodes,50.000000,0.000000,50,50.000000,50.000000
standard_marl_no_social,selective,0.2,True,high,True,reputation_honest,0.758184,0.027593,50,0.750535,0.765832
standard_marl_no_social,selective,0.2,True,high,True,reputation_attacker,0.190371,0.007083,50,0.188408,0.192334
standard_marl_no_social,selective,0.2,True,high,True,reputation_separation,0.567813,0.028632,50,0.559876,0.575749
standard_marl_no_social,selective,0.2,True,high,True,attacker_defection_rate,0.948079,0.008454,50,0.945736,0.950423
standard_marl_no_social,selective,0.2,True,high,True,decision_distortion,0.079455,0.004129,50,0.078310,0.080599
standard_marl_no_social,selective,0.2,True,high,True,decision_distortion_evidenced,0.060771,0.007217,50,0.058770,0.062771
standard_marl_no_social,selective,0.2,True,high,True,decision_distortion_counterfactual,0.089349,0.005440,50,0.087841,0.090857
standard_marl_no_social,selective,0.2,True,high,True,decision_distortion_counterfactual_evidenced,0.077636,0.010036,50,0.074855,0.080418
standard_marl_no_social,selective,0.3,True,high,True,generated_tasks,7.003480,0.029304,50,6.995357,7.011603
standard_marl_no_social,selective,0.3,True,high,True,completed_tasks,3.552200,0.093175,50,3.526373,3.578027
standard_marl_no_social,selective,0.3,True,high,True,attempted_interactions,7.003480,0.029304,50,6.995357,7.011603
standard_marl_no_social,selective,0.3,True,high,True,successful_cooperations,3.552200,0.093175,50,3.526373,3.578027
standard_marl_no_social,selective,0.3,True,high,True,failed_interactions,3.451280,0.099499,50,3.423700,3.478860
standard_marl_no_social,selective,0.3,True,high,True,blocked_privacy_interactions,0.000000,0.000000,50,0.000000,0.000000
standard_marl_no_social,selective,0.3,True,high,True,cooperation_rate,0.507174,0.013663,50,0.503387,0.510961
standard_marl_no_social,selective,0.3,True,high,True,task_completion_ratio,0.507174,0.013663,50,0.503387,0.510961
standard_marl_no_social,selective,0.3,True,high,True,reliability_score,0.507174,0.013663,50,0.503387,0.510961
standard_marl_no_social,selective,0.3,True,high,True,resource_efficiency,0.491382,0.013240,50,0.487712,0.495052
standard_marl_no_social,selective,0.3,True,high,True,fairness_index,0.829781,0.017809,50,0.824845,0.834717
standard_marl_no_social,selective,0.3,True,high,True,trust_stability_index,0.700395,0.005640,50,0.698831,0.701958
standard_marl_no_social,selective,0.3,True,high,True,privacy_exposure_risk,0.500000,0.000000,50,0.500000,0.500000
standard_marl_no_social,selective,0.3,True,high,True,candidate_privacy_risk,0.500000,0.000000,50,0.500000,0.500000
standard_marl_no_social,selective,0.3,True,high,True,accepted_privacy_exposure,0.500000,0.000000,50,0.500000,0.500000
standard_marl_no_social,selective,0.3,True,high,True,avg_trust,0.523543,0.009579,50,0.520887,0.526198
standard_marl_no_social,selective,0.3,True,high,True,trust_variance,0.074901,0.001410,50,0.074511,0.075292
standard_marl_no_social,selective,0.3,True,high,True,avg_preference,0.587952,0.006925,50,0.586033,0.589872
standard_marl_no_social,selective,0.3,True,high,True,avg_reciprocity,0.583112,0.013537,50,0.579360,0.586864
standard_marl_no_social,selective,0.3,True,high,True,avg_privacy_risk,0.500000,0.000000,50,0.500000,0.500000
standard_marl_no_social,selective,0.3,True,high,True,avg_total_utility,0.861771,0.001121,50,0.861460,0.862082
standard_marl_no_social,selective,0.3,True,high,True,avg_system_utility,0.735493,0.000853,50,0.735256,0.735729
standard_marl_no_social,selective,0.3,True,high,True,avg_social_utility,0.500000,0.000000,50,0.500000,0.500000
standard_marl_no_social,selective,0.3,True,high,True,avg_resource_utility,0.981831,0.000078,50,0.981809,0.981852
standard_marl_no_social,selective,0.3,True,high,True,avg_privacy_utility,0.500000,0.000000,50,0.500000,0.500000
standard_marl_no_social,selective,0.3,True,high,True,avg_incentive_utility,0.599578,0.000163,50,0.599533,0.599624
standard_marl_no_social,selective,0.3,True,high,True,energy_consumed,0.064784,0.000387,50,0.064677,0.064892
standard_marl_no_social,selective,0.3,True,high,True,bandwidth_consumed,0.275048,0.001771,50,0.274557,0.275539
standard_marl_no_social,selective,0.3,True,high,True,compute_consumed,0.366474,0.003081,50,0.365620,0.367328
standard_marl_no_social,selective,0.3,True,high,True,throughput_mbps,28.417600,0.745397,50,28.210986,28.624214
standard_marl_no_social,selective,0.3,True,high,True,packet_delivery_ratio,0.507174,0.013663,50,0.503387,0.510961
standard_marl_no_social,selective,0.3,True,high,True,e2e_delay_ms,93.403679,0.768845,50,93.190566,93.616792
standard_marl_no_social,selective,0.3,True,high,True,active_nodes,50.000000,0.000000,50,50.000000,50.000000
standard_marl_no_social,selective,0.3,True,high,True,reputation_honest,0.762168,0.030974,50,0.753583,0.770754
standard_marl_no_social,selective,0.3,True,high,True,reputation_attacker,0.190740,0.007574,50,0.188641,0.192839
standard_marl_no_social,selective,0.3,True,high,True,reputation_separation,0.571429,0.030901,50,0.562863,0.579994
standard_marl_no_social,selective,0.3,True,high,True,attacker_defection_rate,0.949809,0.007500,50,0.947730,0.951887
standard_marl_no_social,selective,0.3,True,high,True,decision_distortion,0.079602,0.005222,50,0.078154,0.081049
standard_marl_no_social,selective,0.3,True,high,True,decision_distortion_evidenced,0.060736,0.007621,50,0.058623,0.062849
standard_marl_no_social,selective,0.3,True,high,True,decision_distortion_counterfactual,0.089278,0.006222,50,0.087553,0.091002
standard_marl_no_social,selective,0.3,True,high,True,decision_distortion_counterfactual_evidenced,0.077537,0.010097,50,0.074739,0.080336
standard_marl_no_social,selective,0.4,True,high,True,generated_tasks,7.001520,0.035751,50,6.991610,7.011430
standard_marl_no_social,selective,0.4,True,high,True,completed_tasks,3.088880,0.083841,50,3.065641,3.112119
standard_marl_no_social,selective,0.4,True,high,True,attempted_interactions,7.001520,0.035751,50,6.991610,7.011430
standard_marl_no_social,selective,0.4,True,high,True,successful_cooperations,3.088880,0.083841,50,3.065641,3.112119
standard_marl_no_social,selective,0.4,True,high,True,failed_interactions,3.912640,0.088485,50,3.888113,3.937167
standard_marl_no_social,selective,0.4,True,high,True,blocked_privacy_interactions,0.000000,0.000000,50,0.000000,0.000000
standard_marl_no_social,selective,0.4,True,high,True,cooperation_rate,0.441090,0.012066,50,0.437745,0.444434
standard_marl_no_social,selective,0.4,True,high,True,task_completion_ratio,0.441090,0.012066,50,0.437745,0.444434
standard_marl_no_social,selective,0.4,True,high,True,reliability_score,0.441090,0.012066,50,0.437745,0.444434
standard_marl_no_social,selective,0.4,True,high,True,resource_efficiency,0.427353,0.011698,50,0.424111,0.430595
standard_marl_no_social,selective,0.4,True,high,True,fairness_index,0.786722,0.015966,50,0.782297,0.791148
standard_marl_no_social,selective,0.4,True,high,True,trust_stability_index,0.702723,0.006731,50,0.700857,0.704589
standard_marl_no_social,selective,0.4,True,high,True,privacy_exposure_risk,0.500000,0.000000,50,0.500000,0.500000
standard_marl_no_social,selective,0.4,True,high,True,candidate_privacy_risk,0.500000,0.000000,50,0.500000,0.500000
standard_marl_no_social,selective,0.4,True,high,True,accepted_privacy_exposure,0.500000,0.000000,50,0.500000,0.500000
standard_marl_no_social,selective,0.4,True,high,True,avg_trust,0.491716,0.008375,50,0.489394,0.494037
standard_marl_no_social,selective,0.4,True,high,True,trust_variance,0.074319,0.001683,50,0.073853,0.074786
standard_marl_no_social,selective,0.4,True,high,True,avg_preference,0.563480,0.006769,50,0.561604,0.565357
standard_marl_no_social,selective,0.4,True,high,True,avg_reciprocity,0.542590,0.016082,50,0.538133,0.547048
standard_marl_no_social,selective,0.4,True,high,True,avg_privacy_risk,0.500000,0.000000,50,0.500000,0.500000
standard_marl_no_social,selective,0.4,True,high,True,avg_total_utility,0.861637,0.001188,50,0.861308,0.861966
standard_marl_no_social,selective,0.4,True,high,True,avg_system_utility,0.735405,0.000929,50,0.735148,0.735663
standard_marl_no_social,selective,0.4,True,high,True,avg_social_utility,0.500000,0.000000,50,0.500000,0.500000
standard_marl_no_social,selective,0.4,True,high,True,avg_resource_utility,0.981842,0.000089,50,0.981817,0.981867
standard_marl_no_social,selective,0.4,True,high,True,avg_privacy_utility,0.500000,0.000000,50,0.500000,0.500000
standard_marl_no_social,selective,0.4,True,high,True,avg_incentive_utility,0.599570,0.000185,50,0.599518,0.599621
standard_marl_no_social,selective,0.4,True,high,True,energy_consumed,0.064704,0.000474,50,0.064572,0.064835
standard_marl_no_social,selective,0.4,True,high,True,bandwidth_consumed,0.274606,0.002576,50,0.273892,0.275320
standard_marl_no_social,selective,0.4,True,high,True,compute_consumed,0.366465,0.003196,50,0.365579,0.367351
standard_marl_no_social,selective,0.4,True,high,True,throughput_mbps,24.711040,0.670725,50,24.525125,24.896955
standard_marl_no_social,selective,0.4,True,high,True,packet_delivery_ratio,0.441090,0.012066,50,0.437745,0.444434
standard_marl_no_social,selective,0.4,True,high,True,e2e_delay_ms,92.263830,0.978428,50,91.992624,92.535037
standard_marl_no_social,selective,0.4,True,high,True,active_nodes,50.000000,0.000000,50,50.000000,50.000000
standard_marl_no_social,selective,0.4,True,high,True,reputation_honest,0.754268,0.033537,50,0.744972,0.763564
standard_marl_no_social,selective,0.4,True,high,True,reputation_attacker,0.189176,0.002735,50,0.188418,0.189935
standard_marl_no_social,selective,0.4,True,high,True,reputation_separation,0.565092,0.033542,50,0.555795,0.574389
standard_marl_no_social,selective,0.4,True,high,True,attacker_defection_rate,0.949709,0.005965,50,0.948056,0.951362
standard_marl_no_social,selective,0.4,True,high,True,decision_distortion,0.081143,0.007548,50,0.079051,0.083235
standard_marl_no_social,selective,0.4,True,high,True,decision_distortion_evidenced,0.062953,0.010719,50,0.059982,0.065924
standard_marl_no_social,selective,0.4,True,high,True,decision_distortion_counterfactual,0.091250,0.008316,50,0.088945,0.093555
standard_marl_no_social,selective,0.4,True,high,True,decision_distortion_counterfactual_evidenced,0.080277,0.014263,50,0.076323,0.084230
standard_marl_no_social,sybil,0.1,True,high,True,generated_tasks,6.997640,0.028191,50,6.989826,7.005454
standard_marl_no_social,sybil,0.1,True,high,True,completed_tasks,4.472040,0.086659,50,4.448019,4.496061
standard_marl_no_social,sybil,0.1,True,high,True,attempted_interactions,6.997640,0.028191,50,6.989826,7.005454
standard_marl_no_social,sybil,0.1,True,high,True,successful_cooperations,4.472040,0.086659,50,4.448019,4.496061
standard_marl_no_social,sybil,0.1,True,high,True,failed_interactions,2.525600,0.084679,50,2.502128,2.549072
standard_marl_no_social,sybil,0.1,True,high,True,blocked_privacy_interactions,0.000000,0.000000,50,0.000000,0.000000
standard_marl_no_social,sybil,0.1,True,high,True,cooperation_rate,0.638785,0.012041,50,0.635447,0.642122
standard_marl_no_social,sybil,0.1,True,high,True,task_completion_ratio,0.638785,0.012041,50,0.635447,0.642122
standard_marl_no_social,sybil,0.1,True,high,True,reliability_score,0.638785,0.012041,50,0.635447,0.642122
standard_marl_no_social,sybil,0.1,True,high,True,resource_efficiency,0.618902,0.011676,50,0.615666,0.622139
standard_marl_no_social,sybil,0.1,True,high,True,fairness_index,0.901945,0.010313,50,0.899086,0.904803
standard_marl_no_social,sybil,0.1,True,high,True,trust_stability_index,0.719705,0.005696,50,0.718126,0.721284
standard_marl_no_social,sybil,0.1,True,high,True,privacy_exposure_risk,0.500000,0.000000,50,0.500000,0.500000
standard_marl_no_social,sybil,0.1,True,high,True,candidate_privacy_risk,0.500000,0.000000,50,0.500000,0.500000
standard_marl_no_social,sybil,0.1,True,high,True,accepted_privacy_exposure,0.500000,0.000000,50,0.500000,0.500000
standard_marl_no_social,sybil,0.1,True,high,True,avg_trust,0.584752,0.009293,50,0.582176,0.587328
standard_marl_no_social,sybil,0.1,True,high,True,trust_variance,0.070074,0.001424,50,0.069679,0.070469
standard_marl_no_social,sybil,0.1,True,high,True,avg_preference,0.634803,0.007192,50,0.632809,0.636797
standard_marl_no_social,sybil,0.1,True,high,True,avg_reciprocity,0.657548,0.015500,50,0.653252,0.661845
standard_marl_no_social,sybil,0.1,True,high,True,avg_privacy_risk,0.500000,0.000000,50,0.500000,0.500000
standard_marl_no_social,sybil,0.1,True,high,True,avg_total_utility,0.861821,0.001285,50,0.861465,0.862178
standard_marl_no_social,sybil,0.1,True,high,True,avg_system_utility,0.735552,0.001014,50,0.735271,0.735833
standard_marl_no_social,sybil,0.1,True,high,True,avg_social_utility,0.500000,0.000000,50,0.500000,0.500000
standard_marl_no_social,sybil,0.1,True,high,True,avg_resource_utility,0.981844,0.000088,50,0.981820,0.981869
standard_marl_no_social,sybil,0.1,True,high,True,avg_privacy_utility,0.500000,0.000000,50,0.500000,0.500000
standard_marl_no_social,sybil,0.1,True,high,True,avg_incentive_utility,0.599597,0.000200,50,0.599542,0.599653
standard_marl_no_social,sybil,0.1,True,high,True,energy_consumed,0.064676,0.000407,50,0.064564,0.064789
standard_marl_no_social,sybil,0.1,True,high,True,bandwidth_consumed,0.274393,0.002122,50,0.273805,0.274981
standard_marl_no_social,sybil,0.1,True,high,True,compute_consumed,0.366249,0.002994,50,0.365419,0.367079
standard_marl_no_social,sybil,0.1,True,high,True,throughput_mbps,35.776320,0.693273,50,35.584155,35.968485
standard_marl_no_social,sybil,0.1,True,high,True,packet_delivery_ratio,0.638785,0.012041,50,0.635447,0.642122
standard_marl_no_social,sybil,0.1,True,high,True,e2e_delay_ms,93.966396,0.686313,50,93.776159,94.156632
standard_marl_no_social,sybil,0.1,True,high,True,active_nodes,50.000000,0.000000,50,50.000000,50.000000
standard_marl_no_social,sybil,0.1,True,high,True,reputation_honest,0.760583,0.023800,50,0.753986,0.767179
standard_marl_no_social,sybil,0.1,True,high,True,reputation_attacker,0.191276,0.015953,50,0.186853,0.195698
standard_marl_no_social,sybil,0.1,True,high,True,reputation_separation,0.569307,0.027403,50,0.561711,0.576903
standard_marl_no_social,sybil,0.1,True,high,True,attacker_defection_rate,0.939047,0.034077,50,0.929601,0.948492
standard_marl_no_social,sybil,0.1,True,high,True,decision_distortion,0.080178,0.003843,50,0.079112,0.081243
standard_marl_no_social,sybil,0.1,True,high,True,decision_distortion_evidenced,0.061930,0.005448,50,0.060419,0.063440
standard_marl_no_social,sybil,0.1,True,high,True,decision_distortion_counterfactual,0.089896,0.004232,50,0.088723,0.091069
standard_marl_no_social,sybil,0.1,True,high,True,decision_distortion_counterfactual_evidenced,0.078712,0.006911,50,0.076796,0.080627
standard_marl_no_social,sybil,0.2,True,high,True,generated_tasks,7.003840,0.038311,50,6.993221,7.014459
standard_marl_no_social,sybil,0.2,True,high,True,completed_tasks,4.047920,0.092121,50,4.022385,4.073455
standard_marl_no_social,sybil,0.2,True,high,True,attempted_interactions,7.003840,0.038311,50,6.993221,7.014459
standard_marl_no_social,sybil,0.2,True,high,True,successful_cooperations,4.047920,0.092121,50,4.022385,4.073455
standard_marl_no_social,sybil,0.2,True,high,True,failed_interactions,2.955920,0.091193,50,2.930643,2.981197
standard_marl_no_social,sybil,0.2,True,high,True,blocked_privacy_interactions,0.000000,0.000000,50,0.000000,0.000000
standard_marl_no_social,sybil,0.2,True,high,True,cooperation_rate,0.578111,0.012816,50,0.574559,0.581664
standard_marl_no_social,sybil,0.2,True,high,True,task_completion_ratio,0.578111,0.012816,50,0.574559,0.581664
standard_marl_no_social,sybil,0.2,True,high,True,reliability_score,0.578111,0.012816,50,0.574559,0.581664
standard_marl_no_social,sybil,0.2,True,high,True,resource_efficiency,0.560104,0.012445,50,0.556655,0.563554
standard_marl_no_social,sybil,0.2,True,high,True,fairness_index,0.870163,0.014119,50,0.866250,0.874077
standard_marl_no_social,sybil,0.2,True,high,True,trust_stability_index,0.705764,0.005404,50,0.704267,0.707262
standard_marl_no_social,sybil,0.2,True,high,True,privacy_exposure_risk,0.500000,0.000000,50,0.500000,0.500000
standard_marl_no_social,sybil,0.2,True,high,True,candidate_privacy_risk,0.500000,0.000000,50,0.500000,0.500000
standard_marl_no_social,sybil,0.2,True,high,True,accepted_privacy_exposure,0.500000,0.000000,50,0.500000,0.500000
standard_marl_no_social,sybil,0.2,True,high,True,avg_trust,0.554041,0.008279,50,0.551746,0.556336
standard_marl_no_social,sybil,0.2,True,high,True,trust_variance,0.073559,0.001351,50,0.073184,0.073933
standard_marl_no_social,sybil,0.2,True,high,True,avg_preference,0.611529,0.006624,50,0.609693,0.613365
standard_marl_no_social,sybil,0.2,True,high,True,avg_reciprocity,0.624121,0.014850,50,0.620005,0.628237
standard_marl_no_social,sybil,0.2,True,high,True,avg_privacy_risk,0.500000,0.000000,50,0.500000,0.500000
standard_marl_no_social,sybil,0.2,True,high,True,avg_total_utility,0.862031,0.001402,50,0.861642,0.862420
standard_marl_no_social,sybil,0.2,True,high,True,avg_system_utility,0.735712,0.001075,50,0.735413,0.736010
standard_marl_no_social,sybil,0.2,True,high,True,avg_social_utility,0.500000,0.000000,50,0.500000,0.500000
standard_marl_no_social,sybil,0.2,True,high,True,avg_resource_utility,0.981839,0.000095,50,0.981813,0.981866
standard_marl_no_social,sybil,0.2,True,high,True,avg_privacy_utility,0.500000,0.000000,50,0.500000,0.500000
standard_marl_no_social,sybil,0.2,True,high,True,avg_incentive_utility,0.599624,0.000206,50,0.599567,0.599681
standard_marl_no_social,sybil,0.2,True,high,True,energy_consumed,0.064688,0.000450,50,0.064563,0.064812
standard_marl_no_social,sybil,0.2,True,high,True,bandwidth_consumed,0.274781,0.002630,50,0.274052,0.275510
standard_marl_no_social,sybil,0.2,True,high,True,compute_consumed,0.366565,0.003641,50,0.365556,0.367574
standard_marl_no_social,sybil,0.2,True,high,True,throughput_mbps,32.383360,0.736972,50,32.179082,32.587638
standard_marl_no_social,sybil,0.2,True,high,True,packet_delivery_ratio,0.578111,0.012816,50,0.574559,0.581664
standard_marl_no_social,sybil,0.2,True,high,True,e2e_delay_ms,93.798649,0.684004,50,93.609052,93.988245
standard_marl_no_social,sybil,0.2,True,high,True,active_nodes,50.000000,0.000000,50,50.000000,50.000000
standard_marl_no_social,sybil,0.2,True,high,True,reputation_honest,0.758033,0.027653,50,0.750368,0.765698
standard_marl_no_social,sybil,0.2,True,high,True,reputation_attacker,0.191234,0.009835,50,0.188508,0.193960
standard_marl_no_social,sybil,0.2,True,high,True,reputation_separation,0.566799,0.029531,50,0.558613,0.574984
standard_marl_no_social,sybil,0.2,True,high,True,attacker_defection_rate,0.934152,0.023213,50,0.927717,0.940586
standard_marl_no_social,sybil,0.2,True,high,True,decision_distortion,0.079455,0.004120,50,0.078313,0.080597
standard_marl_no_social,sybil,0.2,True,high,True,decision_distortion_evidenced,0.060787,0.007206,50,0.058789,0.062784
standard_marl_no_social,sybil,0.2,True,high,True,decision_distortion_counterfactual,0.089350,0.005428,50,0.087846,0.090855
standard_marl_no_social,sybil,0.2,True,high,True,decision_distortion_counterfactual_evidenced,0.077656,0.010021,50,0.074878,0.080433
standard_marl_no_social,sybil,0.3,True,high,True,generated_tasks,7.003480,0.029304,50,6.995357,7.011603
standard_marl_no_social,sybil,0.3,True,high,True,completed_tasks,3.595560,0.107566,50,3.565744,3.625376
standard_marl_no_social,sybil,0.3,True,high,True,attempted_interactions,7.003480,0.029304,50,6.995357,7.011603
standard_marl_no_social,sybil,0.3,True,high,True,successful_cooperations,3.595560,0.107566,50,3.565744,3.625376
standard_marl_no_social,sybil,0.3,True,high,True,failed_interactions,3.407920,0.114433,50,3.376201,3.439639
standard_marl_no_social,sybil,0.3,True,high,True,blocked_privacy_interactions,0.000000,0.000000,50,0.000000,0.000000
standard_marl_no_social,sybil,0.3,True,high,True,cooperation_rate,0.513390,0.015827,50,0.509003,0.517777
standard_marl_no_social,sybil,0.3,True,high,True,task_completion_ratio,0.513390,0.015827,50,0.509003,0.517777
standard_marl_no_social,sybil,0.3,True,high,True,reliability_score,0.513390,0.015827,50,0.509003,0.517777
standard_marl_no_social,sybil,0.3,True,high,True,resource_efficiency,0.497404,0.015341,50,0.493152,0.501656
standard_marl_no_social,sybil,0.3,True,high,True,fairness_index,0.838859,0.017543,50,0.833997,0.843722
standard_marl_no_social,sybil,0.3,True,high,True,trust_stability_index,0.699444,0.005762,50,0.697847,0.701041
standard_marl_no_social,sybil,0.3,True,high,True,privacy_exposure_risk,0.500000,0.000000,50,0.500000,0.500000
standard_marl_no_social,sybil,0.3,True,high,True,candidate_privacy_risk,0.500000,0.000000,50,0.500000,0.500000
standard_marl_no_social,sybil,0.3,True,high,True,accepted_privacy_exposure,0.500000,0.000000,50,0.500000,0.500000
standard_marl_no_social,sybil,0.3,True,high,True,avg_trust,0.526140,0.010032,50,0.523359,0.528921
standard_marl_no_social,sybil,0.3,True,high,True,trust_variance,0.075139,0.001441,50,0.074740,0.075538
standard_marl_no_social,sybil,0.3,True,high,True,avg_preference,0.589640,0.007142,50,0.587660,0.591620
standard_marl_no_social,sybil,0.3,True,high,True,avg_reciprocity,0.585032,0.013440,50,0.581307,0.588757
standard_marl_no_social,sybil,0.3,True,high,True,avg_privacy_risk,0.500000,0.000000,50,0.500000,0.500000
standard_marl_no_social,sybil,0.3,True,high,True,avg_total_utility,0.861771,0.001121,50,0.861460,0.862082
standard_marl_no_social,sybil,0.3,True,high,True,avg_system_utility,0.735493,0.000853,50,0.735256,0.735729
standard_marl_no_social,sybil,0.3,True,high,True,avg_social_utility,0.500000,0.000000,50,0.500000,0.500000
standard_marl_no_social,sybil,0.3,True,high,True,avg_resource_utility,0.981831,0.000078,50,0.981809,0.981852
standard_marl_no_social,sybil,0.3,True,high,True,avg_privacy_utility,0.500000,0.000000,50,0.500000,0.500000
standard_marl_no_social,sybil,0.3,True,high,True,avg_incentive_utility,0.599578,0.000163,50,0.599533,0.599624
standard_marl_no_social,sybil,0.3,True,high,True,energy_consumed,0.064784,0.000387,50,0.064677,0.064892
standard_marl_no_social,sybil,0.3,True,high,True,bandwidth_consumed,0.275048,0.001771,50,0.274557,0.275539
standard_marl_no_social,sybil,0.3,True,high,True,compute_consumed,0.366474,0.003081,50,0.365620,0.367328
standard_marl_no_social,sybil,0.3,True,high,True,throughput_mbps,28.764480,0.860530,50,28.525953,29.003007
standard_marl_no_social,sybil,0.3,True,high,True,packet_delivery_ratio,0.513390,0.015827,50,0.509003,0.517777
standard_marl_no_social,sybil,0.3,True,high,True,e2e_delay_ms,93.430476,0.774552,50,93.215781,93.645171
standard_marl_no_social,sybil,0.3,True,high,True,active_nodes,50.000000,0.000000,50,50.000000,50.000000
standard_marl_no_social,sybil,0.3,True,high,True,reputation_honest,0.761874,0.031156,50,0.753238,0.770510
standard_marl_no_social,sybil,0.3,True,high,True,reputation_attacker,0.191321,0.008847,50,0.188869,0.193774
standard_marl_no_social,sybil,0.3,True,high,True,reputation_separation,0.570553,0.032025,50,0.561676,0.579430
standard_marl_no_social,sybil,0.3,True,high,True,attacker_defection_rate,0.929007,0.022743,50,0.922703,0.935311
standard_marl_no_social,sybil,0.3,True,high,True,decision_distortion,0.079655,0.005155,50,0.078226,0.081084
standard_marl_no_social,sybil,0.3,True,high,True,decision_distortion_evidenced,0.060766,0.007640,50,0.058648,0.062883
standard_marl_no_social,sybil,0.3,True,high,True,decision_distortion_counterfactual,0.089328,0.006155,50,0.087622,0.091035
standard_marl_no_social,sybil,0.3,True,high,True,decision_distortion_counterfactual_evidenced,0.077563,0.010095,50,0.074764,0.080361
standard_marl_no_social,sybil,0.4,True,high,True,generated_tasks,7.001520,0.035751,50,6.991610,7.011430
standard_marl_no_social,sybil,0.4,True,high,True,completed_tasks,3.136640,0.090150,50,3.111652,3.161628
standard_marl_no_social,sybil,0.4,True,high,True,attempted_interactions,7.001520,0.035751,50,6.991610,7.011430
standard_marl_no_social,sybil,0.4,True,high,True,successful_cooperations,3.136640,0.090150,50,3.111652,3.161628
standard_marl_no_social,sybil,0.4,True,high,True,failed_interactions,3.864880,0.096325,50,3.838180,3.891580
standard_marl_no_social,sybil,0.4,True,high,True,blocked_privacy_interactions,0.000000,0.000000,50,0.000000,0.000000
standard_marl_no_social,sybil,0.4,True,high,True,cooperation_rate,0.447895,0.013094,50,0.444266,0.451525
standard_marl_no_social,sybil,0.4,True,high,True,task_completion_ratio,0.447895,0.013094,50,0.444266,0.451525
standard_marl_no_social,sybil,0.4,True,high,True,reliability_score,0.447895,0.013094,50,0.444266,0.451525
standard_marl_no_social,sybil,0.4,True,high,True,resource_efficiency,0.433947,0.012699,50,0.430427,0.437467
standard_marl_no_social,sybil,0.4,True,high,True,fairness_index,0.796880,0.016475,50,0.792313,0.801446
standard_marl_no_social,sybil,0.4,True,high,True,trust_stability_index,0.700652,0.006401,50,0.698878,0.702426
standard_marl_no_social,sybil,0.4,True,high,True,privacy_exposure_risk,0.500000,0.000000,50,0.500000,0.500000
standard_marl_no_social,sybil,0.4,True,high,True,candidate_privacy_risk,0.500000,0.000000,50,0.500000,0.500000
standard_marl_no_social,sybil,0.4,True,high,True,accepted_privacy_exposure,0.500000,0.000000,50,0.500000,0.500000
standard_marl_no_social,sybil,0.4,True,high,True,avg_trust,0.494956,0.008550,50,0.492586,0.497326
standard_marl_no_social,sybil,0.4,True,high,True,trust_variance,0.074837,0.001600,50,0.074393,0.075281
standard_marl_no_social,sybil,0.4,True,high,True,avg_preference,0.565613,0.006959,50,0.563684,0.567542
standard_marl_no_social,sybil,0.4,True,high,True,avg_reciprocity,0.545173,0.016416,50,0.540623,0.549724
standard_marl_no_social,sybil,0.4,True,high,True,avg_privacy_risk,0.500000,0.000000,50,0.500000,0.500000
standard_marl_no_social,sybil,0.4,True,high,True,avg_total_utility,0.861637,0.001188,50,0.861308,0.861966
standard_marl_no_social,sybil,0.4,True,high,True,avg_system_utility,0.735405,0.000929,50,0.735148,0.735663
standard_marl_no_social,sybil,0.4,True,high,True,avg_social_utility,0.500000,0.000000,50,0.500000,0.500000
standard_marl_no_social,sybil,0.4,True,high,True,avg_resource_utility,0.981842,0.000089,50,0.981817,0.981867
standard_marl_no_social,sybil,0.4,True,high,True,avg_privacy_utility,0.500000,0.000000,50,0.500000,0.500000
standard_marl_no_social,sybil,0.4,True,high,True,avg_incentive_utility,0.599570,0.000185,50,0.599518,0.599621
standard_marl_no_social,sybil,0.4,True,high,True,energy_consumed,0.064704,0.000474,50,0.064572,0.064835
standard_marl_no_social,sybil,0.4,True,high,True,bandwidth_consumed,0.274606,0.002576,50,0.273892,0.275320
standard_marl_no_social,sybil,0.4,True,high,True,compute_consumed,0.366465,0.003196,50,0.365579,0.367351
standard_marl_no_social,sybil,0.4,True,high,True,throughput_mbps,25.093120,0.721203,50,24.893213,25.293027
standard_marl_no_social,sybil,0.4,True,high,True,packet_delivery_ratio,0.447895,0.013094,50,0.444266,0.451525
standard_marl_no_social,sybil,0.4,True,high,True,e2e_delay_ms,92.338460,1.051942,50,92.046877,92.630044
standard_marl_no_social,sybil,0.4,True,high,True,active_nodes,50.000000,0.000000,50,50.000000,50.000000
standard_marl_no_social,sybil,0.4,True,high,True,reputation_honest,0.754482,0.033399,50,0.745225,0.763740
standard_marl_no_social,sybil,0.4,True,high,True,reputation_attacker,0.192010,0.009895,50,0.189268,0.194753
standard_marl_no_social,sybil,0.4,True,high,True,reputation_separation,0.562472,0.036986,50,0.552220,0.572724
standard_marl_no_social,sybil,0.4,True,high,True,attacker_defection_rate,0.932638,0.017290,50,0.927846,0.937431
standard_marl_no_social,sybil,0.4,True,high,True,decision_distortion,0.081130,0.007541,50,0.079039,0.083220
standard_marl_no_social,sybil,0.4,True,high,True,decision_distortion_evidenced,0.062924,0.010735,50,0.059949,0.065900
standard_marl_no_social,sybil,0.4,True,high,True,decision_distortion_counterfactual,0.091230,0.008327,50,0.088922,0.093538
standard_marl_no_social,sybil,0.4,True,high,True,decision_distortion_counterfactual_evidenced,0.080238,0.014311,50,0.076271,0.084204
standard_marl_no_social,whitewashing,0.1,True,high,True,generated_tasks,6.997640,0.028191,50,6.989826,7.005454
standard_marl_no_social,whitewashing,0.1,True,high,True,completed_tasks,4.443600,0.087695,50,4.419292,4.467908
standard_marl_no_social,whitewashing,0.1,True,high,True,attempted_interactions,6.997640,0.028191,50,6.989826,7.005454
standard_marl_no_social,whitewashing,0.1,True,high,True,successful_cooperations,4.443600,0.087695,50,4.419292,4.467908
standard_marl_no_social,whitewashing,0.1,True,high,True,failed_interactions,2.554040,0.085062,50,2.530462,2.577618
standard_marl_no_social,whitewashing,0.1,True,high,True,blocked_privacy_interactions,0.000000,0.000000,50,0.000000,0.000000
standard_marl_no_social,whitewashing,0.1,True,high,True,cooperation_rate,0.634706,0.012158,50,0.631336,0.638076
standard_marl_no_social,whitewashing,0.1,True,high,True,task_completion_ratio,0.634706,0.012158,50,0.631336,0.638076
standard_marl_no_social,whitewashing,0.1,True,high,True,reliability_score,0.634706,0.012158,50,0.631336,0.638076
standard_marl_no_social,whitewashing,0.1,True,high,True,resource_efficiency,0.614951,0.011793,50,0.611682,0.618220
standard_marl_no_social,whitewashing,0.1,True,high,True,fairness_index,0.897096,0.009406,50,0.894488,0.899703
standard_marl_no_social,whitewashing,0.1,True,high,True,trust_stability_index,0.734773,0.007303,50,0.732749,0.736798
standard_marl_no_social,whitewashing,0.1,True,high,True,privacy_exposure_risk,0.500000,0.000000,50,0.500000,0.500000
standard_marl_no_social,whitewashing,0.1,True,high,True,candidate_privacy_risk,0.500000,0.000000,50,0.500000,0.500000
standard_marl_no_social,whitewashing,0.1,True,high,True,accepted_privacy_exposure,0.500000,0.000000,50,0.500000,0.500000
standard_marl_no_social,whitewashing,0.1,True,high,True,avg_trust,0.609196,0.009268,50,0.606627,0.611765
standard_marl_no_social,whitewashing,0.1,True,high,True,trust_variance,0.066307,0.001826,50,0.065801,0.066813
standard_marl_no_social,whitewashing,0.1,True,high,True,avg_preference,0.654964,0.006918,50,0.653047,0.656882
standard_marl_no_social,whitewashing,0.1,True,high,True,avg_reciprocity,0.688269,0.014108,50,0.684358,0.692179
standard_marl_no_social,whitewashing,0.1,True,high,True,avg_privacy_risk,0.500000,0.000000,50,0.500000,0.500000
standard_marl_no_social,whitewashing,0.1,True,high,True,avg_total_utility,0.861821,0.001285,50,0.861465,0.862178
standard_marl_no_social,whitewashing,0.1,True,high,True,avg_system_utility,0.735552,0.001014,50,0.735271,0.735833
standard_marl_no_social,whitewashing,0.1,True,high,True,avg_social_utility,0.500000,0.000000,50,0.500000,0.500000
standard_marl_no_social,whitewashing,0.1,True,high,True,avg_resource_utility,0.981844,0.000088,50,0.981820,0.981869
standard_marl_no_social,whitewashing,0.1,True,high,True,avg_privacy_utility,0.500000,0.000000,50,0.500000,0.500000
standard_marl_no_social,whitewashing,0.1,True,high,True,avg_incentive_utility,0.599597,0.000200,50,0.599542,0.599653
standard_marl_no_social,whitewashing,0.1,True,high,True,energy_consumed,0.064676,0.000407,50,0.064564,0.064789
standard_marl_no_social,whitewashing,0.1,True,high,True,bandwidth_consumed,0.274393,0.002122,50,0.273805,0.274981
standard_marl_no_social,whitewashing,0.1,True,high,True,compute_consumed,0.366249,0.002994,50,0.365419,0.367079
standard_marl_no_social,whitewashing,0.1,True,high,True,throughput_mbps,35.548800,0.701562,50,35.354337,35.743263
standard_marl_no_social,whitewashing,0.1,True,high,True,packet_delivery_ratio,0.634706,0.012158,50,0.631336,0.638076
standard_marl_no_social,whitewashing,0.1,True,high,True,e2e_delay_ms,93.947932,0.682036,50,93.758881,94.136983
standard_marl_no_social,whitewashing,0.1,True,high,True,active_nodes,50.000000,0.000000,50,50.000000,50.000000
standard_marl_no_social,whitewashing,0.1,True,high,True,reputation_honest,0.754665,0.024918,50,0.747758,0.761572
standard_marl_no_social,whitewashing,0.1,True,high,True,reputation_attacker,0.250162,0.058759,50,0.233875,0.266449
standard_marl_no_social,whitewashing,0.1,True,high,True,reputation_separation,0.504503,0.061234,50,0.487530,0.521476
standard_marl_no_social,whitewashing,0.1,True,high,True,attacker_defection_rate,0.979177,0.007643,50,0.977059,0.981296
standard_marl_no_social,whitewashing,0.1,True,high,True,whitewash_events,60.000000,0.000000,50,60.000000,60.000000
standard_marl_no_social,whitewashing,0.1,True,high,True,decision_distortion,0.080084,0.003864,50,0.079013,0.081155
standard_marl_no_social,whitewashing,0.1,True,high,True,decision_distortion_evidenced,0.061872,0.005237,50,0.060420,0.063324
standard_marl_no_social,whitewashing,0.1,True,high,True,decision_distortion_counterfactual,0.089775,0.004196,50,0.088612,0.090938
standard_marl_no_social,whitewashing,0.1,True,high,True,decision_distortion_counterfactual_evidenced,0.078604,0.006620,50,0.076769,0.080440
standard_marl_no_social,whitewashing,0.2,True,high,True,generated_tasks,7.003840,0.038311,50,6.993221,7.014459
standard_marl_no_social,whitewashing,0.2,True,high,True,completed_tasks,3.985720,0.084625,50,3.962263,4.009177
standard_marl_no_social,whitewashing,0.2,True,high,True,attempted_interactions,7.003840,0.038311,50,6.993221,7.014459
standard_marl_no_social,whitewashing,0.2,True,high,True,successful_cooperations,3.985720,0.084625,50,3.962263,4.009177
standard_marl_no_social,whitewashing,0.2,True,high,True,failed_interactions,3.018120,0.089920,50,2.993195,3.043045
standard_marl_no_social,whitewashing,0.2,True,high,True,blocked_privacy_interactions,0.000000,0.000000,50,0.000000,0.000000
standard_marl_no_social,whitewashing,0.2,True,high,True,cooperation_rate,0.569231,0.012171,50,0.565857,0.572605
standard_marl_no_social,whitewashing,0.2,True,high,True,task_completion_ratio,0.569231,0.012171,50,0.565857,0.572605
standard_marl_no_social,whitewashing,0.2,True,high,True,reliability_score,0.569231,0.012171,50,0.565857,0.572605
standard_marl_no_social,whitewashing,0.2,True,high,True,resource_efficiency,0.551501,0.011826,50,0.548223,0.554779
standard_marl_no_social,whitewashing,0.2,True,high,True,fairness_index,0.859471,0.014463,50,0.855462,0.863480
standard_marl_no_social,whitewashing,0.2,True,high,True,trust_stability_index,0.725123,0.007535,50,0.723035,0.727212
standard_marl_no_social,whitewashing,0.2,True,high,True,privacy_exposure_risk,0.500000,0.000000,50,0.500000,0.500000
standard_marl_no_social,whitewashing,0.2,True,high,True,candidate_privacy_risk,0.500000,0.000000,50,0.500000,0.500000
standard_marl_no_social,whitewashing,0.2,True,high,True,accepted_privacy_exposure,0.500000,0.000000,50,0.500000,0.500000
standard_marl_no_social,whitewashing,0.2,True,high,True,avg_trust,0.600175,0.009557,50,0.597526,0.602825
standard_marl_no_social,whitewashing,0.2,True,high,True,trust_variance,0.068719,0.001884,50,0.068197,0.069241
standard_marl_no_social,whitewashing,0.2,True,high,True,avg_preference,0.649160,0.006778,50,0.647281,0.651038
standard_marl_no_social,whitewashing,0.2,True,high,True,avg_reciprocity,0.679875,0.011794,50,0.676606,0.683144
standard_marl_no_social,whitewashing,0.2,True,high,True,avg_privacy_risk,0.500000,0.000000,50,0.500000,0.500000
standard_marl_no_social,whitewashing,0.2,True,high,True,avg_total_utility,0.862031,0.001402,50,0.861642,0.862420
standard_marl_no_social,whitewashing,0.2,True,high,True,avg_system_utility,0.735712,0.001075,50,0.735413,0.736010
standard_marl_no_social,whitewashing,0.2,True,high,True,avg_social_utility,0.500000,0.000000,50,0.500000,0.500000
standard_marl_no_social,whitewashing,0.2,True,high,True,avg_resource_utility,0.981839,0.000095,50,0.981813,0.981866
standard_marl_no_social,whitewashing,0.2,True,high,True,avg_privacy_utility,0.500000,0.000000,50,0.500000,0.500000
standard_marl_no_social,whitewashing,0.2,True,high,True,avg_incentive_utility,0.599624,0.000206,50,0.599567,0.599681
standard_marl_no_social,whitewashing,0.2,True,high,True,energy_consumed,0.064688,0.000450,50,0.064563,0.064812
standard_marl_no_social,whitewashing,0.2,True,high,True,bandwidth_consumed,0.274781,0.002630,50,0.274052,0.275510
standard_marl_no_social,whitewashing,0.2,True,high,True,compute_consumed,0.366565,0.003641,50,0.365556,0.367574
standard_marl_no_social,whitewashing,0.2,True,high,True,throughput_mbps,31.885760,0.676996,50,31.698106,32.073414
standard_marl_no_social,whitewashing,0.2,True,high,True,packet_delivery_ratio,0.569231,0.012171,50,0.565857,0.572605
standard_marl_no_social,whitewashing,0.2,True,high,True,e2e_delay_ms,93.727968,0.706057,50,93.532259,93.923677
standard_marl_no_social,whitewashing,0.2,True,high,True,active_nodes,50.000000,0.000000,50,50.000000,50.000000
standard_marl_no_social,whitewashing,0.2,True,high,True,reputation_honest,0.746147,0.030486,50,0.737696,0.754597
standard_marl_no_social,whitewashing,0.2,True,high,True,reputation_attacker,0.270754,0.041760,50,0.259179,0.282329
standard_marl_no_social,whitewashing,0.2,True,high,True,reputation_separation,0.475393,0.055134,50,0.460110,0.490675
standard_marl_no_social,whitewashing,0.2,True,high,True,attacker_defection_rate,0.979257,0.004829,50,0.977918,0.980595
standard_marl_no_social,whitewashing,0.2,True,high,True,whitewash_events,120.000000,0.000000,50,120.000000,120.000000
standard_marl_no_social,whitewashing,0.2,True,high,True,decision_distortion,0.079286,0.003871,50,0.078213,0.080359
standard_marl_no_social,whitewashing,0.2,True,high,True,decision_distortion_evidenced,0.061173,0.006882,50,0.059265,0.063080
standard_marl_no_social,whitewashing,0.2,True,high,True,decision_distortion_counterfactual,0.089222,0.005135,50,0.087799,0.090645
standard_marl_no_social,whitewashing,0.2,True,high,True,decision_distortion_counterfactual_evidenced,0.078127,0.009569,50,0.075475,0.080779
standard_marl_no_social,whitewashing,0.3,True,high,True,generated_tasks,7.003480,0.029304,50,6.995357,7.011603
standard_marl_no_social,whitewashing,0.3,True,high,True,completed_tasks,3.490080,0.097319,50,3.463105,3.517055
standard_marl_no_social,whitewashing,0.3,True,high,True,attempted_interactions,7.003480,0.029304,50,6.995357,7.011603
standard_marl_no_social,whitewashing,0.3,True,high,True,successful_cooperations,3.490080,0.097319,50,3.463105,3.517055
standard_marl_no_social,whitewashing,0.3,True,high,True,failed_interactions,3.513400,0.104000,50,3.484573,3.542227
standard_marl_no_social,whitewashing,0.3,True,high,True,blocked_privacy_interactions,0.000000,0.000000,50,0.000000,0.000000
standard_marl_no_social,whitewashing,0.3,True,high,True,cooperation_rate,0.498266,0.014268,50,0.494311,0.502221
standard_marl_no_social,whitewashing,0.3,True,high,True,task_completion_ratio,0.498266,0.014268,50,0.494311,0.502221
standard_marl_no_social,whitewashing,0.3,True,high,True,reliability_score,0.498266,0.014268,50,0.494311,0.502221
standard_marl_no_social,whitewashing,0.3,True,high,True,resource_efficiency,0.482752,0.013828,50,0.478919,0.486585
standard_marl_no_social,whitewashing,0.3,True,high,True,fairness_index,0.819002,0.019038,50,0.813725,0.824279
standard_marl_no_social,whitewashing,0.3,True,high,True,trust_stability_index,0.713466,0.008298,50,0.711166,0.715766
standard_marl_no_social,whitewashing,0.3,True,high,True,privacy_exposure_risk,0.500000,0.000000,50,0.500000,0.500000
standard_marl_no_social,whitewashing,0.3,True,high,True,candidate_privacy_risk,0.500000,0.000000,50,0.500000,0.500000
standard_marl_no_social,whitewashing,0.3,True,high,True,accepted_privacy_exposure,0.500000,0.000000,50,0.500000,0.500000
standard_marl_no_social,whitewashing,0.3,True,high,True,avg_trust,0.592166,0.012550,50,0.588687,0.595645
standard_marl_no_social,whitewashing,0.3,True,high,True,trust_variance,0.071633,0.002075,50,0.071058,0.072209
standard_marl_no_social,whitewashing,0.3,True,high,True,avg_preference,0.643952,0.009601,50,0.641291,0.646613
standard_marl_no_social,whitewashing,0.3,True,high,True,avg_reciprocity,0.663178,0.015880,50,0.658776,0.667580
standard_marl_no_social,whitewashing,0.3,True,high,True,avg_privacy_risk,0.500000,0.000000,50,0.500000,0.500000
standard_marl_no_social,whitewashing,0.3,True,high,True,avg_total_utility,0.861771,0.001121,50,0.861460,0.862082
standard_marl_no_social,whitewashing,0.3,True,high,True,avg_system_utility,0.735493,0.000853,50,0.735256,0.735729
standard_marl_no_social,whitewashing,0.3,True,high,True,avg_social_utility,0.500000,0.000000,50,0.500000,0.500000
standard_marl_no_social,whitewashing,0.3,True,high,True,avg_resource_utility,0.981831,0.000078,50,0.981809,0.981852
standard_marl_no_social,whitewashing,0.3,True,high,True,avg_privacy_utility,0.500000,0.000000,50,0.500000,0.500000
standard_marl_no_social,whitewashing,0.3,True,high,True,avg_incentive_utility,0.599578,0.000163,50,0.599533,0.599624
standard_marl_no_social,whitewashing,0.3,True,high,True,energy_consumed,0.064784,0.000387,50,0.064677,0.064892
standard_marl_no_social,whitewashing,0.3,True,high,True,bandwidth_consumed,0.275048,0.001771,50,0.274557,0.275539
standard_marl_no_social,whitewashing,0.3,True,high,True,compute_consumed,0.366474,0.003081,50,0.365620,0.367328
standard_marl_no_social,whitewashing,0.3,True,high,True,throughput_mbps,27.920640,0.778553,50,27.704836,28.136444
standard_marl_no_social,whitewashing,0.3,True,high,True,packet_delivery_ratio,0.498266,0.014268,50,0.494311,0.502221
standard_marl_no_social,whitewashing,0.3,True,high,True,e2e_delay_ms,93.291854,0.810216,50,93.067274,93.516435
standard_marl_no_social,whitewashing,0.3,True,high,True,active_nodes,50.000000,0.000000,50,50.000000,50.000000
standard_marl_no_social,whitewashing,0.3,True,high,True,reputation_honest,0.741223,0.035553,50,0.731368,0.751078
standard_marl_no_social,whitewashing,0.3,True,high,True,reputation_attacker,0.274595,0.035521,50,0.264749,0.284441
standard_marl_no_social,whitewashing,0.3,True,high,True,reputation_separation,0.466628,0.047718,50,0.453401,0.479854
standard_marl_no_social,whitewashing,0.3,True,high,True,attacker_defection_rate,0.979286,0.004253,50,0.978107,0.980464
standard_marl_no_social,whitewashing,0.3,True,high,True,whitewash_events,180.000000,0.000000,50,180.000000,180.000000
standard_marl_no_social,whitewashing,0.3,True,high,True,decision_distortion,0.079217,0.005360,50,0.077731,0.080702
standard_marl_no_social,whitewashing,0.3,True,high,True,decision_distortion_evidenced,0.060087,0.006910,50,0.058172,0.062002
standard_marl_no_social,whitewashing,0.3,True,high,True,decision_distortion_counterfactual,0.088654,0.006165,50,0.086946,0.090363
standard_marl_no_social,whitewashing,0.3,True,high,True,decision_distortion_counterfactual_evidenced,0.076457,0.009228,50,0.073899,0.079015
standard_marl_no_social,whitewashing,0.4,True,high,True,generated_tasks,7.001520,0.035751,50,6.991610,7.011430
standard_marl_no_social,whitewashing,0.4,True,high,True,completed_tasks,3.006360,0.089265,50,2.981617,3.031103
standard_marl_no_social,whitewashing,0.4,True,high,True,attempted_interactions,7.001520,0.035751,50,6.991610,7.011430
standard_marl_no_social,whitewashing,0.4,True,high,True,successful_cooperations,3.006360,0.089265,50,2.981617,3.031103
standard_marl_no_social,whitewashing,0.4,True,high,True,failed_interactions,3.995160,0.092767,50,3.969446,4.020874
standard_marl_no_social,whitewashing,0.4,True,high,True,blocked_privacy_interactions,0.000000,0.000000,50,0.000000,0.000000
standard_marl_no_social,whitewashing,0.4,True,high,True,cooperation_rate,0.429273,0.012829,50,0.425718,0.432829
standard_marl_no_social,whitewashing,0.4,True,high,True,task_completion_ratio,0.429273,0.012829,50,0.425718,0.432829
standard_marl_no_social,whitewashing,0.4,True,high,True,reliability_score,0.429273,0.012829,50,0.425718,0.432829
standard_marl_no_social,whitewashing,0.4,True,high,True,resource_efficiency,0.415905,0.012436,50,0.412458,0.419352
standard_marl_no_social,whitewashing,0.4,True,high,True,fairness_index,0.770492,0.017277,50,0.765703,0.775281
standard_marl_no_social,whitewashing,0.4,True,high,True,trust_stability_index,0.697945,0.009598,50,0.695284,0.700605
standard_marl_no_social,whitewashing,0.4,True,high,True,privacy_exposure_risk,0.500000,0.000000,50,0.500000,0.500000
standard_marl_no_social,whitewashing,0.4,True,high,True,candidate_privacy_risk,0.500000,0.000000,50,0.500000,0.500000
standard_marl_no_social,whitewashing,0.4,True,high,True,accepted_privacy_exposure,0.500000,0.000000,50,0.500000,0.500000
standard_marl_no_social,whitewashing,0.4,True,high,True,avg_trust,0.572497,0.013115,50,0.568862,0.576133
standard_marl_no_social,whitewashing,0.4,True,high,True,trust_variance,0.075514,0.002400,50,0.074849,0.076179
standard_marl_no_social,whitewashing,0.4,True,high,True,avg_preference,0.629515,0.009032,50,0.627011,0.632018
standard_marl_no_social,whitewashing,0.4,True,high,True,avg_reciprocity,0.634107,0.015525,50,0.629804,0.638411
standard_marl_no_social,whitewashing,0.4,True,high,True,avg_privacy_risk,0.500000,0.000000,50,0.500000,0.500000
standard_marl_no_social,whitewashing,0.4,True,high,True,avg_total_utility,0.861637,0.001188,50,0.861308,0.861966
standard_marl_no_social,whitewashing,0.4,True,high,True,avg_system_utility,0.735405,0.000929,50,0.735148,0.735663
standard_marl_no_social,whitewashing,0.4,True,high,True,avg_social_utility,0.500000,0.000000,50,0.500000,0.500000
standard_marl_no_social,whitewashing,0.4,True,high,True,avg_resource_utility,0.981842,0.000089,50,0.981817,0.981867
standard_marl_no_social,whitewashing,0.4,True,high,True,avg_privacy_utility,0.500000,0.000000,50,0.500000,0.500000
standard_marl_no_social,whitewashing,0.4,True,high,True,avg_incentive_utility,0.599570,0.000185,50,0.599518,0.599621
standard_marl_no_social,whitewashing,0.4,True,high,True,energy_consumed,0.064704,0.000474,50,0.064572,0.064835
standard_marl_no_social,whitewashing,0.4,True,high,True,bandwidth_consumed,0.274606,0.002576,50,0.273892,0.275320
standard_marl_no_social,whitewashing,0.4,True,high,True,compute_consumed,0.366465,0.003196,50,0.365579,0.367351
standard_marl_no_social,whitewashing,0.4,True,high,True,throughput_mbps,24.050880,0.714122,50,23.852936,24.248824
standard_marl_no_social,whitewashing,0.4,True,high,True,packet_delivery_ratio,0.429273,0.012829,50,0.425718,0.432829
standard_marl_no_social,whitewashing,0.4,True,high,True,e2e_delay_ms,91.918185,1.023314,50,91.634536,92.201833
standard_marl_no_social,whitewashing,0.4,True,high,True,active_nodes,50.000000,0.000000,50,50.000000,50.000000
standard_marl_no_social,whitewashing,0.4,True,high,True,reputation_honest,0.726162,0.043182,50,0.714193,0.738132
standard_marl_no_social,whitewashing,0.4,True,high,True,reputation_attacker,0.273318,0.028586,50,0.265394,0.281241
standard_marl_no_social,whitewashing,0.4,True,high,True,reputation_separation,0.452844,0.052016,50,0.438426,0.467262
standard_marl_no_social,whitewashing,0.4,True,high,True,attacker_defection_rate,0.979168,0.003720,50,0.978137,0.980199
standard_marl_no_social,whitewashing,0.4,True,high,True,whitewash_events,240.000000,0.000000,50,240.000000,240.000000
standard_marl_no_social,whitewashing,0.4,True,high,True,decision_distortion,0.080581,0.007224,50,0.078579,0.082584
standard_marl_no_social,whitewashing,0.4,True,high,True,decision_distortion_evidenced,0.062764,0.011229,50,0.059652,0.065876
standard_marl_no_social,whitewashing,0.4,True,high,True,decision_distortion_counterfactual,0.090479,0.007926,50,0.088282,0.092676
standard_marl_no_social,whitewashing,0.4,True,high,True,decision_distortion_counterfactual_evidenced,0.079653,0.014373,50,0.075669,0.083637
trust_unaware,bad_mouthing,0.1,True,high,True,generated_tasks,7.005240,0.032798,50,6.996149,7.014331
trust_unaware,bad_mouthing,0.1,True,high,True,completed_tasks,4.522720,0.088919,50,4.498073,4.547367
trust_unaware,bad_mouthing,0.1,True,high,True,attempted_interactions,6.707240,0.082689,50,6.684320,6.730160
trust_unaware,bad_mouthing,0.1,True,high,True,successful_cooperations,4.522720,0.088919,50,4.498073,4.547367
trust_unaware,bad_mouthing,0.1,True,high,True,failed_interactions,2.184520,0.058089,50,2.168419,2.200621
trust_unaware,bad_mouthing,0.1,True,high,True,blocked_privacy_interactions,0.297480,0.075177,50,0.276642,0.318318
trust_unaware,bad_mouthing,0.1,True,high,True,cooperation_rate,0.674254,0.008519,50,0.671892,0.676615
trust_unaware,bad_mouthing,0.1,True,high,True,task_completion_ratio,0.645731,0.012433,50,0.642285,0.649178
trust_unaware,bad_mouthing,0.1,True,high,True,reliability_score,0.645784,0.012441,50,0.642335,0.649232
trust_unaware,bad_mouthing,0.1,True,high,True,resource_efficiency,0.626321,0.011939,50,0.623012,0.629630
trust_unaware,bad_mouthing,0.1,True,high,True,fairness_index,0.860436,0.012961,50,0.856844,0.864029
trust_unaware,bad_mouthing,0.1,True,high,True,trust_stability_index,0.693691,0.005703,50,0.692110,0.695272
trust_unaware,bad_mouthing,0.1,True,high,True,privacy_exposure_risk,0.457910,0.007085,50,0.455946,0.459874
trust_unaware,bad_mouthing,0.1,True,high,True,candidate_privacy_risk,0.536842,0.007000,50,0.534902,0.538782
trust_unaware,bad_mouthing,0.1,True,high,True,accepted_privacy_exposure,0.457910,0.007085,50,0.455946,0.459874
trust_unaware,bad_mouthing,0.1,True,high,True,avg_trust,0.510322,0.008752,50,0.507896,0.512748
trust_unaware,bad_mouthing,0.1,True,high,True,trust_variance,0.076577,0.001426,50,0.076182,0.076973
trust_unaware,bad_mouthing,0.1,True,high,True,avg_preference,0.590295,0.006105,50,0.588602,0.591987
trust_unaware,bad_mouthing,0.1,True,high,True,avg_reciprocity,0.552532,0.010892,50,0.549512,0.555551
trust_unaware,bad_mouthing,0.1,True,high,True,avg_privacy_risk,0.435926,0.007674,50,0.433799,0.438053
trust_unaware,bad_mouthing,0.1,True,high,True,avg_total_utility,0.738189,0.001898,50,0.737663,0.738715
trust_unaware,bad_mouthing,0.1,True,high,True,avg_system_utility,0.714082,0.001529,50,0.713658,0.714506
trust_unaware,bad_mouthing,0.1,True,high,True,avg_social_utility,0.457691,0.003485,50,0.456725,0.458657
trust_unaware,bad_mouthing,0.1,True,high,True,avg_resource_utility,0.981845,0.000082,50,0.981822,0.981868
trust_unaware,bad_mouthing,0.1,True,high,True,avg_privacy_utility,0.542090,0.007085,50,0.540126,0.544054
trust_unaware,bad_mouthing,0.1,True,high,True,avg_incentive_utility,0.714904,0.002934,50,0.714091,0.715717
trust_unaware,bad_mouthing,0.1,True,high,True,energy_consumed,0.062066,0.000828,50,0.061836,0.062295
trust_unaware,bad_mouthing,0.1,True,high,True,bandwidth_consumed,0.263156,0.003411,50,0.262211,0.264101
trust_unaware,bad_mouthing,0.1,True,high,True,compute_consumed,0.350783,0.005205,50,0.349341,0.352226
trust_unaware,bad_mouthing,0.1,True,high,True,throughput_mbps,36.181760,0.711351,50,35.984583,36.378937
trust_unaware,bad_mouthing,0.1,True,high,True,packet_delivery_ratio,0.674254,0.008519,50,0.671892,0.676615
trust_unaware,bad_mouthing,0.1,True,high,True,e2e_delay_ms,95.825131,0.681923,50,95.636111,96.014150
trust_unaware,bad_mouthing,0.1,True,high,True,active_nodes,49.994440,0.008517,50,49.992079,49.996801
trust_unaware,bad_mouthing,0.1,True,high,True,reputation_honest,0.408482,0.034969,50,0.398789,0.418175
trust_unaware,bad_mouthing,0.1,True,high,True,reputation_attacker,0.501156,0.113384,50,0.469727,0.532584
trust_unaware,bad_mouthing,0.1,True,high,True,reputation_separation,-0.092674,0.124508,50,-0.127186,-0.058162
trust_unaware,bad_mouthing,0.1,True,high,True,attacker_defection_rate,0.000000,0.000000,50,0.000000,0.000000
trust_unaware,bad_mouthing,0.1,True,high,True,decision_distortion,0.079054,0.003828,50,0.077993,0.080115
trust_unaware,bad_mouthing,0.1,True,high,True,decision_distortion_evidenced,0.071133,0.004779,50,0.069808,0.072458
trust_unaware,bad_mouthing,0.1,True,high,True,decision_distortion_counterfactual,0.089492,0.004611,50,0.088214,0.090770
trust_unaware,bad_mouthing,0.1,True,high,True,decision_distortion_counterfactual_evidenced,0.090140,0.006857,50,0.088240,0.092041
trust_unaware,bad_mouthing,0.2,True,high,True,generated_tasks,6.997520,0.039297,50,6.986627,7.008413
trust_unaware,bad_mouthing,0.2,True,high,True,completed_tasks,4.481120,0.079301,50,4.459139,4.503101
trust_unaware,bad_mouthing,0.2,True,high,True,attempted_interactions,6.641920,0.081838,50,6.619236,6.664604
trust_unaware,bad_mouthing,0.2,True,high,True,successful_cooperations,4.481120,0.079301,50,4.459139,4.503101
trust_unaware,bad_mouthing,0.2,True,high,True,failed_interactions,2.160800,0.053930,50,2.145851,2.175749
trust_unaware,bad_mouthing,0.2,True,high,True,blocked_privacy_interactions,0.354760,0.068968,50,0.335643,0.373877
trust_unaware,bad_mouthing,0.2,True,high,True,cooperation_rate,0.674909,0.007653,50,0.672788,0.677030
trust_unaware,bad_mouthing,0.2,True,high,True,task_completion_ratio,0.640607,0.010035,50,0.637825,0.643389
trust_unaware,bad_mouthing,0.2,True,high,True,reliability_score,0.640684,0.009987,50,0.637916,0.643453
trust_unaware,bad_mouthing,0.2,True,high,True,resource_efficiency,0.621482,0.009634,50,0.618812,0.624152
trust_unaware,bad_mouthing,0.2,True,high,True,fairness_index,0.855156,0.012086,50,0.851806,0.858506
trust_unaware,bad_mouthing,0.2,True,high,True,trust_stability_index,0.694037,0.004578,50,0.692768,0.695306
trust_unaware,bad_mouthing,0.2,True,high,True,privacy_exposure_risk,0.467944,0.006008,50,0.466279,0.469609
trust_unaware,bad_mouthing,0.2,True,high,True,candidate_privacy_risk,0.550867,0.004649,50,0.549578,0.552155
trust_unaware,bad_mouthing,0.2,True,high,True,accepted_privacy_exposure,0.467944,0.006008,50,0.466279,0.469609
trust_unaware,bad_mouthing,0.2,True,high,True,avg_trust,0.514642,0.008349,50,0.512328,0.516956
trust_unaware,bad_mouthing,0.2,True,high,True,trust_variance,0.076491,0.001144,50,0.076174,0.076808
trust_unaware,bad_mouthing,0.2,True,high,True,avg_preference,0.593096,0.006674,50,0.591246,0.594946
trust_unaware,bad_mouthing,0.2,True,high,True,avg_reciprocity,0.558626,0.015220,50,0.554407,0.562844
trust_unaware,bad_mouthing,0.2,True,high,True,avg_privacy_risk,0.441285,0.007965,50,0.439078,0.443493
trust_unaware,bad_mouthing,0.2,True,high,True,avg_total_utility,0.735152,0.001371,50,0.734772,0.735532
trust_unaware,bad_mouthing,0.2,True,high,True,avg_system_utility,0.713548,0.001571,50,0.713113,0.713983
trust_unaware,bad_mouthing,0.2,True,high,True,avg_social_utility,0.456805,0.003048,50,0.455961,0.457650
trust_unaware,bad_mouthing,0.2,True,high,True,avg_resource_utility,0.981832,0.000081,50,0.981809,0.981854
trust_unaware,bad_mouthing,0.2,True,high,True,avg_privacy_utility,0.532056,0.006008,50,0.530391,0.533721
trust_unaware,bad_mouthing,0.2,True,high,True,avg_incentive_utility,0.713079,0.003040,50,0.712236,0.713921
trust_unaware,bad_mouthing,0.2,True,high,True,energy_consumed,0.061378,0.000838,50,0.061145,0.061610
trust_unaware,bad_mouthing,0.2,True,high,True,bandwidth_consumed,0.260621,0.003512,50,0.259648,0.261595
trust_unaware,bad_mouthing,0.2,True,high,True,compute_consumed,0.347930,0.004999,50,0.346545,0.349316
trust_unaware,bad_mouthing,0.2,True,high,True,throughput_mbps,35.848960,0.634410,50,35.673111,36.024809
trust_unaware,bad_mouthing,0.2,True,high,True,packet_delivery_ratio,0.674909,0.007653,50,0.672788,0.677030
trust_unaware,bad_mouthing,0.2,True,high,True,e2e_delay_ms,95.901748,0.605098,50,95.734024,96.069473
trust_unaware,bad_mouthing,0.2,True,high,True,active_nodes,49.988000,0.014131,50,49.984083,49.991917
trust_unaware,bad_mouthing,0.2,True,high,True,reputation_honest,0.313770,0.031514,50,0.305035,0.322505
trust_unaware,bad_mouthing,0.2,True,high,True,reputation_attacker,0.542395,0.070986,50,0.522719,0.562072
trust_unaware,bad_mouthing,0.2,True,high,True,reputation_separation,-0.228625,0.093562,50,-0.254559,-0.202691
trust_unaware,bad_mouthing,0.2,True,high,True,attacker_defection_rate,0.000000,0.000000,50,0.000000,0.000000
trust_unaware,bad_mouthing,0.2,True,high,True,decision_distortion,0.087923,0.006310,50,0.086174,0.089672
trust_unaware,bad_mouthing,0.2,True,high,True,decision_distortion_evidenced,0.076963,0.008289,50,0.074666,0.079261
trust_unaware,bad_mouthing,0.2,True,high,True,decision_distortion_counterfactual,0.099444,0.007674,50,0.097316,0.101571
trust_unaware,bad_mouthing,0.2,True,high,True,decision_distortion_counterfactual_evidenced,0.099356,0.012473,50,0.095899,0.102814
trust_unaware,bad_mouthing,0.3,True,high,True,generated_tasks,7.000000,0.035843,50,6.990065,7.009935
trust_unaware,bad_mouthing,0.3,True,high,True,completed_tasks,4.438320,0.074935,50,4.417549,4.459091
trust_unaware,bad_mouthing,0.3,True,high,True,attempted_interactions,6.601120,0.094396,50,6.574955,6.627285
trust_unaware,bad_mouthing,0.3,True,high,True,successful_cooperations,4.438320,0.074935,50,4.417549,4.459091
trust_unaware,bad_mouthing,0.3,True,high,True,failed_interactions,2.162800,0.058978,50,2.146452,2.179148
trust_unaware,bad_mouthing,0.3,True,high,True,blocked_privacy_interactions,0.397520,0.082642,50,0.374613,0.420427
trust_unaware,bad_mouthing,0.3,True,high,True,cooperation_rate,0.672348,0.007428,50,0.670290,0.674407
trust_unaware,bad_mouthing,0.3,True,high,True,task_completion_ratio,0.633934,0.009724,50,0.631239,0.636630
trust_unaware,bad_mouthing,0.3,True,high,True,reliability_score,0.634047,0.009794,50,0.631332,0.636762
trust_unaware,bad_mouthing,0.3,True,high,True,resource_efficiency,0.615079,0.009312,50,0.612498,0.617660
trust_unaware,bad_mouthing,0.3,True,high,True,fairness_index,0.848385,0.014545,50,0.844353,0.852417
trust_unaware,bad_mouthing,0.3,True,high,True,trust_stability_index,0.694620,0.005008,50,0.693232,0.696008
trust_unaware,bad_mouthing,0.3,True,high,True,privacy_exposure_risk,0.472121,0.006977,50,0.470187,0.474055
trust_unaware,bad_mouthing,0.3,True,high,True,candidate_privacy_risk,0.561319,0.005197,50,0.559878,0.562760
trust_unaware,bad_mouthing,0.3,True,high,True,accepted_privacy_exposure,0.472121,0.006977,50,0.470187,0.474055
trust_unaware,bad_mouthing,0.3,True,high,True,avg_trust,0.519158,0.008908,50,0.516689,0.521627
trust_unaware,bad_mouthing,0.3,True,high,True,trust_variance,0.076345,0.001252,50,0.075998,0.076692
trust_unaware,bad_mouthing,0.3,True,high,True,avg_preference,0.595007,0.006894,50,0.593096,0.596918
trust_unaware,bad_mouthing,0.3,True,high,True,avg_reciprocity,0.557902,0.014384,50,0.553915,0.561889
trust_unaware,bad_mouthing,0.3,True,high,True,avg_privacy_risk,0.441925,0.008983,50,0.439436,0.444415
trust_unaware,bad_mouthing,0.3,True,high,True,avg_total_utility,0.733107,0.001754,50,0.732621,0.733593
trust_unaware,bad_mouthing,0.3,True,high,True,avg_system_utility,0.712063,0.001743,50,0.711580,0.712546
trust_unaware,bad_mouthing,0.3,True,high,True,avg_social_utility,0.454109,0.003281,50,0.453199,0.455018
trust_unaware,bad_mouthing,0.3,True,high,True,avg_resource_utility,0.981811,0.000088,50,0.981786,0.981835
trust_unaware,bad_mouthing,0.3,True,high,True,avg_privacy_utility,0.527879,0.006977,50,0.525945,0.529813
trust_unaware,bad_mouthing,0.3,True,high,True,avg_incentive_utility,0.710327,0.003605,50,0.709328,0.711326
trust_unaware,bad_mouthing,0.3,True,high,True,energy_consumed,0.061065,0.000906,50,0.060814,0.061316
trust_unaware,bad_mouthing,0.3,True,high,True,bandwidth_consumed,0.259252,0.003937,50,0.258161,0.260344
trust_unaware,bad_mouthing,0.3,True,high,True,compute_consumed,0.346224,0.005446,50,0.344715,0.347734
trust_unaware,bad_mouthing,0.3,True,high,True,throughput_mbps,35.506560,0.599479,50,35.340393,35.672727
trust_unaware,bad_mouthing,0.3,True,high,True,packet_delivery_ratio,0.672348,0.007428,50,0.670290,0.674407
trust_unaware,bad_mouthing,0.3,True,high,True,e2e_delay_ms,95.817874,0.622706,50,95.645269,95.990480
trust_unaware,bad_mouthing,0.3,True,high,True,active_nodes,49.981400,0.016764,50,49.976753,49.986047
trust_unaware,bad_mouthing,0.3,True,high,True,reputation_honest,0.227947,0.040345,50,0.216764,0.239130
trust_unaware,bad_mouthing,0.3,True,high,True,reputation_attacker,0.556914,0.074131,50,0.536366,0.577462
trust_unaware,bad_mouthing,0.3,True,high,True,reputation_separation,-0.328968,0.099638,50,-0.356586,-0.301349
trust_unaware,bad_mouthing,0.3,True,high,True,attacker_defection_rate,0.000000,0.000000,50,0.000000,0.000000
trust_unaware,bad_mouthing,0.3,True,high,True,decision_distortion,0.102737,0.006509,50,0.100933,0.104541
trust_unaware,bad_mouthing,0.3,True,high,True,decision_distortion_evidenced,0.084195,0.009852,50,0.081464,0.086926
trust_unaware,bad_mouthing,0.3,True,high,True,decision_distortion_counterfactual,0.114430,0.008097,50,0.112186,0.116674
trust_unaware,bad_mouthing,0.3,True,high,True,decision_distortion_counterfactual_evidenced,0.110559,0.014793,50,0.106459,0.114660
trust_unaware,bad_mouthing,0.4,True,high,True,generated_tasks,6.998920,0.037362,50,6.988564,7.009276
trust_unaware,bad_mouthing,0.4,True,high,True,completed_tasks,4.439760,0.080628,50,4.417411,4.462109
trust_unaware,bad_mouthing,0.4,True,high,True,attempted_interactions,6.607120,0.077076,50,6.585756,6.628484
trust_unaware,bad_mouthing,0.4,True,high,True,successful_cooperations,4.439760,0.080628,50,4.417411,4.462109
trust_unaware,bad_mouthing,0.4,True,high,True,failed_interactions,2.167360,0.056558,50,2.151683,2.183037
trust_unaware,bad_mouthing,0.4,True,high,True,blocked_privacy_interactions,0.390360,0.071454,50,0.370554,0.410166
trust_unaware,bad_mouthing,0.4,True,high,True,cooperation_rate,0.671723,0.008049,50,0.669491,0.673954
trust_unaware,bad_mouthing,0.4,True,high,True,task_completion_ratio,0.634249,0.010338,50,0.631384,0.637115
trust_unaware,bad_mouthing,0.4,True,high,True,reliability_score,0.634380,0.010341,50,0.631513,0.637246
trust_unaware,bad_mouthing,0.4,True,high,True,resource_efficiency,0.615368,0.009931,50,0.612616,0.618121
trust_unaware,bad_mouthing,0.4,True,high,True,fairness_index,0.846601,0.016107,50,0.842136,0.851066
trust_unaware,bad_mouthing,0.4,True,high,True,trust_stability_index,0.694771,0.004483,50,0.693529,0.696014
trust_unaware,bad_mouthing,0.4,True,high,True,privacy_exposure_risk,0.471847,0.006221,50,0.470123,0.473571
trust_unaware,bad_mouthing,0.4,True,high,True,candidate_privacy_risk,0.563247,0.004931,50,0.561880,0.564614
trust_unaware,bad_mouthing,0.4,True,high,True,accepted_privacy_exposure,0.471847,0.006221,50,0.470123,0.473571
trust_unaware,bad_mouthing,0.4,True,high,True,avg_trust,0.520746,0.007931,50,0.518548,0.522945
trust_unaware,bad_mouthing,0.4,True,high,True,trust_variance,0.076307,0.001121,50,0.075996,0.076618
trust_unaware,bad_mouthing,0.4,True,high,True,avg_preference,0.595572,0.006249,50,0.593840,0.597304
trust_unaware,bad_mouthing,0.4,True,high,True,avg_reciprocity,0.557637,0.014714,50,0.553559,0.561716
trust_unaware,bad_mouthing,0.4,True,high,True,avg_privacy_risk,0.442479,0.007946,50,0.440276,0.444681
trust_unaware,bad_mouthing,0.4,True,high,True,avg_total_utility,0.732809,0.001584,50,0.732370,0.733249
trust_unaware,bad_mouthing,0.4,True,high,True,avg_system_utility,0.711708,0.001620,50,0.711259,0.712157
trust_unaware,bad_mouthing,0.4,True,high,True,avg_social_utility,0.453280,0.002789,50,0.452507,0.454053
trust_unaware,bad_mouthing,0.4,True,high,True,avg_resource_utility,0.981800,0.000087,50,0.981776,0.981824
trust_unaware,bad_mouthing,0.4,True,high,True,avg_privacy_utility,0.528153,0.006221,50,0.526429,0.529877
trust_unaware,bad_mouthing,0.4,True,high,True,avg_incentive_utility,0.709044,0.002819,50,0.708262,0.709825
trust_unaware,bad_mouthing,0.4,True,high,True,energy_consumed,0.061138,0.000751,50,0.060930,0.061347
trust_unaware,bad_mouthing,0.4,True,high,True,bandwidth_consumed,0.260053,0.003004,50,0.259220,0.260886
trust_unaware,bad_mouthing,0.4,True,high,True,compute_consumed,0.346017,0.004510,50,0.344767,0.347267
trust_unaware,bad_mouthing,0.4,True,high,True,throughput_mbps,35.518080,0.645022,50,35.339289,35.696871
trust_unaware,bad_mouthing,0.4,True,high,True,packet_delivery_ratio,0.671723,0.008049,50,0.669491,0.673954
trust_unaware,bad_mouthing,0.4,True,high,True,e2e_delay_ms,95.919801,0.664385,50,95.735643,96.103959
trust_unaware,bad_mouthing,0.4,True,high,True,active_nodes,49.980920,0.015878,50,49.976519,49.985321
trust_unaware,bad_mouthing,0.4,True,high,True,reputation_honest,0.160787,0.026917,50,0.153326,0.168248
trust_unaware,bad_mouthing,0.4,True,high,True,reputation_attacker,0.557529,0.062289,50,0.540264,0.574795
trust_unaware,bad_mouthing,0.4,True,high,True,reputation_separation,-0.396743,0.071859,50,-0.416661,-0.376824
trust_unaware,bad_mouthing,0.4,True,high,True,attacker_defection_rate,0.000000,0.000000,50,0.000000,0.000000
trust_unaware,bad_mouthing,0.4,True,high,True,decision_distortion,0.115621,0.007394,50,0.113571,0.117670
trust_unaware,bad_mouthing,0.4,True,high,True,decision_distortion_evidenced,0.092476,0.013377,50,0.088768,0.096184
trust_unaware,bad_mouthing,0.4,True,high,True,decision_distortion_counterfactual,0.127887,0.008772,50,0.125456,0.130318
trust_unaware,bad_mouthing,0.4,True,high,True,decision_distortion_counterfactual_evidenced,0.124225,0.017627,50,0.119339,0.129111
trust_unaware,ballot_stuffing,0.1,True,high,True,generated_tasks,6.994680,0.040905,50,6.983342,7.006018
trust_unaware,ballot_stuffing,0.1,True,high,True,completed_tasks,4.575000,0.070808,50,4.555373,4.594627
trust_unaware,ballot_stuffing,0.1,True,high,True,attempted_interactions,6.782440,0.054264,50,6.767399,6.797481
trust_unaware,ballot_stuffing,0.1,True,high,True,successful_cooperations,4.575000,0.070808,50,4.555373,4.594627
trust_unaware,ballot_stuffing,0.1,True,high,True,failed_interactions,2.207440,0.047199,50,2.194357,2.220523
trust_unaware,ballot_stuffing,0.1,True,high,True,blocked_privacy_interactions,0.211880,0.048710,50,0.198378,0.225382
trust_unaware,ballot_stuffing,0.1,True,high,True,cooperation_rate,0.674366,0.007571,50,0.672267,0.676464
trust_unaware,ballot_stuffing,0.1,True,high,True,task_completion_ratio,0.654003,0.010067,50,0.651212,0.656793
trust_unaware,ballot_stuffing,0.1,True,high,True,reliability_score,0.654034,0.010068,50,0.651244,0.656825
trust_unaware,ballot_stuffing,0.1,True,high,True,resource_efficiency,0.634150,0.009683,50,0.631466,0.636834
trust_unaware,ballot_stuffing,0.1,True,high,True,fairness_index,0.862759,0.011840,50,0.859477,0.866041
trust_unaware,ballot_stuffing,0.1,True,high,True,trust_stability_index,0.696576,0.004630,50,0.695293,0.697860
trust_unaware,ballot_stuffing,0.1,True,high,True,privacy_exposure_risk,0.444755,0.005689,50,0.443178,0.446332
trust_unaware,ballot_stuffing,0.1,True,high,True,candidate_privacy_risk,0.518876,0.004980,50,0.517495,0.520256
trust_unaware,ballot_stuffing,0.1,True,high,True,accepted_privacy_exposure,0.444755,0.005689,50,0.443178,0.446332
trust_unaware,ballot_stuffing,0.1,True,high,True,avg_trust,0.504474,0.007833,50,0.502303,0.506645
trust_unaware,ballot_stuffing,0.1,True,high,True,trust_variance,0.075856,0.001157,50,0.075535,0.076177
trust_unaware,ballot_stuffing,0.1,True,high,True,avg_preference,0.586517,0.006219,50,0.584793,0.588240
trust_unaware,ballot_stuffing,0.1,True,high,True,avg_reciprocity,0.549510,0.015112,50,0.545321,0.553698
trust_unaware,ballot_stuffing,0.1,True,high,True,avg_privacy_risk,0.429317,0.005930,50,0.427673,0.430960
trust_unaware,ballot_stuffing,0.1,True,high,True,avg_total_utility,0.741757,0.001629,50,0.741306,0.742209
trust_unaware,ballot_stuffing,0.1,True,high,True,avg_system_utility,0.714526,0.001681,50,0.714060,0.714992
trust_unaware,ballot_stuffing,0.1,True,high,True,avg_social_utility,0.457815,0.003087,50,0.456959,0.458671
trust_unaware,ballot_stuffing,0.1,True,high,True,avg_resource_utility,0.981848,0.000082,50,0.981825,0.981871
trust_unaware,ballot_stuffing,0.1,True,high,True,avg_privacy_utility,0.555245,0.005689,50,0.553668,0.556822
trust_unaware,ballot_stuffing,0.1,True,high,True,avg_incentive_utility,0.715632,0.002524,50,0.714932,0.716331
trust_unaware,ballot_stuffing,0.1,True,high,True,energy_consumed,0.062670,0.000534,50,0.062522,0.062818
trust_unaware,ballot_stuffing,0.1,True,high,True,bandwidth_consumed,0.266224,0.002660,50,0.265487,0.266962
trust_unaware,ballot_stuffing,0.1,True,high,True,compute_consumed,0.354517,0.003503,50,0.353546,0.355488
trust_unaware,ballot_stuffing,0.1,True,high,True,throughput_mbps,36.600000,0.566463,50,36.442984,36.757016
trust_unaware,ballot_stuffing,0.1,True,high,True,packet_delivery_ratio,0.674366,0.007571,50,0.672267,0.676464
trust_unaware,ballot_stuffing,0.1,True,high,True,e2e_delay_ms,95.728525,0.634635,50,95.552613,95.904436
trust_unaware,ballot_stuffing,0.1,True,high,True,active_nodes,49.995320,0.007652,50,49.993199,49.997441
trust_unaware,ballot_stuffing,0.1,True,high,True,reputation_honest,0.483566,0.027314,50,0.475995,0.491138
trust_unaware,ballot_stuffing,0.1,True,high,True,reputation_attacker,0.535913,0.124140,50,0.501503,0.570323
trust_unaware,ballot_stuffing,0.1,True,high,True,reputation_separation,-0.052346,0.133257,50,-0.089283,-0.015409
trust_unaware,ballot_stuffing,0.1,True,high,True,attacker_defection_rate,0.000000,0.000000,50,0.000000,0.000000
trust_unaware,ballot_stuffing,0.1,True,high,True,decision_distortion,0.075630,0.003917,50,0.074544,0.076716
trust_unaware,ballot_stuffing,0.1,True,high,True,decision_distortion_evidenced,0.071534,0.006025,50,0.069864,0.073204
trust_unaware,ballot_stuffing,0.1,True,high,True,decision_distortion_counterfactual,0.085880,0.004778,50,0.084556,0.087205
trust_unaware,ballot_stuffing,0.1,True,high,True,decision_distortion_counterfactual_evidenced,0.089764,0.007715,50,0.087626,0.091903
trust_unaware,ballot_stuffing,0.2,True,high,True,generated_tasks,6.992760,0.038729,50,6.982025,7.003495
trust_unaware,ballot_stuffing,0.2,True,high,True,completed_tasks,4.592560,0.071185,50,4.572829,4.612291
trust_unaware,ballot_stuffing,0.2,True,high,True,attempted_interactions,6.799880,0.062349,50,6.782598,6.817162
trust_unaware,ballot_stuffing,0.2,True,high,True,successful_cooperations,4.592560,0.071185,50,4.572829,4.612291
trust_unaware,ballot_stuffing,0.2,True,high,True,failed_interactions,2.207320,0.068389,50,2.188364,2.226276
trust_unaware,ballot_stuffing,0.2,True,high,True,blocked_privacy_interactions,0.192720,0.054385,50,0.177645,0.207795
trust_unaware,ballot_stuffing,0.2,True,high,True,cooperation_rate,0.675435,0.009368,50,0.672839,0.678032
trust_unaware,ballot_stuffing,0.2,True,high,True,task_completion_ratio,0.656852,0.010220,50,0.654019,0.659685
trust_unaware,ballot_stuffing,0.2,True,high,True,reliability_score,0.656864,0.010223,50,0.654030,0.659698
trust_unaware,ballot_stuffing,0.2,True,high,True,resource_efficiency,0.636851,0.009843,50,0.634123,0.639579
trust_unaware,ballot_stuffing,0.2,True,high,True,fairness_index,0.862172,0.012290,50,0.858766,0.865579
trust_unaware,ballot_stuffing,0.2,True,high,True,trust_stability_index,0.696525,0.004748,50,0.695208,0.697841
trust_unaware,ballot_stuffing,0.2,True,high,True,privacy_exposure_risk,0.439740,0.005859,50,0.438116,0.441365
trust_unaware,ballot_stuffing,0.2,True,high,True,candidate_privacy_risk,0.514177,0.006136,50,0.512476,0.515877
trust_unaware,ballot_stuffing,0.2,True,high,True,accepted_privacy_exposure,0.439740,0.005859,50,0.438116,0.441365
trust_unaware,ballot_stuffing,0.2,True,high,True,avg_trust,0.506499,0.007630,50,0.504384,0.508614
trust_unaware,ballot_stuffing,0.2,True,high,True,trust_variance,0.075869,0.001187,50,0.075540,0.076198
trust_unaware,ballot_stuffing,0.2,True,high,True,avg_preference,0.587455,0.006032,50,0.585783,0.589127
trust_unaware,ballot_stuffing,0.2,True,high,True,avg_reciprocity,0.549946,0.014605,50,0.545897,0.553994
trust_unaware,ballot_stuffing,0.2,True,high,True,avg_privacy_risk,0.425936,0.007130,50,0.423960,0.427912
trust_unaware,ballot_stuffing,0.2,True,high,True,avg_total_utility,0.743090,0.001743,50,0.742607,0.743573
trust_unaware,ballot_stuffing,0.2,True,high,True,avg_system_utility,0.714669,0.001524,50,0.714247,0.715092
trust_unaware,ballot_stuffing,0.2,True,high,True,avg_social_utility,0.458697,0.003514,50,0.457723,0.459671
trust_unaware,ballot_stuffing,0.2,True,high,True,avg_resource_utility,0.981830,0.000079,50,0.981809,0.981852
trust_unaware,ballot_stuffing,0.2,True,high,True,avg_privacy_utility,0.560260,0.005859,50,0.558635,0.561884
trust_unaware,ballot_stuffing,0.2,True,high,True,avg_incentive_utility,0.715833,0.003747,50,0.714795,0.716872
trust_unaware,ballot_stuffing,0.2,True,high,True,energy_consumed,0.062799,0.000668,50,0.062614,0.062984
trust_unaware,ballot_stuffing,0.2,True,high,True,bandwidth_consumed,0.266854,0.003345,50,0.265927,0.267781
trust_unaware,ballot_stuffing,0.2,True,high,True,compute_consumed,0.356268,0.003778,50,0.355221,0.357316
trust_unaware,ballot_stuffing,0.2,True,high,True,throughput_mbps,36.740480,0.569478,50,36.582629,36.898331
trust_unaware,ballot_stuffing,0.2,True,high,True,packet_delivery_ratio,0.675435,0.009368,50,0.672839,0.678032
trust_unaware,ballot_stuffing,0.2,True,high,True,e2e_delay_ms,95.732753,0.591271,50,95.568861,95.896645
trust_unaware,ballot_stuffing,0.2,True,high,True,active_nodes,49.996680,0.006384,50,49.994911,49.998449
trust_unaware,ballot_stuffing,0.2,True,high,True,reputation_honest,0.479233,0.033830,50,0.469856,0.488610
trust_unaware,ballot_stuffing,0.2,True,high,True,reputation_attacker,0.623717,0.101699,50,0.595528,0.651907
trust_unaware,ballot_stuffing,0.2,True,high,True,reputation_separation,-0.144484,0.104541,50,-0.173461,-0.115506
trust_unaware,ballot_stuffing,0.2,True,high,True,attacker_defection_rate,0.000000,0.000000,50,0.000000,0.000000
trust_unaware,ballot_stuffing,0.2,True,high,True,decision_distortion,0.077062,0.004276,50,0.075876,0.078247
trust_unaware,ballot_stuffing,0.2,True,high,True,decision_distortion_evidenced,0.073455,0.006188,50,0.071740,0.075170
trust_unaware,ballot_stuffing,0.2,True,high,True,decision_distortion_counterfactual,0.086917,0.005008,50,0.085529,0.088305
trust_unaware,ballot_stuffing,0.2,True,high,True,decision_distortion_counterfactual_evidenced,0.091918,0.007791,50,0.089758,0.094077
trust_unaware,ballot_stuffing,0.3,True,high,True,generated_tasks,7.010600,0.035471,50,7.000768,7.020432
trust_unaware,ballot_stuffing,0.3,True,high,True,completed_tasks,4.607840,0.070965,50,4.588169,4.627511
trust_unaware,ballot_stuffing,0.3,True,high,True,attempted_interactions,6.836800,0.070390,50,6.817289,6.856311
trust_unaware,ballot_stuffing,0.3,True,high,True,successful_cooperations,4.607840,0.070965,50,4.588169,4.627511
trust_unaware,ballot_stuffing,0.3,True,high,True,failed_interactions,2.228960,0.073977,50,2.208455,2.249465
trust_unaware,ballot_stuffing,0.3,True,high,True,blocked_privacy_interactions,0.173520,0.053732,50,0.158626,0.188414
trust_unaware,ballot_stuffing,0.3,True,high,True,cooperation_rate,0.673966,0.009324,50,0.671381,0.676550
trust_unaware,ballot_stuffing,0.3,True,high,True,task_completion_ratio,0.657433,0.009581,50,0.654777,0.660088
trust_unaware,ballot_stuffing,0.3,True,high,True,reliability_score,0.657457,0.009572,50,0.654804,0.660110
trust_unaware,ballot_stuffing,0.3,True,high,True,resource_efficiency,0.637340,0.009263,50,0.634772,0.639907
trust_unaware,ballot_stuffing,0.3,True,high,True,fairness_index,0.858618,0.010388,50,0.855739,0.861498
trust_unaware,ballot_stuffing,0.3,True,high,True,trust_stability_index,0.697703,0.005796,50,0.696096,0.699309
trust_unaware,ballot_stuffing,0.3,True,high,True,privacy_exposure_risk,0.434244,0.006285,50,0.432502,0.435986
trust_unaware,ballot_stuffing,0.3,True,high,True,candidate_privacy_risk,0.508858,0.007233,50,0.506853,0.510863
trust_unaware,ballot_stuffing,0.3,True,high,True,accepted_privacy_exposure,0.434244,0.006285,50,0.432502,0.435986
trust_unaware,ballot_stuffing,0.3,True,high,True,avg_trust,0.505643,0.008767,50,0.503213,0.508073
trust_unaware,ballot_stuffing,0.3,True,high,True,trust_variance,0.075574,0.001449,50,0.075173,0.075976
trust_unaware,ballot_stuffing,0.3,True,high,True,avg_preference,0.586560,0.006092,50,0.584872,0.588249
trust_unaware,ballot_stuffing,0.3,True,high,True,avg_reciprocity,0.549519,0.014593,50,0.545474,0.553564
trust_unaware,ballot_stuffing,0.3,True,high,True,avg_privacy_risk,0.421932,0.006360,50,0.420169,0.423695
trust_unaware,ballot_stuffing,0.3,True,high,True,avg_total_utility,0.744178,0.002010,50,0.743621,0.744736
trust_unaware,ballot_stuffing,0.3,True,high,True,avg_system_utility,0.714168,0.001625,50,0.713718,0.714619
trust_unaware,ballot_stuffing,0.3,True,high,True,avg_social_utility,0.458025,0.003171,50,0.457146,0.458904
trust_unaware,ballot_stuffing,0.3,True,high,True,avg_resource_utility,0.981812,0.000105,50,0.981782,0.981841
trust_unaware,ballot_stuffing,0.3,True,high,True,avg_privacy_utility,0.565756,0.006285,50,0.564014,0.567498
trust_unaware,ballot_stuffing,0.3,True,high,True,avg_incentive_utility,0.715180,0.003235,50,0.714283,0.716076
trust_unaware,ballot_stuffing,0.3,True,high,True,energy_consumed,0.063230,0.000783,50,0.063013,0.063446
trust_unaware,ballot_stuffing,0.3,True,high,True,bandwidth_consumed,0.268541,0.003601,50,0.267543,0.269540
trust_unaware,ballot_stuffing,0.3,True,high,True,compute_consumed,0.358528,0.004207,50,0.357362,0.359694
trust_unaware,ballot_stuffing,0.3,True,high,True,throughput_mbps,36.862720,0.567721,50,36.705356,37.020084
trust_unaware,ballot_stuffing,0.3,True,high,True,packet_delivery_ratio,0.673966,0.009324,50,0.671381,0.676550
trust_unaware,ballot_stuffing,0.3,True,high,True,e2e_delay_ms,95.844636,0.686885,50,95.654242,96.035031
trust_unaware,ballot_stuffing,0.3,True,high,True,active_nodes,49.995760,0.005975,50,49.994104,49.997416
trust_unaware,ballot_stuffing,0.3,True,high,True,reputation_honest,0.461781,0.040349,50,0.450597,0.472966
trust_unaware,ballot_stuffing,0.3,True,high,True,reputation_attacker,0.698533,0.063244,50,0.681003,0.716063
trust_unaware,ballot_stuffing,0.3,True,high,True,reputation_separation,-0.236751,0.080641,50,-0.259104,-0.214399
trust_unaware,ballot_stuffing,0.3,True,high,True,attacker_defection_rate,0.000000,0.000000,50,0.000000,0.000000
trust_unaware,ballot_stuffing,0.3,True,high,True,decision_distortion,0.076979,0.005323,50,0.075504,0.078454
trust_unaware,ballot_stuffing,0.3,True,high,True,decision_distortion_evidenced,0.072007,0.008759,50,0.069579,0.074435
trust_unaware,ballot_stuffing,0.3,True,high,True,decision_distortion_counterfactual,0.085643,0.006651,50,0.083800,0.087487
trust_unaware,ballot_stuffing,0.3,True,high,True,decision_distortion_counterfactual_evidenced,0.089475,0.011479,50,0.086293,0.092657
trust_unaware,ballot_stuffing,0.4,True,high,True,generated_tasks,7.006000,0.038108,50,6.995437,7.016563
trust_unaware,ballot_stuffing,0.4,True,high,True,completed_tasks,4.618760,0.067639,50,4.600011,4.637509
trust_unaware,ballot_stuffing,0.4,True,high,True,attempted_interactions,6.871040,0.055141,50,6.855756,6.886324
trust_unaware,ballot_stuffing,0.4,True,high,True,successful_cooperations,4.618760,0.067639,50,4.600011,4.637509
trust_unaware,ballot_stuffing,0.4,True,high,True,failed_interactions,2.252280,0.057303,50,2.236397,2.268163
trust_unaware,ballot_stuffing,0.4,True,high,True,blocked_privacy_interactions,0.134400,0.036670,50,0.124236,0.144564
trust_unaware,ballot_stuffing,0.4,True,high,True,cooperation_rate,0.672318,0.008102,50,0.670072,0.674564
trust_unaware,ballot_stuffing,0.4,True,high,True,task_completion_ratio,0.659441,0.009020,50,0.656941,0.661941
trust_unaware,ballot_stuffing,0.4,True,high,True,reliability_score,0.659493,0.009007,50,0.656996,0.661990
trust_unaware,ballot_stuffing,0.4,True,high,True,resource_efficiency,0.639213,0.008706,50,0.636800,0.641626
trust_unaware,ballot_stuffing,0.4,True,high,True,fairness_index,0.854212,0.011991,50,0.850888,0.857536
trust_unaware,ballot_stuffing,0.4,True,high,True,trust_stability_index,0.700249,0.005447,50,0.698739,0.701759
trust_unaware,ballot_stuffing,0.4,True,high,True,privacy_exposure_risk,0.421272,0.004456,50,0.420037,0.422507
trust_unaware,ballot_stuffing,0.4,True,high,True,candidate_privacy_risk,0.496563,0.005205,50,0.495120,0.498006
trust_unaware,ballot_stuffing,0.4,True,high,True,accepted_privacy_exposure,0.421272,0.004456,50,0.420037,0.422507
trust_unaware,ballot_stuffing,0.4,True,high,True,avg_trust,0.506216,0.007684,50,0.504086,0.508346
trust_unaware,ballot_stuffing,0.4,True,high,True,trust_variance,0.074938,0.001362,50,0.074560,0.075315
trust_unaware,ballot_stuffing,0.4,True,high,True,avg_preference,0.586034,0.005585,50,0.584486,0.587583
trust_unaware,ballot_stuffing,0.4,True,high,True,avg_reciprocity,0.549769,0.016094,50,0.545308,0.554230
trust_unaware,ballot_stuffing,0.4,True,high,True,avg_privacy_risk,0.411956,0.005290,50,0.410490,0.413422
trust_unaware,ballot_stuffing,0.4,True,high,True,avg_total_utility,0.747289,0.001395,50,0.746903,0.747676
trust_unaware,ballot_stuffing,0.4,True,high,True,avg_system_utility,0.714181,0.001597,50,0.713739,0.714624
trust_unaware,ballot_stuffing,0.4,True,high,True,avg_social_utility,0.457306,0.002913,50,0.456498,0.458114
trust_unaware,ballot_stuffing,0.4,True,high,True,avg_resource_utility,0.981824,0.000098,50,0.981797,0.981851
trust_unaware,ballot_stuffing,0.4,True,high,True,avg_privacy_utility,0.578728,0.004456,50,0.577493,0.579963
trust_unaware,ballot_stuffing,0.4,True,high,True,avg_incentive_utility,0.714485,0.003443,50,0.713530,0.715439
trust_unaware,ballot_stuffing,0.4,True,high,True,energy_consumed,0.063570,0.000562,50,0.063415,0.063726
trust_unaware,ballot_stuffing,0.4,True,high,True,bandwidth_consumed,0.269958,0.003264,50,0.269054,0.270863
trust_unaware,ballot_stuffing,0.4,True,high,True,compute_consumed,0.359524,0.004084,50,0.358392,0.360656
trust_unaware,ballot_stuffing,0.4,True,high,True,throughput_mbps,36.950080,0.541110,50,36.800092,37.100068
trust_unaware,ballot_stuffing,0.4,True,high,True,packet_delivery_ratio,0.672318,0.008102,50,0.670072,0.674564
trust_unaware,ballot_stuffing,0.4,True,high,True,e2e_delay_ms,95.694667,0.645799,50,95.515660,95.873673
trust_unaware,ballot_stuffing,0.4,True,high,True,active_nodes,49.995720,0.006034,50,49.994047,49.997393
trust_unaware,ballot_stuffing,0.4,True,high,True,reputation_honest,0.447118,0.041057,50,0.435737,0.458498
trust_unaware,ballot_stuffing,0.4,True,high,True,reputation_attacker,0.776548,0.049290,50,0.762885,0.790210
trust_unaware,ballot_stuffing,0.4,True,high,True,reputation_separation,-0.329430,0.077549,50,-0.350926,-0.307935
trust_unaware,ballot_stuffing,0.4,True,high,True,attacker_defection_rate,0.000000,0.000000,50,0.000000,0.000000
trust_unaware,ballot_stuffing,0.4,True,high,True,decision_distortion,0.076566,0.005893,50,0.074933,0.078199
trust_unaware,ballot_stuffing,0.4,True,high,True,decision_distortion_evidenced,0.072084,0.010304,50,0.069228,0.074940
trust_unaware,ballot_stuffing,0.4,True,high,True,decision_distortion_counterfactual,0.084440,0.006786,50,0.082559,0.086321
trust_unaware,ballot_stuffing,0.4,True,high,True,decision_distortion_counterfactual_evidenced,0.089391,0.013087,50,0.085764,0.093019
trust_unaware,collusion,0.1,True,high,True,generated_tasks,7.000360,0.033245,50,6.991145,7.009575
trust_unaware,collusion,0.1,True,high,True,completed_tasks,4.462440,0.079221,50,4.440481,4.484399
trust_unaware,collusion,0.1,True,high,True,attempted_interactions,6.762640,0.067852,50,6.743833,6.781447
trust_unaware,collusion,0.1,True,high,True,successful_cooperations,4.462440,0.079221,50,4.440481,4.484399
trust_unaware,collusion,0.1,True,high,True,failed_interactions,2.300200,0.059397,50,2.283736,2.316664
trust_unaware,collusion,0.1,True,high,True,blocked_privacy_interactions,0.237160,0.065137,50,0.219105,0.255215
trust_unaware,collusion,0.1,True,high,True,cooperation_rate,0.660029,0.008614,50,0.657641,0.662416
trust_unaware,collusion,0.1,True,high,True,task_completion_ratio,0.637661,0.010918,50,0.634635,0.640688
trust_unaware,collusion,0.1,True,high,True,reliability_score,0.637714,0.010921,50,0.634687,0.640741
trust_unaware,collusion,0.1,True,high,True,resource_efficiency,0.618341,0.010495,50,0.615432,0.621250
trust_unaware,collusion,0.1,True,high,True,fairness_index,0.846375,0.012323,50,0.842959,0.849791
trust_unaware,collusion,0.1,True,high,True,trust_stability_index,0.696204,0.006080,50,0.694519,0.697890
trust_unaware,collusion,0.1,True,high,True,privacy_exposure_risk,0.448202,0.005663,50,0.446633,0.449772
trust_unaware,collusion,0.1,True,high,True,candidate_privacy_risk,0.523585,0.006040,50,0.521911,0.525259
trust_unaware,collusion,0.1,True,high,True,accepted_privacy_exposure,0.448202,0.005663,50,0.446633,0.449772
trust_unaware,collusion,0.1,True,high,True,avg_trust,0.492917,0.009528,50,0.490276,0.495558
trust_unaware,collusion,0.1,True,high,True,trust_variance,0.075949,0.001520,50,0.075528,0.076370
trust_unaware,collusion,0.1,True,high,True,avg_preference,0.577748,0.007678,50,0.575619,0.579876
trust_unaware,collusion,0.1,True,high,True,avg_reciprocity,0.532496,0.018018,50,0.527502,0.537491
trust_unaware,collusion,0.1,True,high,True,avg_privacy_risk,0.430920,0.006561,50,0.429101,0.432738
trust_unaware,collusion,0.1,True,high,True,avg_total_utility,0.740189,0.001588,50,0.739749,0.740629
trust_unaware,collusion,0.1,True,high,True,avg_system_utility,0.713932,0.001767,50,0.713442,0.714422
trust_unaware,collusion,0.1,True,high,True,avg_social_utility,0.456050,0.003107,50,0.455189,0.456912
trust_unaware,collusion,0.1,True,high,True,avg_resource_utility,0.981830,0.000087,50,0.981806,0.981854
trust_unaware,collusion,0.1,True,high,True,avg_privacy_utility,0.551798,0.005663,50,0.550228,0.553367
trust_unaware,collusion,0.1,True,high,True,avg_incentive_utility,0.713013,0.003067,50,0.712163,0.713863
trust_unaware,collusion,0.1,True,high,True,energy_consumed,0.062430,0.000653,50,0.062250,0.062611
trust_unaware,collusion,0.1,True,high,True,bandwidth_consumed,0.265559,0.003031,50,0.264719,0.266399
trust_unaware,collusion,0.1,True,high,True,compute_consumed,0.354237,0.004484,50,0.352994,0.355480
trust_unaware,collusion,0.1,True,high,True,throughput_mbps,35.699520,0.633768,50,35.523848,35.875192
trust_unaware,collusion,0.1,True,high,True,packet_delivery_ratio,0.660029,0.008614,50,0.657641,0.662416
trust_unaware,collusion,0.1,True,high,True,e2e_delay_ms,95.834106,0.779177,50,95.618130,96.050083
trust_unaware,collusion,0.1,True,high,True,active_nodes,49.994600,0.006642,50,49.992759,49.996441
trust_unaware,collusion,0.1,True,high,True,reputation_honest,0.494028,0.033639,50,0.484704,0.503353
trust_unaware,collusion,0.1,True,high,True,reputation_attacker,0.211039,0.026575,50,0.203673,0.218405
trust_unaware,collusion,0.1,True,high,True,reputation_separation,0.282990,0.040569,50,0.271744,0.294235
trust_unaware,collusion,0.1,True,high,True,attacker_defection_rate,0.872978,0.099087,50,0.845513,0.900444
trust_unaware,collusion,0.1,True,high,True,decision_distortion,0.075619,0.004576,50,0.074351,0.076888
trust_unaware,collusion,0.1,True,high,True,decision_distortion_evidenced,0.071860,0.006354,50,0.070099,0.073621
trust_unaware,collusion,0.1,True,high,True,decision_distortion_counterfactual,0.086561,0.005404,50,0.085063,0.088059
trust_unaware,collusion,0.1,True,high,True,decision_distortion_counterfactual_evidenced,0.090713,0.008213,50,0.088436,0.092989
trust_unaware,collusion,0.2,True,high,True,generated_tasks,7.002840,0.031584,50,6.994085,7.011595
trust_unaware,collusion,0.2,True,high,True,completed_tasks,4.330680,0.089911,50,4.305758,4.355602
trust_unaware,collusion,0.2,True,high,True,attempted_interactions,6.741120,0.074976,50,6.720338,6.761902
trust_unaware,collusion,0.2,True,high,True,successful_cooperations,4.330680,0.089911,50,4.305758,4.355602
trust_unaware,collusion,0.2,True,high,True,failed_interactions,2.410440,0.063683,50,2.392788,2.428092
trust_unaware,collusion,0.2,True,high,True,blocked_privacy_interactions,0.261440,0.062590,50,0.244091,0.278789
trust_unaware,collusion,0.2,True,high,True,cooperation_rate,0.642727,0.009690,50,0.640042,0.645413
trust_unaware,collusion,0.2,True,high,True,task_completion_ratio,0.618325,0.012359,50,0.614899,0.621750
trust_unaware,collusion,0.2,True,high,True,reliability_score,0.618343,0.012340,50,0.614923,0.621764
trust_unaware,collusion,0.2,True,high,True,resource_efficiency,0.599683,0.011918,50,0.596379,0.602986
trust_unaware,collusion,0.2,True,high,True,fairness_index,0.826763,0.013223,50,0.823098,0.830429
trust_unaware,collusion,0.2,True,high,True,trust_stability_index,0.699650,0.005234,50,0.698199,0.701100
trust_unaware,collusion,0.2,True,high,True,privacy_exposure_risk,0.451454,0.005635,50,0.449892,0.453016
trust_unaware,collusion,0.2,True,high,True,candidate_privacy_risk,0.529340,0.004698,50,0.528038,0.530642
trust_unaware,collusion,0.2,True,high,True,accepted_privacy_exposure,0.451454,0.005635,50,0.449892,0.453016
trust_unaware,collusion,0.2,True,high,True,avg_trust,0.478904,0.008216,50,0.476626,0.481181
trust_unaware,collusion,0.2,True,high,True,trust_variance,0.075088,0.001308,50,0.074725,0.075450
trust_unaware,collusion,0.2,True,high,True,avg_preference,0.565790,0.006208,50,0.564069,0.567510
trust_unaware,collusion,0.2,True,high,True,avg_reciprocity,0.509619,0.014219,50,0.505678,0.513561
trust_unaware,collusion,0.2,True,high,True,avg_privacy_risk,0.432491,0.007107,50,0.430521,0.434461
trust_unaware,collusion,0.2,True,high,True,avg_total_utility,0.738243,0.001518,50,0.737823,0.738664
trust_unaware,collusion,0.2,True,high,True,avg_system_utility,0.712898,0.001443,50,0.712498,0.713298
trust_unaware,collusion,0.2,True,high,True,avg_social_utility,0.452763,0.002950,50,0.451945,0.453580
trust_unaware,collusion,0.2,True,high,True,avg_resource_utility,0.981849,0.000093,50,0.981824,0.981875
trust_unaware,collusion,0.2,True,high,True,avg_privacy_utility,0.548546,0.005635,50,0.546984,0.550108
trust_unaware,collusion,0.2,True,high,True,avg_incentive_utility,0.708875,0.003081,50,0.708021,0.709729
trust_unaware,collusion,0.2,True,high,True,energy_consumed,0.062279,0.000654,50,0.062098,0.062461
trust_unaware,collusion,0.2,True,high,True,bandwidth_consumed,0.264498,0.002870,50,0.263702,0.265293
trust_unaware,collusion,0.2,True,high,True,compute_consumed,0.352296,0.004373,50,0.351084,0.353508
trust_unaware,collusion,0.2,True,high,True,throughput_mbps,34.645440,0.719289,50,34.446063,34.844817
trust_unaware,collusion,0.2,True,high,True,packet_delivery_ratio,0.642727,0.009690,50,0.640042,0.645413
trust_unaware,collusion,0.2,True,high,True,e2e_delay_ms,95.704854,0.685444,50,95.514859,95.894849
trust_unaware,collusion,0.2,True,high,True,active_nodes,49.993560,0.008837,50,49.991111,49.996009
trust_unaware,collusion,0.2,True,high,True,reputation_honest,0.500614,0.028604,50,0.492685,0.508543
trust_unaware,collusion,0.2,True,high,True,reputation_attacker,0.213896,0.024009,50,0.207241,0.220551
trust_unaware,collusion,0.2,True,high,True,reputation_separation,0.286717,0.035631,50,0.276841,0.296594
trust_unaware,collusion,0.2,True,high,True,attacker_defection_rate,0.847375,0.089055,50,0.822690,0.872059
trust_unaware,collusion,0.2,True,high,True,decision_distortion,0.074963,0.004093,50,0.073829,0.076098
trust_unaware,collusion,0.2,True,high,True,decision_distortion_evidenced,0.070550,0.005805,50,0.068941,0.072160
trust_unaware,collusion,0.2,True,high,True,decision_distortion_counterfactual,0.086529,0.005448,50,0.085018,0.088039
trust_unaware,collusion,0.2,True,high,True,decision_distortion_counterfactual_evidenced,0.089349,0.008104,50,0.087103,0.091595
trust_unaware,collusion,0.3,True,high,True,generated_tasks,7.001680,0.035087,50,6.991954,7.011406
trust_unaware,collusion,0.3,True,high,True,completed_tasks,4.226600,0.110736,50,4.195905,4.257295
trust_unaware,collusion,0.3,True,high,True,attempted_interactions,6.738080,0.072795,50,6.717902,6.758258
trust_unaware,collusion,0.3,True,high,True,successful_cooperations,4.226600,0.110736,50,4.195905,4.257295
trust_unaware,collusion,0.3,True,high,True,failed_interactions,2.511480,0.078929,50,2.489602,2.533358
trust_unaware,collusion,0.3,True,high,True,blocked_privacy_interactions,0.262840,0.068094,50,0.243965,0.281715
trust_unaware,collusion,0.3,True,high,True,cooperation_rate,0.627665,0.012473,50,0.624208,0.631122
trust_unaware,collusion,0.3,True,high,True,task_completion_ratio,0.603750,0.015400,50,0.599482,0.608019
trust_unaware,collusion,0.3,True,high,True,reliability_score,0.603813,0.015351,50,0.599557,0.608068
trust_unaware,collusion,0.3,True,high,True,resource_efficiency,0.585532,0.014845,50,0.581417,0.589647
trust_unaware,collusion,0.3,True,high,True,fairness_index,0.806592,0.014320,50,0.802622,0.810561
trust_unaware,collusion,0.3,True,high,True,trust_stability_index,0.700741,0.006999,50,0.698801,0.702681
trust_unaware,collusion,0.3,True,high,True,privacy_exposure_risk,0.451558,0.006927,50,0.449638,0.453478
trust_unaware,collusion,0.3,True,high,True,candidate_privacy_risk,0.531812,0.006377,50,0.530044,0.533579
trust_unaware,collusion,0.3,True,high,True,accepted_privacy_exposure,0.451558,0.006927,50,0.449638,0.453478
trust_unaware,collusion,0.3,True,high,True,avg_trust,0.468883,0.011073,50,0.465814,0.471953
trust_unaware,collusion,0.3,True,high,True,trust_variance,0.074815,0.001750,50,0.074330,0.075300
trust_unaware,collusion,0.3,True,high,True,avg_preference,0.556660,0.007475,50,0.554588,0.558732
trust_unaware,collusion,0.3,True,high,True,avg_reciprocity,0.489214,0.016136,50,0.484741,0.493686
trust_unaware,collusion,0.3,True,high,True,avg_privacy_risk,0.432556,0.007615,50,0.430445,0.434667
trust_unaware,collusion,0.3,True,high,True,avg_total_utility,0.736919,0.002124,50,0.736330,0.737508
trust_unaware,collusion,0.3,True,high,True,avg_system_utility,0.711268,0.001769,50,0.710778,0.711758
trust_unaware,collusion,0.3,True,high,True,avg_social_utility,0.449708,0.003867,50,0.448636,0.450780
trust_unaware,collusion,0.3,True,high,True,avg_resource_utility,0.981827,0.000093,50,0.981801,0.981853
trust_unaware,collusion,0.3,True,high,True,avg_privacy_utility,0.548442,0.006927,50,0.546522,0.550362
trust_unaware,collusion,0.3,True,high,True,avg_incentive_utility,0.704857,0.003456,50,0.703899,0.705815
trust_unaware,collusion,0.3,True,high,True,energy_consumed,0.062305,0.000708,50,0.062109,0.062501
trust_unaware,collusion,0.3,True,high,True,bandwidth_consumed,0.264708,0.003653,50,0.263695,0.265720
trust_unaware,collusion,0.3,True,high,True,compute_consumed,0.352662,0.004132,50,0.351517,0.353808
trust_unaware,collusion,0.3,True,high,True,throughput_mbps,33.812800,0.885892,50,33.567243,34.058357
trust_unaware,collusion,0.3,True,high,True,packet_delivery_ratio,0.627665,0.012473,50,0.624208,0.631122
trust_unaware,collusion,0.3,True,high,True,e2e_delay_ms,96.018486,0.616190,50,95.847687,96.189286
trust_unaware,collusion,0.3,True,high,True,active_nodes,49.990560,0.009588,50,49.987902,49.993218
trust_unaware,collusion,0.3,True,high,True,reputation_honest,0.520436,0.036402,50,0.510346,0.530526
trust_unaware,collusion,0.3,True,high,True,reputation_attacker,0.220480,0.027639,50,0.212819,0.228141
trust_unaware,collusion,0.3,True,high,True,reputation_separation,0.299956,0.048501,50,0.286512,0.313400
trust_unaware,collusion,0.3,True,high,True,attacker_defection_rate,0.824488,0.074727,50,0.803775,0.845202
trust_unaware,collusion,0.3,True,high,True,decision_distortion,0.075654,0.005310,50,0.074182,0.077126
trust_unaware,collusion,0.3,True,high,True,decision_distortion_evidenced,0.071266,0.007944,50,0.069064,0.073468
trust_unaware,collusion,0.3,True,high,True,decision_distortion_counterfactual,0.088734,0.006309,50,0.086986,0.090483
trust_unaware,collusion,0.3,True,high,True,decision_distortion_counterfactual_evidenced,0.091505,0.009706,50,0.088814,0.094195
trust_unaware,collusion,0.4,True,high,True,generated_tasks,7.006240,0.039500,50,6.995291,7.017189
trust_unaware,collusion,0.4,True,high,True,completed_tasks,4.039880,0.111313,50,4.009026,4.070734
trust_unaware,collusion,0.4,True,high,True,attempted_interactions,6.720320,0.079358,50,6.698323,6.742317
trust_unaware,collusion,0.4,True,high,True,successful_cooperations,4.039880,0.111313,50,4.009026,4.070734
trust_unaware,collusion,0.4,True,high,True,failed_interactions,2.680440,0.093421,50,2.654545,2.706335
trust_unaware,collusion,0.4,True,high,True,blocked_privacy_interactions,0.285000,0.068114,50,0.266120,0.303880
trust_unaware,collusion,0.4,True,high,True,cooperation_rate,0.601392,0.014011,50,0.597509,0.605276
trust_unaware,collusion,0.4,True,high,True,task_completion_ratio,0.576429,0.015552,50,0.572118,0.580740
trust_unaware,collusion,0.4,True,high,True,reliability_score,0.576498,0.015547,50,0.572189,0.580808
trust_unaware,collusion,0.4,True,high,True,resource_efficiency,0.559094,0.015031,50,0.554927,0.563260
trust_unaware,collusion,0.4,True,high,True,fairness_index,0.780581,0.020151,50,0.774995,0.786167
trust_unaware,collusion,0.4,True,high,True,trust_stability_index,0.703743,0.008695,50,0.701333,0.706153
trust_unaware,collusion,0.4,True,high,True,privacy_exposure_risk,0.453844,0.005623,50,0.452285,0.455402
trust_unaware,collusion,0.4,True,high,True,candidate_privacy_risk,0.535511,0.004991,50,0.534128,0.536894
trust_unaware,collusion,0.4,True,high,True,accepted_privacy_exposure,0.453844,0.005623,50,0.452285,0.455402
trust_unaware,collusion,0.4,True,high,True,avg_trust,0.456077,0.010100,50,0.453277,0.458876
trust_unaware,collusion,0.4,True,high,True,trust_variance,0.074064,0.002174,50,0.073462,0.074667
trust_unaware,collusion,0.4,True,high,True,avg_preference,0.545165,0.007687,50,0.543035,0.547296
trust_unaware,collusion,0.4,True,high,True,avg_reciprocity,0.461105,0.018911,50,0.455863,0.466347
trust_unaware,collusion,0.4,True,high,True,avg_privacy_risk,0.433244,0.006552,50,0.431427,0.435060
trust_unaware,collusion,0.4,True,high,True,avg_total_utility,0.734821,0.001914,50,0.734290,0.735352
trust_unaware,collusion,0.4,True,high,True,avg_system_utility,0.710392,0.001714,50,0.709917,0.710867
trust_unaware,collusion,0.4,True,high,True,avg_social_utility,0.444329,0.002899,50,0.443525,0.445133
trust_unaware,collusion,0.4,True,high,True,avg_resource_utility,0.981831,0.000091,50,0.981806,0.981857
trust_unaware,collusion,0.4,True,high,True,avg_privacy_utility,0.546156,0.005623,50,0.544598,0.547715
trust_unaware,collusion,0.4,True,high,True,avg_incentive_utility,0.698532,0.003765,50,0.697489,0.699576
trust_unaware,collusion,0.4,True,high,True,energy_consumed,0.062092,0.000805,50,0.061868,0.062315
trust_unaware,collusion,0.4,True,high,True,bandwidth_consumed,0.263918,0.003713,50,0.262889,0.264947
trust_unaware,collusion,0.4,True,high,True,compute_consumed,0.351717,0.004699,50,0.350414,0.353019
trust_unaware,collusion,0.4,True,high,True,throughput_mbps,32.319040,0.890504,50,32.072205,32.565875
trust_unaware,collusion,0.4,True,high,True,packet_delivery_ratio,0.601392,0.014011,50,0.597509,0.605276
trust_unaware,collusion,0.4,True,high,True,e2e_delay_ms,95.676148,0.678920,50,95.487961,95.864335
trust_unaware,collusion,0.4,True,high,True,active_nodes,49.985240,0.012948,50,49.981651,49.988829
trust_unaware,collusion,0.4,True,high,True,reputation_honest,0.531934,0.044642,50,0.519560,0.544308
trust_unaware,collusion,0.4,True,high,True,reputation_attacker,0.219932,0.019015,50,0.214661,0.225203
trust_unaware,collusion,0.4,True,high,True,reputation_separation,0.312001,0.048285,50,0.298617,0.325386
trust_unaware,collusion,0.4,True,high,True,attacker_defection_rate,0.810650,0.049624,50,0.796895,0.824405
trust_unaware,collusion,0.4,True,high,True,decision_distortion,0.073914,0.005936,50,0.072269,0.075560
trust_unaware,collusion,0.4,True,high,True,decision_distortion_evidenced,0.068751,0.008564,50,0.066377,0.071125
trust_unaware,collusion,0.4,True,high,True,decision_distortion_counterfactual,0.086747,0.007745,50,0.084600,0.088893
trust_unaware,collusion,0.4,True,high,True,decision_distortion_counterfactual_evidenced,0.087918,0.011703,50,0.084674,0.091162
trust_unaware,none,0.0,True,high,True,generated_tasks,7.005520,0.035849,50,6.995583,7.015457
trust_unaware,none,0.0,True,high,True,completed_tasks,4.580720,0.088495,50,4.556191,4.605249
trust_unaware,none,0.0,True,high,True,attempted_interactions,6.788880,0.073543,50,6.768495,6.809265
trust_unaware,none,0.0,True,high,True,successful_cooperations,4.580720,0.088495,50,4.556191,4.605249
trust_unaware,none,0.0,True,high,True,failed_interactions,2.208160,0.049378,50,2.194473,2.221847
trust_unaware,none,0.0,True,high,True,blocked_privacy_interactions,0.216520,0.060008,50,0.199887,0.233153
trust_unaware,none,0.0,True,high,True,cooperation_rate,0.674513,0.008082,50,0.672273,0.676754
trust_unaware,none,0.0,True,high,True,task_completion_ratio,0.653827,0.011790,50,0.650559,0.657095
trust_unaware,none,0.0,True,high,True,reliability_score,0.653836,0.011789,50,0.650568,0.657103
trust_unaware,none,0.0,True,high,True,resource_efficiency,0.633996,0.011315,50,0.630860,0.637133
trust_unaware,none,0.0,True,high,True,fairness_index,0.864399,0.012772,50,0.860859,0.867939
trust_unaware,none,0.0,True,high,True,trust_stability_index,0.696628,0.004971,50,0.695250,0.698006
trust_unaware,none,0.0,True,high,True,privacy_exposure_risk,0.446137,0.004907,50,0.444777,0.447497
trust_unaware,none,0.0,True,high,True,candidate_privacy_risk,0.519659,0.005101,50,0.518245,0.521073
trust_unaware,none,0.0,True,high,True,accepted_privacy_exposure,0.446137,0.004907,50,0.444777,0.447497
trust_unaware,none,0.0,True,high,True,avg_trust,0.503949,0.008919,50,0.501476,0.506421
trust_unaware,none,0.0,True,high,True,trust_variance,0.075843,0.001243,50,0.075498,0.076187
trust_unaware,none,0.0,True,high,True,avg_preference,0.586065,0.006942,50,0.584141,0.587989
trust_unaware,none,0.0,True,high,True,avg_reciprocity,0.548152,0.017008,50,0.543438,0.552867
trust_unaware,none,0.0,True,high,True,avg_privacy_risk,0.430450,0.006145,50,0.428747,0.432153
trust_unaware,none,0.0,True,high,True,avg_total_utility,0.741464,0.001510,50,0.741046,0.741883
trust_unaware,none,0.0,True,high,True,avg_system_utility,0.714598,0.001679,50,0.714133,0.715064
trust_unaware,none,0.0,True,high,True,avg_social_utility,0.458156,0.003498,50,0.457186,0.459126
trust_unaware,none,0.0,True,high,True,avg_resource_utility,0.981853,0.000095,50,0.981826,0.981879
trust_unaware,none,0.0,True,high,True,avg_privacy_utility,0.553863,0.004907,50,0.552503,0.555223
trust_unaware,none,0.0,True,high,True,avg_incentive_utility,0.715779,0.002780,50,0.715009,0.716550
trust_unaware,none,0.0,True,high,True,energy_consumed,0.062751,0.000764,50,0.062540,0.062963
trust_unaware,none,0.0,True,high,True,bandwidth_consumed,0.266207,0.003454,50,0.265250,0.267165
trust_unaware,none,0.0,True,high,True,compute_consumed,0.354982,0.004658,50,0.353691,0.356273
trust_unaware,none,0.0,True,high,True,throughput_mbps,36.645760,0.707957,50,36.449524,36.841996
trust_unaware,none,0.0,True,high,True,packet_delivery_ratio,0.674513,0.008082,50,0.672273,0.676754
trust_unaware,none,0.0,True,high,True,e2e_delay_ms,95.795550,0.624300,50,95.622502,95.968597
trust_unaware,none,0.0,True,high,True,active_nodes,49.996080,0.006207,50,49.994360,49.997800
trust_unaware,none,0.0,True,high,True,reputation_honest,0.487384,0.032801,50,0.478292,0.496476
trust_unaware,none,0.0,True,high,True,attacker_defection_rate,0.000000,0.000000,50,0.000000,0.000000
trust_unaware,none,0.0,True,high,True,decision_distortion,0.076482,0.003367,50,0.075549,0.077415
trust_unaware,none,0.0,True,high,True,decision_distortion_evidenced,0.072110,0.005346,50,0.070628,0.073592
trust_unaware,none,0.0,True,high,True,decision_distortion_counterfactual,0.086907,0.004508,50,0.085658,0.088157
trust_unaware,none,0.0,True,high,True,decision_distortion_counterfactual_evidenced,0.090944,0.006712,50,0.089084,0.092804
trust_unaware,on_off,0.1,True,high,True,generated_tasks,6.997240,0.034039,50,6.987805,7.006675
trust_unaware,on_off,0.1,True,high,True,completed_tasks,4.508840,0.058275,50,4.492687,4.524993
trust_unaware,on_off,0.1,True,high,True,attempted_interactions,6.768680,0.063830,50,6.750987,6.786373
trust_unaware,on_off,0.1,True,high,True,successful_cooperations,4.508840,0.058275,50,4.492687,4.524993
trust_unaware,on_off,0.1,True,high,True,failed_interactions,2.259840,0.054765,50,2.244660,2.275020
trust_unaware,on_off,0.1,True,high,True,blocked_privacy_interactions,0.228280,0.051901,50,0.213894,0.242666
trust_unaware,on_off,0.1,True,high,True,cooperation_rate,0.666211,0.006808,50,0.664324,0.668098
trust_unaware,on_off,0.1,True,high,True,task_completion_ratio,0.644433,0.008166,50,0.642169,0.646696
trust_unaware,on_off,0.1,True,high,True,reliability_score,0.644462,0.008144,50,0.642204,0.646719
trust_unaware,on_off,0.1,True,high,True,resource_efficiency,0.624891,0.007842,50,0.622717,0.627064
trust_unaware,on_off,0.1,True,high,True,fairness_index,0.866346,0.011971,50,0.863028,0.869664
trust_unaware,on_off,0.1,True,high,True,trust_stability_index,0.696730,0.004417,50,0.695505,0.697954
trust_unaware,on_off,0.1,True,high,True,privacy_exposure_risk,0.449720,0.006320,50,0.447968,0.451472
trust_unaware,on_off,0.1,True,high,True,candidate_privacy_risk,0.523451,0.005155,50,0.522022,0.524880
trust_unaware,on_off,0.1,True,high,True,accepted_privacy_exposure,0.449720,0.006320,50,0.447968,0.451472
trust_unaware,on_off,0.1,True,high,True,avg_trust,0.498316,0.007252,50,0.496306,0.500326
trust_unaware,on_off,0.1,True,high,True,trust_variance,0.075818,0.001104,50,0.075512,0.076124
trust_unaware,on_off,0.1,True,high,True,avg_preference,0.583567,0.006264,50,0.581831,0.585303
trust_unaware,on_off,0.1,True,high,True,avg_reciprocity,0.547592,0.017979,50,0.542609,0.552576
trust_unaware,on_off,0.1,True,high,True,avg_privacy_risk,0.432963,0.007287,50,0.430943,0.434983
trust_unaware,on_off,0.1,True,high,True,avg_total_utility,0.740198,0.001865,50,0.739681,0.740714
trust_unaware,on_off,0.1,True,high,True,avg_system_utility,0.714064,0.001451,50,0.713662,0.714467
trust_unaware,on_off,0.1,True,high,True,avg_social_utility,0.457634,0.003073,50,0.456782,0.458485
trust_unaware,on_off,0.1,True,high,True,avg_resource_utility,0.981830,0.000108,50,0.981800,0.981860
trust_unaware,on_off,0.1,True,high,True,avg_privacy_utility,0.550280,0.006320,50,0.548528,0.552032
trust_unaware,on_off,0.1,True,high,True,avg_incentive_utility,0.714752,0.003620,50,0.713749,0.715756
trust_unaware,on_off,0.1,True,high,True,energy_consumed,0.062602,0.000698,50,0.062408,0.062795
trust_unaware,on_off,0.1,True,high,True,bandwidth_consumed,0.265654,0.003464,50,0.264694,0.266614
trust_unaware,on_off,0.1,True,high,True,compute_consumed,0.354608,0.004096,50,0.353472,0.355743
trust_unaware,on_off,0.1,True,high,True,throughput_mbps,36.070720,0.466197,50,35.941497,36.199943
trust_unaware,on_off,0.1,True,high,True,packet_delivery_ratio,0.666211,0.006808,50,0.664324,0.668098
trust_unaware,on_off,0.1,True,high,True,e2e_delay_ms,95.968105,0.682455,50,95.778938,96.157272
trust_unaware,on_off,0.1,True,high,True,active_nodes,49.996280,0.005828,50,49.994665,49.997895
trust_unaware,on_off,0.1,True,high,True,reputation_honest,0.481606,0.034059,50,0.472165,0.491047
trust_unaware,on_off,0.1,True,high,True,reputation_attacker,0.367956,0.098501,50,0.340653,0.395259
trust_unaware,on_off,0.1,True,high,True,reputation_separation,0.113650,0.107855,50,0.083754,0.143546
trust_unaware,on_off,0.1,True,high,True,attacker_defection_rate,0.429922,0.032254,50,0.420982,0.438863
trust_unaware,on_off,0.1,True,high,True,decision_distortion,0.075013,0.004601,50,0.073737,0.076288
trust_unaware,on_off,0.1,True,high,True,decision_distortion_evidenced,0.070531,0.006815,50,0.068642,0.072420
trust_unaware,on_off,0.1,True,high,True,decision_distortion_counterfactual,0.085469,0.005507,50,0.083942,0.086995
trust_unaware,on_off,0.1,True,high,True,decision_distortion_counterfactual_evidenced,0.088861,0.008624,50,0.086471,0.091252
trust_unaware,on_off,0.2,True,high,True,generated_tasks,7.003160,0.033622,50,6.993840,7.012480
trust_unaware,on_off,0.2,True,high,True,completed_tasks,4.456680,0.079378,50,4.434678,4.478682
trust_unaware,on_off,0.2,True,high,True,attempted_interactions,6.760360,0.064154,50,6.742577,6.778143
trust_unaware,on_off,0.2,True,high,True,successful_cooperations,4.456680,0.079378,50,4.434678,4.478682
trust_unaware,on_off,0.2,True,high,True,failed_interactions,2.303680,0.067205,50,2.285052,2.322308
trust_unaware,on_off,0.2,True,high,True,blocked_privacy_interactions,0.242440,0.057152,50,0.226598,0.258282
trust_unaware,on_off,0.2,True,high,True,cooperation_rate,0.658822,0.009365,50,0.656226,0.661418
trust_unaware,on_off,0.2,True,high,True,task_completion_ratio,0.636204,0.011190,50,0.633102,0.639306
trust_unaware,on_off,0.2,True,high,True,reliability_score,0.636239,0.011215,50,0.633130,0.639348
trust_unaware,on_off,0.2,True,high,True,resource_efficiency,0.616956,0.010768,50,0.613971,0.619941
trust_unaware,on_off,0.2,True,high,True,fairness_index,0.863118,0.013470,50,0.859385,0.866852
trust_unaware,on_off,0.2,True,high,True,trust_stability_index,0.698406,0.005185,50,0.696968,0.699843
trust_unaware,on_off,0.2,True,high,True,privacy_exposure_risk,0.449760,0.005875,50,0.448131,0.451388
trust_unaware,on_off,0.2,True,high,True,candidate_privacy_risk,0.523767,0.004875,50,0.522415,0.525118
trust_unaware,on_off,0.2,True,high,True,accepted_privacy_exposure,0.449760,0.005875,50,0.448131,0.451388
trust_unaware,on_off,0.2,True,high,True,avg_trust,0.496479,0.009747,50,0.493777,0.499181
trust_unaware,on_off,0.2,True,high,True,trust_variance,0.075399,0.001296,50,0.075039,0.075758
trust_unaware,on_off,0.2,True,high,True,avg_preference,0.581345,0.007499,50,0.579267,0.583424
trust_unaware,on_off,0.2,True,high,True,avg_reciprocity,0.542293,0.017819,50,0.537354,0.547233
trust_unaware,on_off,0.2,True,high,True,avg_privacy_risk,0.432014,0.007346,50,0.429978,0.434050
trust_unaware,on_off,0.2,True,high,True,avg_total_utility,0.739808,0.001613,50,0.739361,0.740255
trust_unaware,on_off,0.2,True,high,True,avg_system_utility,0.713879,0.001596,50,0.713436,0.714321
trust_unaware,on_off,0.2,True,high,True,avg_social_utility,0.455767,0.003653,50,0.454754,0.456779
trust_unaware,on_off,0.2,True,high,True,avg_resource_utility,0.981847,0.000083,50,0.981825,0.981870
trust_unaware,on_off,0.2,True,high,True,avg_privacy_utility,0.550240,0.005875,50,0.548612,0.551869
trust_unaware,on_off,0.2,True,high,True,avg_incentive_utility,0.713110,0.003498,50,0.712140,0.714080
trust_unaware,on_off,0.2,True,high,True,energy_consumed,0.062407,0.000648,50,0.062228,0.062587
trust_unaware,on_off,0.2,True,high,True,bandwidth_consumed,0.265273,0.002975,50,0.264448,0.266098
trust_unaware,on_off,0.2,True,high,True,compute_consumed,0.353503,0.004020,50,0.352389,0.354617
trust_unaware,on_off,0.2,True,high,True,throughput_mbps,35.653440,0.635022,50,35.477421,35.829459
trust_unaware,on_off,0.2,True,high,True,packet_delivery_ratio,0.658822,0.009365,50,0.656226,0.661418
trust_unaware,on_off,0.2,True,high,True,e2e_delay_ms,95.784190,0.584773,50,95.622100,95.946281
trust_unaware,on_off,0.2,True,high,True,active_nodes,49.996440,0.007659,50,49.994317,49.998563
trust_unaware,on_off,0.2,True,high,True,reputation_honest,0.491109,0.036654,50,0.480949,0.501269
trust_unaware,on_off,0.2,True,high,True,reputation_attacker,0.365273,0.060226,50,0.348579,0.381967
trust_unaware,on_off,0.2,True,high,True,reputation_separation,0.125836,0.079964,50,0.103671,0.148001
trust_unaware,on_off,0.2,True,high,True,attacker_defection_rate,0.415763,0.024280,50,0.409033,0.422493
trust_unaware,on_off,0.2,True,high,True,decision_distortion,0.075511,0.004267,50,0.074328,0.076694
trust_unaware,on_off,0.2,True,high,True,decision_distortion_evidenced,0.071544,0.005675,50,0.069971,0.073117
trust_unaware,on_off,0.2,True,high,True,decision_distortion_counterfactual,0.086480,0.005220,50,0.085033,0.087927
trust_unaware,on_off,0.2,True,high,True,decision_distortion_counterfactual_evidenced,0.090309,0.007649,50,0.088189,0.092429
trust_unaware,on_off,0.3,True,high,True,generated_tasks,7.001000,0.039323,50,6.990100,7.011900
trust_unaware,on_off,0.3,True,high,True,completed_tasks,4.400480,0.082081,50,4.377728,4.423232
trust_unaware,on_off,0.3,True,high,True,attempted_interactions,6.752560,0.080780,50,6.730169,6.774951
trust_unaware,on_off,0.3,True,high,True,successful_cooperations,4.400480,0.082081,50,4.377728,4.423232
trust_unaware,on_off,0.3,True,high,True,failed_interactions,2.352080,0.060042,50,2.335437,2.368723
trust_unaware,on_off,0.3,True,high,True,blocked_privacy_interactions,0.248080,0.064522,50,0.230195,0.265965
trust_unaware,on_off,0.3,True,high,True,cooperation_rate,0.651677,0.008280,50,0.649382,0.653972
trust_unaware,on_off,0.3,True,high,True,task_completion_ratio,0.628585,0.010681,50,0.625624,0.631545
trust_unaware,on_off,0.3,True,high,True,reliability_score,0.628613,0.010690,50,0.625650,0.631576
trust_unaware,on_off,0.3,True,high,True,resource_efficiency,0.609575,0.010265,50,0.606730,0.612420
trust_unaware,on_off,0.3,True,high,True,fairness_index,0.862594,0.012983,50,0.858996,0.866193
trust_unaware,on_off,0.3,True,high,True,trust_stability_index,0.699327,0.005463,50,0.697813,0.700842
trust_unaware,on_off,0.3,True,high,True,privacy_exposure_risk,0.450492,0.006126,50,0.448794,0.452190
trust_unaware,on_off,0.3,True,high,True,candidate_privacy_risk,0.524496,0.005403,50,0.522999,0.525994
trust_unaware,on_off,0.3,True,high,True,accepted_privacy_exposure,0.450492,0.006126,50,0.448794,0.452190
trust_unaware,on_off,0.3,True,high,True,avg_trust,0.492151,0.008159,50,0.489890,0.494413
trust_unaware,on_off,0.3,True,high,True,trust_variance,0.075168,0.001366,50,0.074790,0.075547
trust_unaware,on_off,0.3,True,high,True,avg_preference,0.577288,0.006062,50,0.575607,0.578968
trust_unaware,on_off,0.3,True,high,True,avg_reciprocity,0.533900,0.016119,50,0.529432,0.538368
trust_unaware,on_off,0.3,True,high,True,avg_privacy_risk,0.432335,0.007126,50,0.430360,0.434310
trust_unaware,on_off,0.3,True,high,True,avg_total_utility,0.739269,0.001519,50,0.738848,0.739690
trust_unaware,on_off,0.3,True,high,True,avg_system_utility,0.713599,0.001345,50,0.713226,0.713971
trust_unaware,on_off,0.3,True,high,True,avg_social_utility,0.454779,0.003151,50,0.453905,0.455652
trust_unaware,on_off,0.3,True,high,True,avg_resource_utility,0.981837,0.000090,50,0.981812,0.981862
trust_unaware,on_off,0.3,True,high,True,avg_privacy_utility,0.549508,0.006126,50,0.547810,0.551206
trust_unaware,on_off,0.3,True,high,True,avg_incentive_utility,0.711765,0.003218,50,0.710873,0.712656
trust_unaware,on_off,0.3,True,high,True,energy_consumed,0.062460,0.000802,50,0.062238,0.062683
trust_unaware,on_off,0.3,True,high,True,bandwidth_consumed,0.264665,0.003646,50,0.263655,0.265676
trust_unaware,on_off,0.3,True,high,True,compute_consumed,0.353943,0.004491,50,0.352698,0.355188
trust_unaware,on_off,0.3,True,high,True,throughput_mbps,35.203840,0.656645,50,35.021827,35.385853
trust_unaware,on_off,0.3,True,high,True,packet_delivery_ratio,0.651677,0.008280,50,0.649382,0.653972
trust_unaware,on_off,0.3,True,high,True,e2e_delay_ms,95.623491,0.741984,50,95.417823,95.829158
trust_unaware,on_off,0.3,True,high,True,active_nodes,49.995760,0.007076,50,49.993799,49.997721
trust_unaware,on_off,0.3,True,high,True,reputation_honest,0.489420,0.041973,50,0.477785,0.501054
trust_unaware,on_off,0.3,True,high,True,reputation_attacker,0.359440,0.046654,50,0.346508,0.372372
trust_unaware,on_off,0.3,True,high,True,reputation_separation,0.129979,0.065092,50,0.111937,0.148022
trust_unaware,on_off,0.3,True,high,True,attacker_defection_rate,0.414226,0.015355,50,0.409970,0.418482
trust_unaware,on_off,0.3,True,high,True,decision_distortion,0.075531,0.004484,50,0.074288,0.076774
trust_unaware,on_off,0.3,True,high,True,decision_distortion_evidenced,0.071403,0.006981,50,0.069468,0.073338
trust_unaware,on_off,0.3,True,high,True,decision_distortion_counterfactual,0.087000,0.005515,50,0.085471,0.088528
trust_unaware,on_off,0.3,True,high,True,decision_distortion_counterfactual_evidenced,0.090763,0.008925,50,0.088289,0.093237
trust_unaware,on_off,0.4,True,high,True,generated_tasks,7.000000,0.039503,50,6.989050,7.010950
trust_unaware,on_off,0.4,True,high,True,completed_tasks,4.360080,0.086336,50,4.336149,4.384011
trust_unaware,on_off,0.4,True,high,True,attempted_interactions,6.747520,0.067913,50,6.728695,6.766345
trust_unaware,on_off,0.4,True,high,True,successful_cooperations,4.360080,0.086336,50,4.336149,4.384011
trust_unaware,on_off,0.4,True,high,True,failed_interactions,2.387440,0.064319,50,2.369612,2.405268
trust_unaware,on_off,0.4,True,high,True,blocked_privacy_interactions,0.251760,0.056429,50,0.236119,0.267401
trust_unaware,on_off,0.4,True,high,True,cooperation_rate,0.646106,0.009733,50,0.643409,0.648804
trust_unaware,on_off,0.4,True,high,True,task_completion_ratio,0.622893,0.011748,50,0.619637,0.626149
trust_unaware,on_off,0.4,True,high,True,reliability_score,0.622950,0.011728,50,0.619699,0.626200
trust_unaware,on_off,0.4,True,high,True,resource_efficiency,0.604057,0.011304,50,0.600924,0.607190
trust_unaware,on_off,0.4,True,high,True,fairness_index,0.861713,0.012651,50,0.858206,0.865220
trust_unaware,on_off,0.4,True,high,True,trust_stability_index,0.700727,0.006229,50,0.699000,0.702454
trust_unaware,on_off,0.4,True,high,True,privacy_exposure_risk,0.452435,0.006557,50,0.450617,0.454252
trust_unaware,on_off,0.4,True,high,True,candidate_privacy_risk,0.527029,0.005822,50,0.525415,0.528642
trust_unaware,on_off,0.4,True,high,True,accepted_privacy_exposure,0.452435,0.006557,50,0.450617,0.454252
trust_unaware,on_off,0.4,True,high,True,avg_trust,0.489271,0.008840,50,0.486821,0.491721
trust_unaware,on_off,0.4,True,high,True,trust_variance,0.074818,0.001557,50,0.074387,0.075250
trust_unaware,on_off,0.4,True,high,True,avg_preference,0.576224,0.006970,50,0.574291,0.578156
trust_unaware,on_off,0.4,True,high,True,avg_reciprocity,0.534836,0.014884,50,0.530710,0.538961
trust_unaware,on_off,0.4,True,high,True,avg_privacy_risk,0.433966,0.007813,50,0.431800,0.436132
trust_unaware,on_off,0.4,True,high,True,avg_total_utility,0.738693,0.001725,50,0.738215,0.739171
trust_unaware,on_off,0.4,True,high,True,avg_system_utility,0.713839,0.001631,50,0.713387,0.714291
trust_unaware,on_off,0.4,True,high,True,avg_social_utility,0.454512,0.003716,50,0.453482,0.455542
trust_unaware,on_off,0.4,True,high,True,avg_resource_utility,0.981833,0.000076,50,0.981812,0.981854
trust_unaware,on_off,0.4,True,high,True,avg_privacy_utility,0.547565,0.006557,50,0.545748,0.549383
trust_unaware,on_off,0.4,True,high,True,avg_incentive_utility,0.710958,0.003485,50,0.709991,0.711924
trust_unaware,on_off,0.4,True,high,True,energy_consumed,0.062330,0.000698,50,0.062137,0.062523
trust_unaware,on_off,0.4,True,high,True,bandwidth_consumed,0.264851,0.003271,50,0.263944,0.265757
trust_unaware,on_off,0.4,True,high,True,compute_consumed,0.353323,0.004028,50,0.352207,0.354440
trust_unaware,on_off,0.4,True,high,True,throughput_mbps,34.880640,0.690686,50,34.689191,35.072089
trust_unaware,on_off,0.4,True,high,True,packet_delivery_ratio,0.646106,0.009733,50,0.643409,0.648804
trust_unaware,on_off,0.4,True,high,True,e2e_delay_ms,95.321891,0.696143,50,95.128930,95.514852
trust_unaware,on_off,0.4,True,high,True,active_nodes,49.992040,0.011798,50,49.988770,49.995310
trust_unaware,on_off,0.4,True,high,True,reputation_honest,0.503987,0.041002,50,0.492622,0.515353
trust_unaware,on_off,0.4,True,high,True,reputation_attacker,0.360794,0.043866,50,0.348635,0.372953
trust_unaware,on_off,0.4,True,high,True,reputation_separation,0.143193,0.067381,50,0.124516,0.161870
trust_unaware,on_off,0.4,True,high,True,attacker_defection_rate,0.416023,0.013502,50,0.412280,0.419765
trust_unaware,on_off,0.4,True,high,True,decision_distortion,0.075506,0.005704,50,0.073925,0.077088
trust_unaware,on_off,0.4,True,high,True,decision_distortion_evidenced,0.071960,0.009210,50,0.069407,0.074513
trust_unaware,on_off,0.4,True,high,True,decision_distortion_counterfactual,0.087138,0.007224,50,0.085136,0.089141
trust_unaware,on_off,0.4,True,high,True,decision_distortion_counterfactual_evidenced,0.090817,0.012037,50,0.087481,0.094154
trust_unaware,reciprocity_exploitation,0.1,True,high,True,generated_tasks,6.992240,0.038453,50,6.981581,7.002899
trust_unaware,reciprocity_exploitation,0.1,True,high,True,completed_tasks,4.457320,0.079053,50,4.435408,4.479232
trust_unaware,reciprocity_exploitation,0.1,True,high,True,attempted_interactions,6.762120,0.066412,50,6.743712,6.780528
trust_unaware,reciprocity_exploitation,0.1,True,high,True,successful_cooperations,4.457320,0.079053,50,4.435408,4.479232
trust_unaware,reciprocity_exploitation,0.1,True,high,True,failed_interactions,2.304800,0.054188,50,2.289780,2.319820
trust_unaware,reciprocity_exploitation,0.1,True,high,True,blocked_privacy_interactions,0.229800,0.058078,50,0.213701,0.245899
trust_unaware,reciprocity_exploitation,0.1,True,high,True,cooperation_rate,0.659271,0.008486,50,0.656919,0.661624
trust_unaware,reciprocity_exploitation,0.1,True,high,True,task_completion_ratio,0.637370,0.011057,50,0.634305,0.640435
trust_unaware,reciprocity_exploitation,0.1,True,high,True,reliability_score,0.637400,0.011046,50,0.634338,0.640462
trust_unaware,reciprocity_exploitation,0.1,True,high,True,resource_efficiency,0.618051,0.010620,50,0.615107,0.620994
trust_unaware,reciprocity_exploitation,0.1,True,high,True,fairness_index,0.845729,0.011961,50,0.842413,0.849044
trust_unaware,reciprocity_exploitation,0.1,True,high,True,trust_stability_index,0.696808,0.006026,50,0.695138,0.698478
trust_unaware,reciprocity_exploitation,0.1,True,high,True,privacy_exposure_risk,0.448000,0.004807,50,0.446667,0.449332
trust_unaware,reciprocity_exploitation,0.1,True,high,True,candidate_privacy_risk,0.524292,0.005648,50,0.522727,0.525858
trust_unaware,reciprocity_exploitation,0.1,True,high,True,accepted_privacy_exposure,0.448000,0.004807,50,0.446667,0.449332
trust_unaware,reciprocity_exploitation,0.1,True,high,True,avg_trust,0.493294,0.010118,50,0.490490,0.496099
trust_unaware,reciprocity_exploitation,0.1,True,high,True,trust_variance,0.075798,0.001507,50,0.075380,0.076216
trust_unaware,reciprocity_exploitation,0.1,True,high,True,avg_preference,0.577719,0.008050,50,0.575488,0.579951
trust_unaware,reciprocity_exploitation,0.1,True,high,True,avg_reciprocity,0.532489,0.018516,50,0.527356,0.537621
trust_unaware,reciprocity_exploitation,0.1,True,high,True,avg_privacy_risk,0.431289,0.005243,50,0.429836,0.432743
trust_unaware,reciprocity_exploitation,0.1,True,high,True,avg_total_utility,0.739973,0.001401,50,0.739585,0.740362
trust_unaware,reciprocity_exploitation,0.1,True,high,True,avg_system_utility,0.713397,0.001244,50,0.713052,0.713742
trust_unaware,reciprocity_exploitation,0.1,True,high,True,avg_social_utility,0.455863,0.002683,50,0.455120,0.456607
trust_unaware,reciprocity_exploitation,0.1,True,high,True,avg_resource_utility,0.981826,0.000085,50,0.981802,0.981850
trust_unaware,reciprocity_exploitation,0.1,True,high,True,avg_privacy_utility,0.552000,0.004807,50,0.550668,0.553333
trust_unaware,reciprocity_exploitation,0.1,True,high,True,avg_incentive_utility,0.712488,0.002572,50,0.711775,0.713201
trust_unaware,reciprocity_exploitation,0.1,True,high,True,energy_consumed,0.062484,0.000716,50,0.062286,0.062683
trust_unaware,reciprocity_exploitation,0.1,True,high,True,bandwidth_consumed,0.265521,0.003573,50,0.264530,0.266511
trust_unaware,reciprocity_exploitation,0.1,True,high,True,compute_consumed,0.354192,0.004455,50,0.352957,0.355427
trust_unaware,reciprocity_exploitation,0.1,True,high,True,throughput_mbps,35.658560,0.632425,50,35.483261,35.833859
trust_unaware,reciprocity_exploitation,0.1,True,high,True,packet_delivery_ratio,0.659271,0.008486,50,0.656919,0.661624
trust_unaware,reciprocity_exploitation,0.1,True,high,True,e2e_delay_ms,95.901269,0.598591,50,95.735348,96.067190
trust_unaware,reciprocity_exploitation,0.1,True,high,True,active_nodes,49.993160,0.010373,50,49.990285,49.996035
trust_unaware,reciprocity_exploitation,0.1,True,high,True,reputation_honest,0.493207,0.028611,50,0.485276,0.501137
trust_unaware,reciprocity_exploitation,0.1,True,high,True,reputation_attacker,0.208506,0.023385,50,0.202024,0.214988
trust_unaware,reciprocity_exploitation,0.1,True,high,True,reputation_separation,0.284701,0.033198,50,0.275499,0.293903
trust_unaware,reciprocity_exploitation,0.1,True,high,True,attacker_defection_rate,0.902988,0.036158,50,0.892965,0.913010
trust_unaware,reciprocity_exploitation,0.1,True,high,True,decision_distortion,0.076129,0.003635,50,0.075121,0.077137
trust_unaware,reciprocity_exploitation,0.1,True,high,True,decision_distortion_evidenced,0.071547,0.005189,50,0.070109,0.072986
trust_unaware,reciprocity_exploitation,0.1,True,high,True,decision_distortion_counterfactual,0.086971,0.004468,50,0.085732,0.088209
trust_unaware,reciprocity_exploitation,0.1,True,high,True,decision_distortion_counterfactual_evidenced,0.089993,0.006966,50,0.088062,0.091924
trust_unaware,reciprocity_exploitation,0.2,True,high,True,generated_tasks,7.007200,0.038947,50,6.996404,7.017996
trust_unaware,reciprocity_exploitation,0.2,True,high,True,completed_tasks,4.350960,0.076157,50,4.329850,4.372070
trust_unaware,reciprocity_exploitation,0.2,True,high,True,attempted_interactions,6.753080,0.068860,50,6.733993,6.772167
trust_unaware,reciprocity_exploitation,0.2,True,high,True,successful_cooperations,4.350960,0.076157,50,4.329850,4.372070
trust_unaware,reciprocity_exploitation,0.2,True,high,True,failed_interactions,2.402120,0.053719,50,2.387230,2.417010
trust_unaware,reciprocity_exploitation,0.2,True,high,True,blocked_privacy_interactions,0.253560,0.051294,50,0.239342,0.267778
trust_unaware,reciprocity_exploitation,0.2,True,high,True,cooperation_rate,0.644328,0.008299,50,0.642028,0.646629
trust_unaware,reciprocity_exploitation,0.2,True,high,True,task_completion_ratio,0.620872,0.010680,50,0.617911,0.623832
trust_unaware,reciprocity_exploitation,0.2,True,high,True,reliability_score,0.620916,0.010688,50,0.617953,0.623878
trust_unaware,reciprocity_exploitation,0.2,True,high,True,resource_efficiency,0.602122,0.010295,50,0.599268,0.604975
trust_unaware,reciprocity_exploitation,0.2,True,high,True,fairness_index,0.825286,0.012139,50,0.821921,0.828650
trust_unaware,reciprocity_exploitation,0.2,True,high,True,trust_stability_index,0.698258,0.005774,50,0.696657,0.699858
trust_unaware,reciprocity_exploitation,0.2,True,high,True,privacy_exposure_risk,0.448577,0.005110,50,0.447160,0.449993
trust_unaware,reciprocity_exploitation,0.2,True,high,True,candidate_privacy_risk,0.528437,0.004453,50,0.527203,0.529671
trust_unaware,reciprocity_exploitation,0.2,True,high,True,accepted_privacy_exposure,0.448577,0.005110,50,0.447160,0.449993
trust_unaware,reciprocity_exploitation,0.2,True,high,True,avg_trust,0.483958,0.008459,50,0.481613,0.486302
trust_unaware,reciprocity_exploitation,0.2,True,high,True,trust_variance,0.075436,0.001443,50,0.075036,0.075836
trust_unaware,reciprocity_exploitation,0.2,True,high,True,avg_preference,0.569385,0.006777,50,0.567507,0.571264
trust_unaware,reciprocity_exploitation,0.2,True,high,True,avg_reciprocity,0.516718,0.015948,50,0.512297,0.521138
trust_unaware,reciprocity_exploitation,0.2,True,high,True,avg_privacy_risk,0.430210,0.006129,50,0.428511,0.431909
trust_unaware,reciprocity_exploitation,0.2,True,high,True,avg_total_utility,0.738952,0.001389,50,0.738567,0.739337
trust_unaware,reciprocity_exploitation,0.2,True,high,True,avg_system_utility,0.712675,0.001660,50,0.712215,0.713135
trust_unaware,reciprocity_exploitation,0.2,True,high,True,avg_social_utility,0.453001,0.003604,50,0.452002,0.454000
trust_unaware,reciprocity_exploitation,0.2,True,high,True,avg_resource_utility,0.981836,0.000087,50,0.981812,0.981860
trust_unaware,reciprocity_exploitation,0.2,True,high,True,avg_privacy_utility,0.551423,0.005110,50,0.550007,0.552840
trust_unaware,reciprocity_exploitation,0.2,True,high,True,avg_incentive_utility,0.709173,0.003039,50,0.708330,0.710015
trust_unaware,reciprocity_exploitation,0.2,True,high,True,energy_consumed,0.062391,0.000712,50,0.062194,0.062588
trust_unaware,reciprocity_exploitation,0.2,True,high,True,bandwidth_consumed,0.265285,0.003298,50,0.264371,0.266199
trust_unaware,reciprocity_exploitation,0.2,True,high,True,compute_consumed,0.353273,0.004565,50,0.352008,0.354539
trust_unaware,reciprocity_exploitation,0.2,True,high,True,throughput_mbps,34.807680,0.609255,50,34.638803,34.976557
trust_unaware,reciprocity_exploitation,0.2,True,high,True,packet_delivery_ratio,0.644328,0.008299,50,0.642028,0.646629
trust_unaware,reciprocity_exploitation,0.2,True,high,True,e2e_delay_ms,95.831044,0.571932,50,95.672512,95.989575
trust_unaware,reciprocity_exploitation,0.2,True,high,True,active_nodes,49.992520,0.008897,50,49.990054,49.994986
trust_unaware,reciprocity_exploitation,0.2,True,high,True,reputation_honest,0.500555,0.034787,50,0.490913,0.510198
trust_unaware,reciprocity_exploitation,0.2,True,high,True,reputation_attacker,0.206382,0.011271,50,0.203258,0.209506
trust_unaware,reciprocity_exploitation,0.2,True,high,True,reputation_separation,0.294173,0.035197,50,0.284417,0.303930
trust_unaware,reciprocity_exploitation,0.2,True,high,True,attacker_defection_rate,0.901152,0.021313,50,0.895244,0.907059
trust_unaware,reciprocity_exploitation,0.2,True,high,True,decision_distortion,0.074865,0.004453,50,0.073630,0.076099
trust_unaware,reciprocity_exploitation,0.2,True,high,True,decision_distortion_evidenced,0.070810,0.006595,50,0.068982,0.072638
trust_unaware,reciprocity_exploitation,0.2,True,high,True,decision_distortion_counterfactual,0.086607,0.005607,50,0.085053,0.088162
trust_unaware,reciprocity_exploitation,0.2,True,high,True,decision_distortion_counterfactual_evidenced,0.089895,0.008767,50,0.087464,0.092325
trust_unaware,reciprocity_exploitation,0.3,True,high,True,generated_tasks,6.998440,0.031801,50,6.989625,7.007255
trust_unaware,reciprocity_exploitation,0.3,True,high,True,completed_tasks,4.171240,0.107346,50,4.141485,4.200995
trust_unaware,reciprocity_exploitation,0.3,True,high,True,attempted_interactions,6.726280,0.073291,50,6.705965,6.746595
trust_unaware,reciprocity_exploitation,0.3,True,high,True,successful_cooperations,4.171240,0.107346,50,4.141485,4.200995
trust_unaware,reciprocity_exploitation,0.3,True,high,True,failed_interactions,2.555040,0.089417,50,2.530255,2.579825
trust_unaware,reciprocity_exploitation,0.3,True,high,True,blocked_privacy_interactions,0.270880,0.064292,50,0.253059,0.288701
trust_unaware,reciprocity_exploitation,0.3,True,high,True,cooperation_rate,0.620769,0.013319,50,0.617077,0.624461
trust_unaware,reciprocity_exploitation,0.3,True,high,True,task_completion_ratio,0.596156,0.014991,50,0.592001,0.600311
trust_unaware,reciprocity_exploitation,0.3,True,high,True,reliability_score,0.596248,0.014977,50,0.592096,0.600399
trust_unaware,reciprocity_exploitation,0.3,True,high,True,resource_efficiency,0.578180,0.014463,50,0.574172,0.582189
trust_unaware,reciprocity_exploitation,0.3,True,high,True,fairness_index,0.798225,0.013464,50,0.794493,0.801957
trust_unaware,reciprocity_exploitation,0.3,True,high,True,trust_stability_index,0.701423,0.007112,50,0.699451,0.703394
trust_unaware,reciprocity_exploitation,0.3,True,high,True,privacy_exposure_risk,0.452055,0.005512,50,0.450528,0.453583
trust_unaware,reciprocity_exploitation,0.3,True,high,True,candidate_privacy_risk,0.532507,0.004208,50,0.531340,0.533673
trust_unaware,reciprocity_exploitation,0.3,True,high,True,accepted_privacy_exposure,0.452055,0.005512,50,0.450528,0.453583
trust_unaware,reciprocity_exploitation,0.3,True,high,True,avg_trust,0.467599,0.010041,50,0.464815,0.470382
trust_unaware,reciprocity_exploitation,0.3,True,high,True,trust_variance,0.074644,0.001778,50,0.074151,0.075137
trust_unaware,reciprocity_exploitation,0.3,True,high,True,avg_preference,0.555847,0.008119,50,0.553596,0.558097
trust_unaware,reciprocity_exploitation,0.3,True,high,True,avg_reciprocity,0.488097,0.019115,50,0.482799,0.493396
trust_unaware,reciprocity_exploitation,0.3,True,high,True,avg_privacy_risk,0.432399,0.006831,50,0.430505,0.434292
trust_unaware,reciprocity_exploitation,0.3,True,high,True,avg_total_utility,0.736393,0.001708,50,0.735920,0.736867
trust_unaware,reciprocity_exploitation,0.3,True,high,True,avg_system_utility,0.711163,0.001287,50,0.710806,0.711519
trust_unaware,reciprocity_exploitation,0.3,True,high,True,avg_social_utility,0.448223,0.003268,50,0.447317,0.449129
trust_unaware,reciprocity_exploitation,0.3,True,high,True,avg_resource_utility,0.981826,0.000089,50,0.981802,0.981851
trust_unaware,reciprocity_exploitation,0.3,True,high,True,avg_privacy_utility,0.547945,0.005512,50,0.546417,0.549472
trust_unaware,reciprocity_exploitation,0.3,True,high,True,avg_incentive_utility,0.703009,0.003498,50,0.702039,0.703979
trust_unaware,reciprocity_exploitation,0.3,True,high,True,energy_consumed,0.062227,0.000785,50,0.062010,0.062445
trust_unaware,reciprocity_exploitation,0.3,True,high,True,bandwidth_consumed,0.264179,0.003438,50,0.263226,0.265132
trust_unaware,reciprocity_exploitation,0.3,True,high,True,compute_consumed,0.352109,0.004634,50,0.350825,0.353394
trust_unaware,reciprocity_exploitation,0.3,True,high,True,throughput_mbps,33.369920,0.858765,50,33.131882,33.607958
trust_unaware,reciprocity_exploitation,0.3,True,high,True,packet_delivery_ratio,0.620769,0.013319,50,0.617077,0.624461
trust_unaware,reciprocity_exploitation,0.3,True,high,True,e2e_delay_ms,95.799562,0.598908,50,95.633553,95.965571
trust_unaware,reciprocity_exploitation,0.3,True,high,True,active_nodes,49.988000,0.012879,50,49.984430,49.991570
trust_unaware,reciprocity_exploitation,0.3,True,high,True,reputation_honest,0.520879,0.026723,50,0.513472,0.528287
trust_unaware,reciprocity_exploitation,0.3,True,high,True,reputation_attacker,0.206022,0.009509,50,0.203386,0.208658
trust_unaware,reciprocity_exploitation,0.3,True,high,True,reputation_separation,0.314858,0.028569,50,0.306939,0.322777
trust_unaware,reciprocity_exploitation,0.3,True,high,True,attacker_defection_rate,0.904486,0.019359,50,0.899120,0.909852
trust_unaware,reciprocity_exploitation,0.3,True,high,True,decision_distortion,0.074000,0.005133,50,0.072577,0.075423
trust_unaware,reciprocity_exploitation,0.3,True,high,True,decision_distortion_evidenced,0.069533,0.006785,50,0.067652,0.071414
trust_unaware,reciprocity_exploitation,0.3,True,high,True,decision_distortion_counterfactual,0.086500,0.006554,50,0.084683,0.088317
trust_unaware,reciprocity_exploitation,0.3,True,high,True,decision_distortion_counterfactual_evidenced,0.088571,0.009024,50,0.086069,0.091072
trust_unaware,reciprocity_exploitation,0.4,True,high,True,generated_tasks,7.001840,0.038219,50,6.991246,7.012434
trust_unaware,reciprocity_exploitation,0.4,True,high,True,completed_tasks,4.009480,0.086343,50,3.985547,4.033413
trust_unaware,reciprocity_exploitation,0.4,True,high,True,attempted_interactions,6.706000,0.076401,50,6.684823,6.727177
trust_unaware,reciprocity_exploitation,0.4,True,high,True,successful_cooperations,4.009480,0.086343,50,3.985547,4.033413
trust_unaware,reciprocity_exploitation,0.4,True,high,True,failed_interactions,2.696520,0.077666,50,2.674992,2.718048
trust_unaware,reciprocity_exploitation,0.4,True,high,True,blocked_privacy_interactions,0.294120,0.067719,50,0.275349,0.312891
trust_unaware,reciprocity_exploitation,0.4,True,high,True,cooperation_rate,0.598037,0.010934,50,0.595007,0.601068
trust_unaware,reciprocity_exploitation,0.4,True,high,True,task_completion_ratio,0.572495,0.012598,50,0.569003,0.575987
trust_unaware,reciprocity_exploitation,0.4,True,high,True,reliability_score,0.572619,0.012599,50,0.569126,0.576111
trust_unaware,reciprocity_exploitation,0.4,True,high,True,resource_efficiency,0.555293,0.012147,50,0.551926,0.558660
trust_unaware,reciprocity_exploitation,0.4,True,high,True,fairness_index,0.770062,0.015405,50,0.765792,0.774332
trust_unaware,reciprocity_exploitation,0.4,True,high,True,trust_stability_index,0.705218,0.006136,50,0.703517,0.706919
trust_unaware,reciprocity_exploitation,0.4,True,high,True,privacy_exposure_risk,0.455766,0.006417,50,0.453987,0.457544
trust_unaware,reciprocity_exploitation,0.4,True,high,True,candidate_privacy_risk,0.538321,0.004362,50,0.537112,0.539530
trust_unaware,reciprocity_exploitation,0.4,True,high,True,accepted_privacy_exposure,0.455766,0.006417,50,0.453987,0.457544
trust_unaware,reciprocity_exploitation,0.4,True,high,True,avg_trust,0.456168,0.008409,50,0.453837,0.458499
trust_unaware,reciprocity_exploitation,0.4,True,high,True,trust_variance,0.073696,0.001534,50,0.073270,0.074121
trust_unaware,reciprocity_exploitation,0.4,True,high,True,avg_preference,0.546065,0.006700,50,0.544208,0.547922
trust_unaware,reciprocity_exploitation,0.4,True,high,True,avg_reciprocity,0.467009,0.018620,50,0.461848,0.472170
trust_unaware,reciprocity_exploitation,0.4,True,high,True,avg_privacy_risk,0.434381,0.007966,50,0.432173,0.436589
trust_unaware,reciprocity_exploitation,0.4,True,high,True,avg_total_utility,0.733877,0.001989,50,0.733325,0.734428
trust_unaware,reciprocity_exploitation,0.4,True,high,True,avg_system_utility,0.709833,0.001794,50,0.709335,0.710330
trust_unaware,reciprocity_exploitation,0.4,True,high,True,avg_social_utility,0.443617,0.003614,50,0.442616,0.444619
trust_unaware,reciprocity_exploitation,0.4,True,high,True,avg_resource_utility,0.981833,0.000089,50,0.981809,0.981858
trust_unaware,reciprocity_exploitation,0.4,True,high,True,avg_privacy_utility,0.544234,0.006417,50,0.542456,0.546013
trust_unaware,reciprocity_exploitation,0.4,True,high,True,avg_incentive_utility,0.697051,0.003756,50,0.696009,0.698092
trust_unaware,reciprocity_exploitation,0.4,True,high,True,energy_consumed,0.061980,0.000764,50,0.061768,0.062191
trust_unaware,reciprocity_exploitation,0.4,True,high,True,bandwidth_consumed,0.263026,0.003656,50,0.262013,0.264040
trust_unaware,reciprocity_exploitation,0.4,True,high,True,compute_consumed,0.351250,0.004628,50,0.349967,0.352533
trust_unaware,reciprocity_exploitation,0.4,True,high,True,throughput_mbps,32.075840,0.690746,50,31.884375,32.267305
trust_unaware,reciprocity_exploitation,0.4,True,high,True,packet_delivery_ratio,0.598037,0.010934,50,0.595007,0.601068
trust_unaware,reciprocity_exploitation,0.4,True,high,True,e2e_delay_ms,95.763146,0.743784,50,95.556979,95.969312
trust_unaware,reciprocity_exploitation,0.4,True,high,True,active_nodes,49.980920,0.013975,50,49.977046,49.984794
trust_unaware,reciprocity_exploitation,0.4,True,high,True,reputation_honest,0.530158,0.037356,50,0.519803,0.540512
trust_unaware,reciprocity_exploitation,0.4,True,high,True,reputation_attacker,0.205283,0.007186,50,0.203291,0.207275
trust_unaware,reciprocity_exploitation,0.4,True,high,True,reputation_separation,0.324875,0.037230,50,0.314555,0.335195
trust_unaware,reciprocity_exploitation,0.4,True,high,True,attacker_defection_rate,0.900880,0.017002,50,0.896167,0.905592
trust_unaware,reciprocity_exploitation,0.4,True,high,True,decision_distortion,0.073827,0.006227,50,0.072101,0.075553
trust_unaware,reciprocity_exploitation,0.4,True,high,True,decision_distortion_evidenced,0.070459,0.009063,50,0.067947,0.072971
trust_unaware,reciprocity_exploitation,0.4,True,high,True,decision_distortion_counterfactual,0.086971,0.007755,50,0.084821,0.089120
trust_unaware,reciprocity_exploitation,0.4,True,high,True,decision_distortion_counterfactual_evidenced,0.089472,0.011359,50,0.086323,0.092620
trust_unaware,selective,0.1,True,high,True,generated_tasks,6.996960,0.033264,50,6.987740,7.006180
trust_unaware,selective,0.1,True,high,True,completed_tasks,4.463000,0.082022,50,4.440265,4.485735
trust_unaware,selective,0.1,True,high,True,attempted_interactions,6.762320,0.065267,50,6.744229,6.780411
trust_unaware,selective,0.1,True,high,True,successful_cooperations,4.463000,0.082022,50,4.440265,4.485735
trust_unaware,selective,0.1,True,high,True,failed_interactions,2.299320,0.056875,50,2.283555,2.315085
trust_unaware,selective,0.1,True,high,True,blocked_privacy_interactions,0.234120,0.065428,50,0.215984,0.252256
trust_unaware,selective,0.1,True,high,True,cooperation_rate,0.659892,0.008723,50,0.657474,0.662310
trust_unaware,selective,0.1,True,high,True,task_completion_ratio,0.637857,0.011790,50,0.634589,0.641125
trust_unaware,selective,0.1,True,high,True,reliability_score,0.637903,0.011770,50,0.634640,0.641165
trust_unaware,selective,0.1,True,high,True,resource_efficiency,0.618518,0.011339,50,0.615375,0.621661
trust_unaware,selective,0.1,True,high,True,fairness_index,0.846734,0.011065,50,0.843666,0.849801
trust_unaware,selective,0.1,True,high,True,trust_stability_index,0.696294,0.005786,50,0.694690,0.697898
trust_unaware,selective,0.1,True,high,True,privacy_exposure_risk,0.448770,0.005625,50,0.447211,0.450329
trust_unaware,selective,0.1,True,high,True,candidate_privacy_risk,0.524377,0.005958,50,0.522726,0.526029
trust_unaware,selective,0.1,True,high,True,accepted_privacy_exposure,0.448770,0.005625,50,0.447211,0.450329
trust_unaware,selective,0.1,True,high,True,avg_trust,0.493091,0.008946,50,0.490612,0.495571
trust_unaware,selective,0.1,True,high,True,trust_variance,0.075926,0.001446,50,0.075526,0.076327
trust_unaware,selective,0.1,True,high,True,avg_preference,0.577993,0.007282,50,0.575974,0.580011
trust_unaware,selective,0.1,True,high,True,avg_reciprocity,0.532465,0.018333,50,0.527384,0.537547
trust_unaware,selective,0.1,True,high,True,avg_privacy_risk,0.431744,0.006775,50,0.429866,0.433622
trust_unaware,selective,0.1,True,high,True,avg_total_utility,0.739938,0.001725,50,0.739460,0.740416
trust_unaware,selective,0.1,True,high,True,avg_system_utility,0.713706,0.001628,50,0.713254,0.714157
trust_unaware,selective,0.1,True,high,True,avg_social_utility,0.455833,0.003434,50,0.454882,0.456785
trust_unaware,selective,0.1,True,high,True,avg_resource_utility,0.981819,0.000093,50,0.981794,0.981845
trust_unaware,selective,0.1,True,high,True,avg_privacy_utility,0.551230,0.005625,50,0.549671,0.552789
trust_unaware,selective,0.1,True,high,True,avg_incentive_utility,0.712821,0.003064,50,0.711972,0.713670
trust_unaware,selective,0.1,True,high,True,energy_consumed,0.062493,0.000639,50,0.062316,0.062670
trust_unaware,selective,0.1,True,high,True,bandwidth_consumed,0.265483,0.002805,50,0.264706,0.266261
trust_unaware,selective,0.1,True,high,True,compute_consumed,0.354625,0.004200,50,0.353461,0.355789
trust_unaware,selective,0.1,True,high,True,throughput_mbps,35.704000,0.656173,50,35.522118,35.885882
trust_unaware,selective,0.1,True,high,True,packet_delivery_ratio,0.659892,0.008723,50,0.657474,0.662310
trust_unaware,selective,0.1,True,high,True,e2e_delay_ms,95.796955,0.735988,50,95.592950,96.000961
trust_unaware,selective,0.1,True,high,True,active_nodes,49.993680,0.007942,50,49.991479,49.995881
trust_unaware,selective,0.1,True,high,True,reputation_honest,0.494083,0.035657,50,0.484199,0.503966
trust_unaware,selective,0.1,True,high,True,reputation_attacker,0.201727,0.010181,50,0.198905,0.204550
trust_unaware,selective,0.1,True,high,True,reputation_separation,0.292355,0.038310,50,0.281736,0.302974
trust_unaware,selective,0.1,True,high,True,attacker_defection_rate,0.952463,0.021634,50,0.946467,0.958460
trust_unaware,selective,0.1,True,high,True,decision_distortion,0.075758,0.004716,50,0.074451,0.077065
trust_unaware,selective,0.1,True,high,True,decision_distortion_evidenced,0.071460,0.007299,50,0.069437,0.073483
trust_unaware,selective,0.1,True,high,True,decision_distortion_counterfactual,0.086653,0.005733,50,0.085064,0.088242
trust_unaware,selective,0.1,True,high,True,decision_distortion_counterfactual_evidenced,0.090287,0.009776,50,0.087578,0.092997
trust_unaware,selective,0.2,True,high,True,generated_tasks,6.995960,0.028303,50,6.988115,7.003805
trust_unaware,selective,0.2,True,high,True,completed_tasks,4.317080,0.085761,50,4.293308,4.340852
trust_unaware,selective,0.2,True,high,True,attempted_interactions,6.743280,0.067596,50,6.724543,6.762017
trust_unaware,selective,0.2,True,high,True,successful_cooperations,4.317080,0.085761,50,4.293308,4.340852
trust_unaware,selective,0.2,True,high,True,failed_interactions,2.426200,0.070516,50,2.406654,2.445746
trust_unaware,selective,0.2,True,high,True,blocked_privacy_interactions,0.252320,0.059676,50,0.235779,0.268861
trust_unaware,selective,0.2,True,high,True,cooperation_rate,0.640358,0.010025,50,0.637579,0.643136
trust_unaware,selective,0.2,True,high,True,task_completion_ratio,0.616934,0.011652,50,0.613704,0.620164
trust_unaware,selective,0.2,True,high,True,reliability_score,0.616968,0.011641,50,0.613742,0.620195
trust_unaware,selective,0.2,True,high,True,resource_efficiency,0.598293,0.011242,50,0.595177,0.601409
trust_unaware,selective,0.2,True,high,True,fairness_index,0.821021,0.010987,50,0.817975,0.824066
trust_unaware,selective,0.2,True,high,True,trust_stability_index,0.699423,0.005736,50,0.697833,0.701013
trust_unaware,selective,0.2,True,high,True,privacy_exposure_risk,0.450814,0.006875,50,0.448908,0.452719
trust_unaware,selective,0.2,True,high,True,candidate_privacy_risk,0.529512,0.005079,50,0.528104,0.530919
trust_unaware,selective,0.2,True,high,True,accepted_privacy_exposure,0.450814,0.006875,50,0.448908,0.452719
trust_unaware,selective,0.2,True,high,True,avg_trust,0.479795,0.008851,50,0.477341,0.482248
trust_unaware,selective,0.2,True,high,True,trust_variance,0.075144,0.001434,50,0.074747,0.075542
trust_unaware,selective,0.2,True,high,True,avg_preference,0.565967,0.006500,50,0.564165,0.567769
trust_unaware,selective,0.2,True,high,True,avg_reciprocity,0.509099,0.013861,50,0.505257,0.512941
trust_unaware,selective,0.2,True,high,True,avg_privacy_risk,0.432634,0.008715,50,0.430218,0.435050
trust_unaware,selective,0.2,True,high,True,avg_total_utility,0.738143,0.001663,50,0.737682,0.738604
trust_unaware,selective,0.2,True,high,True,avg_system_utility,0.712589,0.001446,50,0.712188,0.712990
trust_unaware,selective,0.2,True,high,True,avg_social_utility,0.451742,0.003130,50,0.450875,0.452610
trust_unaware,selective,0.2,True,high,True,avg_resource_utility,0.981832,0.000082,50,0.981810,0.981855
trust_unaware,selective,0.2,True,high,True,avg_privacy_utility,0.549186,0.006875,50,0.547281,0.551092
trust_unaware,selective,0.2,True,high,True,avg_incentive_utility,0.708060,0.003212,50,0.707170,0.708951
trust_unaware,selective,0.2,True,high,True,energy_consumed,0.062330,0.000594,50,0.062165,0.062494
trust_unaware,selective,0.2,True,high,True,bandwidth_consumed,0.264806,0.002848,50,0.264016,0.265595
trust_unaware,selective,0.2,True,high,True,compute_consumed,0.352850,0.003868,50,0.351778,0.353922
trust_unaware,selective,0.2,True,high,True,throughput_mbps,34.536640,0.686089,50,34.346466,34.726814
trust_unaware,selective,0.2,True,high,True,packet_delivery_ratio,0.640358,0.010025,50,0.637579,0.643136
trust_unaware,selective,0.2,True,high,True,e2e_delay_ms,95.802992,0.807431,50,95.579183,96.026800
trust_unaware,selective,0.2,True,high,True,active_nodes,49.993320,0.009886,50,49.990580,49.996060
trust_unaware,selective,0.2,True,high,True,reputation_honest,0.508500,0.030410,50,0.500071,0.516929
trust_unaware,selective,0.2,True,high,True,reputation_attacker,0.201138,0.006646,50,0.199296,0.202980
trust_unaware,selective,0.2,True,high,True,reputation_separation,0.307362,0.032083,50,0.298469,0.316255
trust_unaware,selective,0.2,True,high,True,attacker_defection_rate,0.949308,0.016849,50,0.944638,0.953978
trust_unaware,selective,0.2,True,high,True,decision_distortion,0.075340,0.004313,50,0.074144,0.076535
trust_unaware,selective,0.2,True,high,True,decision_distortion_evidenced,0.071148,0.006296,50,0.069403,0.072893
trust_unaware,selective,0.2,True,high,True,decision_distortion_counterfactual,0.087088,0.005557,50,0.085548,0.088628
trust_unaware,selective,0.2,True,high,True,decision_distortion_counterfactual_evidenced,0.090116,0.008507,50,0.087758,0.092474
trust_unaware,selective,0.3,True,high,True,generated_tasks,6.999480,0.041184,50,6.988064,7.010896
trust_unaware,selective,0.3,True,high,True,completed_tasks,4.181920,0.110778,50,4.151214,4.212626
trust_unaware,selective,0.3,True,high,True,attempted_interactions,6.726080,0.071651,50,6.706219,6.745941
trust_unaware,selective,0.3,True,high,True,successful_cooperations,4.181920,0.110778,50,4.151214,4.212626
trust_unaware,selective,0.3,True,high,True,failed_interactions,2.544160,0.074349,50,2.523551,2.564769
trust_unaware,selective,0.3,True,high,True,blocked_privacy_interactions,0.272400,0.061218,50,0.255431,0.289369
trust_unaware,selective,0.3,True,high,True,cooperation_rate,0.622241,0.012568,50,0.618758,0.625725
trust_unaware,selective,0.3,True,high,True,task_completion_ratio,0.597532,0.014826,50,0.593423,0.601642
trust_unaware,selective,0.3,True,high,True,reliability_score,0.597613,0.014854,50,0.593496,0.601730
trust_unaware,selective,0.3,True,high,True,resource_efficiency,0.579524,0.014293,50,0.575563,0.583486
trust_unaware,selective,0.3,True,high,True,fairness_index,0.795529,0.013922,50,0.791670,0.799388
trust_unaware,selective,0.3,True,high,True,trust_stability_index,0.702209,0.007224,50,0.700207,0.704212
trust_unaware,selective,0.3,True,high,True,privacy_exposure_risk,0.451253,0.006781,50,0.449373,0.453132
trust_unaware,selective,0.3,True,high,True,candidate_privacy_risk,0.533816,0.005428,50,0.532312,0.535320
trust_unaware,selective,0.3,True,high,True,accepted_privacy_exposure,0.451253,0.006781,50,0.449373,0.453132
trust_unaware,selective,0.3,True,high,True,avg_trust,0.468343,0.010032,50,0.465563,0.471124
trust_unaware,selective,0.3,True,high,True,trust_variance,0.074448,0.001806,50,0.073947,0.074948
trust_unaware,selective,0.3,True,high,True,avg_preference,0.556134,0.007463,50,0.554065,0.558202
trust_unaware,selective,0.3,True,high,True,avg_reciprocity,0.489051,0.017240,50,0.484273,0.493830
trust_unaware,selective,0.3,True,high,True,avg_privacy_risk,0.431597,0.007338,50,0.429563,0.433631
trust_unaware,selective,0.3,True,high,True,avg_total_utility,0.736438,0.002173,50,0.735835,0.737040
trust_unaware,selective,0.3,True,high,True,avg_system_utility,0.711004,0.001440,50,0.710605,0.711403
trust_unaware,selective,0.3,True,high,True,avg_social_utility,0.447418,0.003562,50,0.446430,0.448405
trust_unaware,selective,0.3,True,high,True,avg_resource_utility,0.981826,0.000097,50,0.981799,0.981853
trust_unaware,selective,0.3,True,high,True,avg_privacy_utility,0.548747,0.006781,50,0.546868,0.550627
trust_unaware,selective,0.3,True,high,True,avg_incentive_utility,0.702466,0.003422,50,0.701518,0.703415
trust_unaware,selective,0.3,True,high,True,energy_consumed,0.062166,0.000745,50,0.061959,0.062372
trust_unaware,selective,0.3,True,high,True,bandwidth_consumed,0.264349,0.003427,50,0.263399,0.265299
trust_unaware,selective,0.3,True,high,True,compute_consumed,0.351874,0.004464,50,0.350637,0.353111
trust_unaware,selective,0.3,True,high,True,throughput_mbps,33.455360,0.886226,50,33.209711,33.701009
trust_unaware,selective,0.3,True,high,True,packet_delivery_ratio,0.622241,0.012568,50,0.618758,0.625725
trust_unaware,selective,0.3,True,high,True,e2e_delay_ms,95.885262,0.758272,50,95.675079,96.095444
trust_unaware,selective,0.3,True,high,True,active_nodes,49.985000,0.017125,50,49.980253,49.989747
trust_unaware,selective,0.3,True,high,True,reputation_honest,0.514556,0.035391,50,0.504746,0.524365
trust_unaware,selective,0.3,True,high,True,reputation_attacker,0.201610,0.007422,50,0.199552,0.203667
trust_unaware,selective,0.3,True,high,True,reputation_separation,0.312946,0.033930,50,0.303541,0.322351
trust_unaware,selective,0.3,True,high,True,attacker_defection_rate,0.952039,0.012650,50,0.948533,0.955545
trust_unaware,selective,0.3,True,high,True,decision_distortion,0.074436,0.005241,50,0.072983,0.075888
trust_unaware,selective,0.3,True,high,True,decision_distortion_evidenced,0.070769,0.008242,50,0.068484,0.073053
trust_unaware,selective,0.3,True,high,True,decision_distortion_counterfactual,0.087368,0.007055,50,0.085413,0.089324
trust_unaware,selective,0.3,True,high,True,decision_distortion_counterfactual_evidenced,0.090496,0.011055,50,0.087432,0.093560
trust_unaware,selective,0.4,True,high,True,generated_tasks,6.995280,0.041017,50,6.983911,7.006649
trust_unaware,selective,0.4,True,high,True,completed_tasks,4.007080,0.104008,50,3.978250,4.035910
trust_unaware,selective,0.4,True,high,True,attempted_interactions,6.704400,0.070084,50,6.684974,6.723826
trust_unaware,selective,0.4,True,high,True,successful_cooperations,4.007080,0.104008,50,3.978250,4.035910
trust_unaware,selective,0.4,True,high,True,failed_interactions,2.697320,0.091850,50,2.671861,2.722779
trust_unaware,selective,0.4,True,high,True,blocked_privacy_interactions,0.289120,0.065146,50,0.271063,0.307177
trust_unaware,selective,0.4,True,high,True,cooperation_rate,0.597916,0.013942,50,0.594051,0.601780
trust_unaware,selective,0.4,True,high,True,task_completion_ratio,0.572795,0.015512,50,0.568496,0.577095
trust_unaware,selective,0.4,True,high,True,reliability_score,0.572940,0.015508,50,0.568642,0.577239
trust_unaware,selective,0.4,True,high,True,resource_efficiency,0.555543,0.014956,50,0.551398,0.559689
trust_unaware,selective,0.4,True,high,True,fairness_index,0.763475,0.015389,50,0.759209,0.767740
trust_unaware,selective,0.4,True,high,True,trust_stability_index,0.704442,0.007374,50,0.702398,0.706486
trust_unaware,selective,0.4,True,high,True,privacy_exposure_risk,0.452987,0.006735,50,0.451120,0.454854
trust_unaware,selective,0.4,True,high,True,candidate_privacy_risk,0.536915,0.004790,50,0.535587,0.538243
trust_unaware,selective,0.4,True,high,True,accepted_privacy_exposure,0.452987,0.006735,50,0.451120,0.454854
trust_unaware,selective,0.4,True,high,True,avg_trust,0.456455,0.010231,50,0.453619,0.459291
trust_unaware,selective,0.4,True,high,True,trust_variance,0.073889,0.001844,50,0.073378,0.074400
trust_unaware,selective,0.4,True,high,True,avg_preference,0.545848,0.008024,50,0.543624,0.548072
trust_unaware,selective,0.4,True,high,True,avg_reciprocity,0.465984,0.017527,50,0.461125,0.470842
trust_unaware,selective,0.4,True,high,True,avg_privacy_risk,0.432119,0.007914,50,0.429926,0.434313
trust_unaware,selective,0.4,True,high,True,avg_total_utility,0.734459,0.002001,50,0.733905,0.735014
trust_unaware,selective,0.4,True,high,True,avg_system_utility,0.709739,0.001684,50,0.709272,0.710206
trust_unaware,selective,0.4,True,high,True,avg_social_utility,0.443573,0.003651,50,0.442561,0.444585
trust_unaware,selective,0.4,True,high,True,avg_resource_utility,0.981812,0.000088,50,0.981788,0.981837
trust_unaware,selective,0.4,True,high,True,avg_privacy_utility,0.547013,0.006735,50,0.545146,0.548880
trust_unaware,selective,0.4,True,high,True,avg_incentive_utility,0.696658,0.003893,50,0.695579,0.697737
trust_unaware,selective,0.4,True,high,True,energy_consumed,0.062037,0.000781,50,0.061821,0.062253
trust_unaware,selective,0.4,True,high,True,bandwidth_consumed,0.263474,0.003612,50,0.262473,0.264475
trust_unaware,selective,0.4,True,high,True,compute_consumed,0.351369,0.004361,50,0.350160,0.352578
trust_unaware,selective,0.4,True,high,True,throughput_mbps,32.056640,0.832064,50,31.826004,32.287276
trust_unaware,selective,0.4,True,high,True,packet_delivery_ratio,0.597916,0.013942,50,0.594051,0.601780
trust_unaware,selective,0.4,True,high,True,e2e_delay_ms,95.679256,0.661898,50,95.495787,95.862725
trust_unaware,selective,0.4,True,high,True,active_nodes,49.978960,0.019721,50,49.973493,49.984427
trust_unaware,selective,0.4,True,high,True,reputation_honest,0.539519,0.034500,50,0.529956,0.549082
trust_unaware,selective,0.4,True,high,True,reputation_attacker,0.200517,0.005420,50,0.199014,0.202019
trust_unaware,selective,0.4,True,high,True,reputation_separation,0.339002,0.034802,50,0.329356,0.348649
trust_unaware,selective,0.4,True,high,True,attacker_defection_rate,0.949612,0.012156,50,0.946243,0.952981
trust_unaware,selective,0.4,True,high,True,decision_distortion,0.074354,0.005735,50,0.072764,0.075944
trust_unaware,selective,0.4,True,high,True,decision_distortion_evidenced,0.071398,0.007413,50,0.069343,0.073453
trust_unaware,selective,0.4,True,high,True,decision_distortion_counterfactual,0.088116,0.007455,50,0.086049,0.090182
trust_unaware,selective,0.4,True,high,True,decision_distortion_counterfactual_evidenced,0.091318,0.009780,50,0.088607,0.094029
trust_unaware,sybil,0.1,True,high,True,generated_tasks,6.998680,0.032666,50,6.989626,7.007734
trust_unaware,sybil,0.1,True,high,True,completed_tasks,4.453440,0.070330,50,4.433946,4.472934
trust_unaware,sybil,0.1,True,high,True,attempted_interactions,6.763640,0.065169,50,6.745576,6.781704
trust_unaware,sybil,0.1,True,high,True,successful_cooperations,4.453440,0.070330,50,4.433946,4.472934
trust_unaware,sybil,0.1,True,high,True,failed_interactions,2.310200,0.060498,50,2.293431,2.326969
trust_unaware,sybil,0.1,True,high,True,blocked_privacy_interactions,0.234400,0.064976,50,0.216390,0.252410
trust_unaware,sybil,0.1,True,high,True,cooperation_rate,0.658521,0.007961,50,0.656315,0.660728
trust_unaware,sybil,0.1,True,high,True,task_completion_ratio,0.636467,0.009815,50,0.633746,0.639187
trust_unaware,sybil,0.1,True,high,True,reliability_score,0.636532,0.009808,50,0.633814,0.639251
trust_unaware,sybil,0.1,True,high,True,resource_efficiency,0.617173,0.009443,50,0.614555,0.619790
trust_unaware,sybil,0.1,True,high,True,fairness_index,0.845214,0.013076,50,0.841589,0.848839
trust_unaware,sybil,0.1,True,high,True,trust_stability_index,0.695608,0.006155,50,0.693902,0.697314
trust_unaware,sybil,0.1,True,high,True,privacy_exposure_risk,0.447962,0.005676,50,0.446389,0.449536
trust_unaware,sybil,0.1,True,high,True,candidate_privacy_risk,0.523388,0.006406,50,0.521613,0.525164
trust_unaware,sybil,0.1,True,high,True,accepted_privacy_exposure,0.447962,0.005676,50,0.446389,0.449536
trust_unaware,sybil,0.1,True,high,True,avg_trust,0.493356,0.008182,50,0.491089,0.495624
trust_unaware,sybil,0.1,True,high,True,trust_variance,0.076098,0.001539,50,0.075672,0.076525
trust_unaware,sybil,0.1,True,high,True,avg_preference,0.578056,0.006628,50,0.576218,0.579893
trust_unaware,sybil,0.1,True,high,True,avg_reciprocity,0.533191,0.016330,50,0.528665,0.537718
trust_unaware,sybil,0.1,True,high,True,avg_privacy_risk,0.430898,0.006619,50,0.429063,0.432732
trust_unaware,sybil,0.1,True,high,True,avg_total_utility,0.740019,0.001684,50,0.739553,0.740486
trust_unaware,sybil,0.1,True,high,True,avg_system_utility,0.713623,0.001787,50,0.713127,0.714118
trust_unaware,sybil,0.1,True,high,True,avg_social_utility,0.455444,0.003070,50,0.454593,0.456295
trust_unaware,sybil,0.1,True,high,True,avg_resource_utility,0.981819,0.000092,50,0.981793,0.981845
trust_unaware,sybil,0.1,True,high,True,avg_privacy_utility,0.552038,0.005676,50,0.550464,0.553611
trust_unaware,sybil,0.1,True,high,True,avg_incentive_utility,0.712342,0.003060,50,0.711494,0.713191
trust_unaware,sybil,0.1,True,high,True,energy_consumed,0.062482,0.000673,50,0.062295,0.062668
trust_unaware,sybil,0.1,True,high,True,bandwidth_consumed,0.265690,0.003055,50,0.264843,0.266536
trust_unaware,sybil,0.1,True,high,True,compute_consumed,0.354534,0.004381,50,0.353320,0.355748
trust_unaware,sybil,0.1,True,high,True,throughput_mbps,35.627520,0.562639,50,35.471564,35.783476
trust_unaware,sybil,0.1,True,high,True,packet_delivery_ratio,0.658521,0.007961,50,0.656315,0.660728
trust_unaware,sybil,0.1,True,high,True,e2e_delay_ms,95.841637,0.675887,50,95.654291,96.028984
trust_unaware,sybil,0.1,True,high,True,active_nodes,49.993720,0.008806,50,49.991279,49.996161
trust_unaware,sybil,0.1,True,high,True,reputation_honest,0.494229,0.035541,50,0.484377,0.504080
trust_unaware,sybil,0.1,True,high,True,reputation_attacker,0.210967,0.027333,50,0.203391,0.218543
trust_unaware,sybil,0.1,True,high,True,reputation_separation,0.283262,0.040725,50,0.271973,0.294550
trust_unaware,sybil,0.1,True,high,True,attacker_defection_rate,0.887267,0.112513,50,0.856080,0.918454
trust_unaware,sybil,0.1,True,high,True,decision_distortion,0.075641,0.003628,50,0.074636,0.076647
trust_unaware,sybil,0.1,True,high,True,decision_distortion_evidenced,0.071128,0.005647,50,0.069563,0.072694
trust_unaware,sybil,0.1,True,high,True,decision_distortion_counterfactual,0.086565,0.004381,50,0.085350,0.087779
trust_unaware,sybil,0.1,True,high,True,decision_distortion_counterfactual_evidenced,0.089857,0.007334,50,0.087824,0.091890
trust_unaware,sybil,0.2,True,high,True,generated_tasks,6.998920,0.035670,50,6.989033,7.008807
trust_unaware,sybil,0.2,True,high,True,completed_tasks,4.342320,0.088168,50,4.317881,4.366759
trust_unaware,sybil,0.2,True,high,True,attempted_interactions,6.748600,0.067021,50,6.730023,6.767177
trust_unaware,sybil,0.2,True,high,True,successful_cooperations,4.342320,0.088168,50,4.317881,4.366759
trust_unaware,sybil,0.2,True,high,True,failed_interactions,2.406280,0.068798,50,2.387210,2.425350
trust_unaware,sybil,0.2,True,high,True,blocked_privacy_interactions,0.249920,0.061258,50,0.232940,0.266900
trust_unaware,sybil,0.2,True,high,True,cooperation_rate,0.643621,0.010282,50,0.640771,0.646471
trust_unaware,sybil,0.2,True,high,True,task_completion_ratio,0.620316,0.012146,50,0.616949,0.623682
trust_unaware,sybil,0.2,True,high,True,reliability_score,0.620357,0.012139,50,0.616992,0.623721
trust_unaware,sybil,0.2,True,high,True,resource_efficiency,0.601584,0.011722,50,0.598335,0.604834
trust_unaware,sybil,0.2,True,high,True,fairness_index,0.827311,0.015559,50,0.822998,0.831623
trust_unaware,sybil,0.2,True,high,True,trust_stability_index,0.698279,0.005454,50,0.696768,0.699791
trust_unaware,sybil,0.2,True,high,True,privacy_exposure_risk,0.450899,0.006559,50,0.449081,0.452717
trust_unaware,sybil,0.2,True,high,True,candidate_privacy_risk,0.528750,0.005788,50,0.527145,0.530354
trust_unaware,sybil,0.2,True,high,True,accepted_privacy_exposure,0.450899,0.006559,50,0.449081,0.452717
trust_unaware,sybil,0.2,True,high,True,avg_trust,0.479848,0.008925,50,0.477374,0.482322
trust_unaware,sybil,0.2,True,high,True,trust_variance,0.075430,0.001364,50,0.075052,0.075808
trust_unaware,sybil,0.2,True,high,True,avg_preference,0.566394,0.006880,50,0.564487,0.568301
trust_unaware,sybil,0.2,True,high,True,avg_reciprocity,0.509751,0.016084,50,0.505293,0.514209
trust_unaware,sybil,0.2,True,high,True,avg_privacy_risk,0.432831,0.007789,50,0.430672,0.434990
trust_unaware,sybil,0.2,True,high,True,avg_total_utility,0.738389,0.002026,50,0.737827,0.738950
trust_unaware,sybil,0.2,True,high,True,avg_system_utility,0.712992,0.001405,50,0.712603,0.713382
trust_unaware,sybil,0.2,True,high,True,avg_social_utility,0.452379,0.003508,50,0.451407,0.453352
trust_unaware,sybil,0.2,True,high,True,avg_resource_utility,0.981844,0.000101,50,0.981816,0.981872
trust_unaware,sybil,0.2,True,high,True,avg_privacy_utility,0.549101,0.006559,50,0.547283,0.550919
trust_unaware,sybil,0.2,True,high,True,avg_incentive_utility,0.708774,0.003542,50,0.707793,0.709756
trust_unaware,sybil,0.2,True,high,True,energy_consumed,0.062296,0.000650,50,0.062116,0.062476
trust_unaware,sybil,0.2,True,high,True,bandwidth_consumed,0.264656,0.002992,50,0.263827,0.265485
trust_unaware,sybil,0.2,True,high,True,compute_consumed,0.353195,0.004062,50,0.352069,0.354321
trust_unaware,sybil,0.2,True,high,True,throughput_mbps,34.738560,0.705345,50,34.543048,34.934072
trust_unaware,sybil,0.2,True,high,True,packet_delivery_ratio,0.643621,0.010282,50,0.640771,0.646471
trust_unaware,sybil,0.2,True,high,True,e2e_delay_ms,95.568843,0.692425,50,95.376913,95.760773
trust_unaware,sybil,0.2,True,high,True,active_nodes,49.993680,0.006897,50,49.991768,49.995592
trust_unaware,sybil,0.2,True,high,True,reputation_honest,0.498572,0.032943,50,0.489441,0.507703
trust_unaware,sybil,0.2,True,high,True,reputation_attacker,0.213115,0.027633,50,0.205455,0.220774
trust_unaware,sybil,0.2,True,high,True,reputation_separation,0.285457,0.040618,50,0.274199,0.296716
trust_unaware,sybil,0.2,True,high,True,attacker_defection_rate,0.856313,0.094620,50,0.830086,0.882540
trust_unaware,sybil,0.2,True,high,True,decision_distortion,0.074206,0.004466,50,0.072968,0.075444
trust_unaware,sybil,0.2,True,high,True,decision_distortion_evidenced,0.069342,0.006988,50,0.067405,0.071279
trust_unaware,sybil,0.2,True,high,True,decision_distortion_counterfactual,0.086016,0.005744,50,0.084424,0.087608
trust_unaware,sybil,0.2,True,high,True,decision_distortion_counterfactual_evidenced,0.088448,0.009305,50,0.085868,0.091027
trust_unaware,sybil,0.3,True,high,True,generated_tasks,7.000120,0.032021,50,6.991244,7.008996
trust_unaware,sybil,0.3,True,high,True,completed_tasks,4.209480,0.094382,50,4.183319,4.235641
trust_unaware,sybil,0.3,True,high,True,attempted_interactions,6.736800,0.061982,50,6.719619,6.753981
trust_unaware,sybil,0.3,True,high,True,successful_cooperations,4.209480,0.094382,50,4.183319,4.235641
trust_unaware,sybil,0.3,True,high,True,failed_interactions,2.527320,0.078625,50,2.505526,2.549114
trust_unaware,sybil,0.3,True,high,True,blocked_privacy_interactions,0.261920,0.056866,50,0.246157,0.277683
trust_unaware,sybil,0.3,True,high,True,cooperation_rate,0.625373,0.012015,50,0.622042,0.628703
trust_unaware,sybil,0.3,True,high,True,task_completion_ratio,0.601538,0.013942,50,0.597673,0.605402
trust_unaware,sybil,0.3,True,high,True,reliability_score,0.601665,0.013965,50,0.597795,0.605536
trust_unaware,sybil,0.3,True,high,True,resource_efficiency,0.583403,0.013471,50,0.579669,0.587137
trust_unaware,sybil,0.3,True,high,True,fairness_index,0.803901,0.016593,50,0.799301,0.808500
trust_unaware,sybil,0.3,True,high,True,trust_stability_index,0.700238,0.007594,50,0.698133,0.702343
trust_unaware,sybil,0.3,True,high,True,privacy_exposure_risk,0.452247,0.007310,50,0.450221,0.454273
trust_unaware,sybil,0.3,True,high,True,candidate_privacy_risk,0.532325,0.005556,50,0.530785,0.533865
trust_unaware,sybil,0.3,True,high,True,accepted_privacy_exposure,0.452247,0.007310,50,0.450221,0.454273
trust_unaware,sybil,0.3,True,high,True,avg_trust,0.468420,0.009702,50,0.465731,0.471109
trust_unaware,sybil,0.3,True,high,True,trust_variance,0.074940,0.001899,50,0.074414,0.075467
trust_unaware,sybil,0.3,True,high,True,avg_preference,0.556468,0.007647,50,0.554348,0.558588
trust_unaware,sybil,0.3,True,high,True,avg_reciprocity,0.487140,0.017901,50,0.482178,0.492102
trust_unaware,sybil,0.3,True,high,True,avg_privacy_risk,0.433102,0.007311,50,0.431076,0.435129
trust_unaware,sybil,0.3,True,high,True,avg_total_utility,0.736706,0.002059,50,0.736135,0.737277
trust_unaware,sybil,0.3,True,high,True,avg_system_utility,0.711235,0.001836,50,0.710726,0.711744
trust_unaware,sybil,0.3,True,high,True,avg_social_utility,0.449423,0.003431,50,0.448472,0.450374
trust_unaware,sybil,0.3,True,high,True,avg_resource_utility,0.981828,0.000083,50,0.981805,0.981851
trust_unaware,sybil,0.3,True,high,True,avg_privacy_utility,0.547753,0.007310,50,0.545727,0.549779
trust_unaware,sybil,0.3,True,high,True,avg_incentive_utility,0.704701,0.003125,50,0.703835,0.705567
trust_unaware,sybil,0.3,True,high,True,energy_consumed,0.062255,0.000651,50,0.062075,0.062436
trust_unaware,sybil,0.3,True,high,True,bandwidth_consumed,0.264645,0.002815,50,0.263865,0.265426
trust_unaware,sybil,0.3,True,high,True,compute_consumed,0.352446,0.003450,50,0.351490,0.353402
trust_unaware,sybil,0.3,True,high,True,throughput_mbps,33.675840,0.755053,50,33.466550,33.885130
trust_unaware,sybil,0.3,True,high,True,packet_delivery_ratio,0.625373,0.012015,50,0.622042,0.628703
trust_unaware,sybil,0.3,True,high,True,e2e_delay_ms,95.816675,0.609484,50,95.647734,95.985615
trust_unaware,sybil,0.3,True,high,True,active_nodes,49.983720,0.016228,50,49.979222,49.988218
trust_unaware,sybil,0.3,True,high,True,reputation_honest,0.520000,0.038863,50,0.509228,0.530773
trust_unaware,sybil,0.3,True,high,True,reputation_attacker,0.215780,0.025034,50,0.208841,0.222719
trust_unaware,sybil,0.3,True,high,True,reputation_separation,0.304220,0.045913,50,0.291494,0.316947
trust_unaware,sybil,0.3,True,high,True,attacker_defection_rate,0.842974,0.076208,50,0.821850,0.864098
trust_unaware,sybil,0.3,True,high,True,decision_distortion,0.074721,0.004743,50,0.073406,0.076035
trust_unaware,sybil,0.3,True,high,True,decision_distortion_evidenced,0.070267,0.007535,50,0.068179,0.072356
trust_unaware,sybil,0.3,True,high,True,decision_distortion_counterfactual,0.087526,0.005740,50,0.085935,0.089117
trust_unaware,sybil,0.3,True,high,True,decision_distortion_counterfactual_evidenced,0.090265,0.009601,50,0.087604,0.092927
trust_unaware,sybil,0.4,True,high,True,generated_tasks,7.002200,0.033372,50,6.992950,7.011450
trust_unaware,sybil,0.4,True,high,True,completed_tasks,4.049640,0.096959,50,4.022764,4.076516
trust_unaware,sybil,0.4,True,high,True,attempted_interactions,6.731600,0.071594,50,6.711755,6.751445
trust_unaware,sybil,0.4,True,high,True,successful_cooperations,4.049640,0.096959,50,4.022764,4.076516
trust_unaware,sybil,0.4,True,high,True,failed_interactions,2.681960,0.085800,50,2.658177,2.705743
trust_unaware,sybil,0.4,True,high,True,blocked_privacy_interactions,0.269360,0.066655,50,0.250884,0.287836
trust_unaware,sybil,0.4,True,high,True,cooperation_rate,0.602312,0.012388,50,0.598879,0.605746
trust_unaware,sybil,0.4,True,high,True,task_completion_ratio,0.578413,0.014032,50,0.574524,0.582303
trust_unaware,sybil,0.4,True,high,True,reliability_score,0.578530,0.014058,50,0.574634,0.582427
trust_unaware,sybil,0.4,True,high,True,resource_efficiency,0.560988,0.013547,50,0.557232,0.564743
trust_unaware,sybil,0.4,True,high,True,fairness_index,0.779451,0.019402,50,0.774073,0.784829
trust_unaware,sybil,0.4,True,high,True,trust_stability_index,0.702152,0.007605,50,0.700044,0.704260
trust_unaware,sybil,0.4,True,high,True,privacy_exposure_risk,0.453262,0.005808,50,0.451652,0.454872
trust_unaware,sybil,0.4,True,high,True,candidate_privacy_risk,0.535322,0.004736,50,0.534009,0.536635
trust_unaware,sybil,0.4,True,high,True,accepted_privacy_exposure,0.453262,0.005808,50,0.451652,0.454872
trust_unaware,sybil,0.4,True,high,True,avg_trust,0.456788,0.009358,50,0.454194,0.459383
trust_unaware,sybil,0.4,True,high,True,trust_variance,0.074462,0.001901,50,0.073935,0.074989
trust_unaware,sybil,0.4,True,high,True,avg_preference,0.545708,0.007757,50,0.543558,0.547858
trust_unaware,sybil,0.4,True,high,True,avg_reciprocity,0.462204,0.019771,50,0.456724,0.467685
trust_unaware,sybil,0.4,True,high,True,avg_privacy_risk,0.433804,0.007135,50,0.431826,0.435782
trust_unaware,sybil,0.4,True,high,True,avg_total_utility,0.734866,0.001776,50,0.734374,0.735358
trust_unaware,sybil,0.4,True,high,True,avg_system_utility,0.710194,0.001415,50,0.709802,0.710586
trust_unaware,sybil,0.4,True,high,True,avg_social_utility,0.444561,0.003523,50,0.443584,0.445537
trust_unaware,sybil,0.4,True,high,True,avg_resource_utility,0.981834,0.000097,50,0.981807,0.981861
trust_unaware,sybil,0.4,True,high,True,avg_privacy_utility,0.546738,0.005808,50,0.545128,0.548348
trust_unaware,sybil,0.4,True,high,True,avg_incentive_utility,0.698325,0.003854,50,0.697256,0.699393
trust_unaware,sybil,0.4,True,high,True,energy_consumed,0.062234,0.000726,50,0.062033,0.062435
trust_unaware,sybil,0.4,True,high,True,bandwidth_consumed,0.264161,0.003888,50,0.263084,0.265239
trust_unaware,sybil,0.4,True,high,True,compute_consumed,0.352390,0.004944,50,0.351019,0.353760
trust_unaware,sybil,0.4,True,high,True,throughput_mbps,32.397120,0.775674,50,32.182114,32.612126
trust_unaware,sybil,0.4,True,high,True,packet_delivery_ratio,0.602312,0.012388,50,0.598879,0.605746
trust_unaware,sybil,0.4,True,high,True,e2e_delay_ms,95.904054,0.656184,50,95.722170,96.085939
trust_unaware,sybil,0.4,True,high,True,active_nodes,49.985040,0.015222,50,49.980821,49.989259
trust_unaware,sybil,0.4,True,high,True,reputation_honest,0.541794,0.046547,50,0.528892,0.554696
trust_unaware,sybil,0.4,True,high,True,reputation_attacker,0.213225,0.019717,50,0.207760,0.218690
trust_unaware,sybil,0.4,True,high,True,reputation_separation,0.328569,0.049890,50,0.314740,0.342398
trust_unaware,sybil,0.4,True,high,True,attacker_defection_rate,0.839855,0.058500,50,0.823640,0.856071
trust_unaware,sybil,0.4,True,high,True,decision_distortion,0.073759,0.006271,50,0.072021,0.075497
trust_unaware,sybil,0.4,True,high,True,decision_distortion_evidenced,0.069329,0.008563,50,0.066955,0.071703
trust_unaware,sybil,0.4,True,high,True,decision_distortion_counterfactual,0.087508,0.007613,50,0.085398,0.089619
trust_unaware,sybil,0.4,True,high,True,decision_distortion_counterfactual_evidenced,0.089639,0.011200,50,0.086534,0.092743
trust_unaware,whitewashing,0.1,True,high,True,generated_tasks,7.008160,0.034499,50,6.998597,7.017723
trust_unaware,whitewashing,0.1,True,high,True,completed_tasks,4.213960,0.087381,50,4.189739,4.238181
trust_unaware,whitewashing,0.1,True,high,True,attempted_interactions,6.841920,0.064556,50,6.824026,6.859814
trust_unaware,whitewashing,0.1,True,high,True,successful_cooperations,4.213960,0.087381,50,4.189739,4.238181
trust_unaware,whitewashing,0.1,True,high,True,failed_interactions,2.627960,0.082301,50,2.605147,2.650773
trust_unaware,whitewashing,0.1,True,high,True,blocked_privacy_interactions,0.166000,0.048217,50,0.152635,0.179365
trust_unaware,whitewashing,0.1,True,high,True,cooperation_rate,0.615359,0.011741,50,0.612105,0.618614
trust_unaware,whitewashing,0.1,True,high,True,task_completion_ratio,0.601363,0.012392,50,0.597928,0.604798
trust_unaware,whitewashing,0.1,True,high,True,reliability_score,0.601378,0.012382,50,0.597946,0.604810
trust_unaware,whitewashing,0.1,True,high,True,resource_efficiency,0.582965,0.011981,50,0.579644,0.586286
trust_unaware,whitewashing,0.1,True,high,True,fairness_index,0.842662,0.013191,50,0.839005,0.846318
trust_unaware,whitewashing,0.1,True,high,True,trust_stability_index,0.689898,0.006746,50,0.688028,0.691768
trust_unaware,whitewashing,0.1,True,high,True,privacy_exposure_risk,0.442067,0.005676,50,0.440494,0.443641
trust_unaware,whitewashing,0.1,True,high,True,candidate_privacy_risk,0.511879,0.004957,50,0.510505,0.513253
trust_unaware,whitewashing,0.1,True,high,True,accepted_privacy_exposure,0.442067,0.005676,50,0.440494,0.443641
trust_unaware,whitewashing,0.1,True,high,True,avg_trust,0.497466,0.008392,50,0.495140,0.499792
trust_unaware,whitewashing,0.1,True,high,True,trust_variance,0.077525,0.001687,50,0.077058,0.077993
trust_unaware,whitewashing,0.1,True,high,True,avg_preference,0.582642,0.006699,50,0.580785,0.584499
trust_unaware,whitewashing,0.1,True,high,True,avg_reciprocity,0.536540,0.016010,50,0.532102,0.540978
trust_unaware,whitewashing,0.1,True,high,True,avg_privacy_risk,0.430343,0.007077,50,0.428381,0.432305
trust_unaware,whitewashing,0.1,True,high,True,avg_total_utility,0.739229,0.001598,50,0.738786,0.739672
trust_unaware,whitewashing,0.1,True,high,True,avg_system_utility,0.713217,0.001570,50,0.712781,0.713652
trust_unaware,whitewashing,0.1,True,high,True,avg_social_utility,0.447512,0.002936,50,0.446698,0.448326
trust_unaware,whitewashing,0.1,True,high,True,avg_resource_utility,0.981817,0.000080,50,0.981794,0.981839
trust_unaware,whitewashing,0.1,True,high,True,avg_privacy_utility,0.557933,0.005676,50,0.556359,0.559506
trust_unaware,whitewashing,0.1,True,high,True,avg_incentive_utility,0.701634,0.003279,50,0.700726,0.702543
trust_unaware,whitewashing,0.1,True,high,True,energy_consumed,0.063223,0.000587,50,0.063061,0.063386
trust_unaware,whitewashing,0.1,True,high,True,bandwidth_consumed,0.268742,0.003382,50,0.267804,0.269679
trust_unaware,whitewashing,0.1,True,high,True,compute_consumed,0.358721,0.003960,50,0.357623,0.359818
trust_unaware,whitewashing,0.1,True,high,True,throughput_mbps,33.711680,0.699051,50,33.517913,33.905447
trust_unaware,whitewashing,0.1,True,high,True,packet_delivery_ratio,0.615359,0.011741,50,0.612105,0.618614
trust_unaware,whitewashing,0.1,True,high,True,e2e_delay_ms,95.559959,0.674609,50,95.372967,95.746951
trust_unaware,whitewashing,0.1,True,high,True,active_nodes,49.995880,0.007107,50,49.993910,49.997850
trust_unaware,whitewashing,0.1,True,high,True,reputation_honest,0.488085,0.035273,50,0.478308,0.497862
trust_unaware,whitewashing,0.1,True,high,True,reputation_attacker,0.205037,0.015643,50,0.200701,0.209373
trust_unaware,whitewashing,0.1,True,high,True,reputation_separation,0.283048,0.041731,50,0.271481,0.294615
trust_unaware,whitewashing,0.1,True,high,True,attacker_defection_rate,0.979532,0.007842,50,0.977358,0.981705
trust_unaware,whitewashing,0.1,True,high,True,whitewash_events,60.000000,0.000000,50,60.000000,60.000000
trust_unaware,whitewashing,0.1,True,high,True,decision_distortion,0.077213,0.004013,50,0.076101,0.078325
trust_unaware,whitewashing,0.1,True,high,True,decision_distortion_evidenced,0.073166,0.006083,50,0.071480,0.074852
trust_unaware,whitewashing,0.1,True,high,True,decision_distortion_counterfactual,0.087966,0.005272,50,0.086504,0.089427
trust_unaware,whitewashing,0.1,True,high,True,decision_distortion_counterfactual_evidenced,0.092329,0.008381,50,0.090006,0.094652
trust_unaware,whitewashing,0.2,True,high,True,generated_tasks,6.999200,0.032360,50,6.990230,7.008170
trust_unaware,whitewashing,0.2,True,high,True,completed_tasks,3.849800,0.078415,50,3.828064,3.871536
trust_unaware,whitewashing,0.2,True,high,True,attempted_interactions,6.864680,0.056364,50,6.849057,6.880303
trust_unaware,whitewashing,0.2,True,high,True,successful_cooperations,3.849800,0.078415,50,3.828064,3.871536
trust_unaware,whitewashing,0.2,True,high,True,failed_interactions,3.014880,0.073660,50,2.994462,3.035298
trust_unaware,whitewashing,0.2,True,high,True,blocked_privacy_interactions,0.134320,0.039974,50,0.123240,0.145400
trust_unaware,whitewashing,0.2,True,high,True,cooperation_rate,0.559970,0.010340,50,0.557104,0.562836
trust_unaware,whitewashing,0.2,True,high,True,task_completion_ratio,0.549804,0.010611,50,0.546862,0.552745
trust_unaware,whitewashing,0.2,True,high,True,reliability_score,0.549819,0.010611,50,0.546878,0.552760
trust_unaware,whitewashing,0.2,True,high,True,resource_efficiency,0.532957,0.010277,50,0.530109,0.535806
trust_unaware,whitewashing,0.2,True,high,True,fairness_index,0.817194,0.013809,50,0.813366,0.821022
trust_unaware,whitewashing,0.2,True,high,True,trust_stability_index,0.685146,0.006472,50,0.683352,0.686940
trust_unaware,whitewashing,0.2,True,high,True,privacy_exposure_risk,0.438590,0.004535,50,0.437333,0.439847
trust_unaware,whitewashing,0.2,True,high,True,candidate_privacy_risk,0.503622,0.004269,50,0.502438,0.504805
trust_unaware,whitewashing,0.2,True,high,True,accepted_privacy_exposure,0.438590,0.004535,50,0.437333,0.439847
trust_unaware,whitewashing,0.2,True,high,True,avg_trust,0.490648,0.009983,50,0.487880,0.493415
trust_unaware,whitewashing,0.2,True,high,True,trust_variance,0.078713,0.001618,50,0.078265,0.079162
trust_unaware,whitewashing,0.2,True,high,True,avg_preference,0.578418,0.007663,50,0.576294,0.580542
trust_unaware,whitewashing,0.2,True,high,True,avg_reciprocity,0.522140,0.019150,50,0.516832,0.527448
trust_unaware,whitewashing,0.2,True,high,True,avg_privacy_risk,0.429287,0.004915,50,0.427925,0.430650
trust_unaware,whitewashing,0.2,True,high,True,avg_total_utility,0.737685,0.001467,50,0.737278,0.738092
trust_unaware,whitewashing,0.2,True,high,True,avg_system_utility,0.713045,0.001435,50,0.712647,0.713443
trust_unaware,whitewashing,0.2,True,high,True,avg_social_utility,0.438280,0.003349,50,0.437352,0.439209
trust_unaware,whitewashing,0.2,True,high,True,avg_resource_utility,0.981857,0.000076,50,0.981836,0.981878
trust_unaware,whitewashing,0.2,True,high,True,avg_privacy_utility,0.561410,0.004535,50,0.560153,0.562667
trust_unaware,whitewashing,0.2,True,high,True,avg_incentive_utility,0.689773,0.003294,50,0.688859,0.690686
trust_unaware,whitewashing,0.2,True,high,True,energy_consumed,0.063391,0.000618,50,0.063219,0.063562
trust_unaware,whitewashing,0.2,True,high,True,bandwidth_consumed,0.268965,0.002878,50,0.268167,0.269762
trust_unaware,whitewashing,0.2,True,high,True,compute_consumed,0.358993,0.003822,50,0.357933,0.360052
trust_unaware,whitewashing,0.2,True,high,True,throughput_mbps,30.798400,0.627321,50,30.624515,30.972285
trust_unaware,whitewashing,0.2,True,high,True,packet_delivery_ratio,0.559970,0.010340,50,0.557104,0.562836
trust_unaware,whitewashing,0.2,True,high,True,e2e_delay_ms,95.171858,0.638997,50,94.994738,95.348979
trust_unaware,whitewashing,0.2,True,high,True,active_nodes,49.997520,0.004564,50,49.996255,49.998785
trust_unaware,whitewashing,0.2,True,high,True,reputation_honest,0.471899,0.030807,50,0.463360,0.480438
trust_unaware,whitewashing,0.2,True,high,True,reputation_attacker,0.204078,0.006089,50,0.202390,0.205766
trust_unaware,whitewashing,0.2,True,high,True,reputation_separation,0.267821,0.030823,50,0.259277,0.276365
trust_unaware,whitewashing,0.2,True,high,True,attacker_defection_rate,0.979331,0.004953,50,0.977958,0.980703
trust_unaware,whitewashing,0.2,True,high,True,whitewash_events,120.000000,0.000000,50,120.000000,120.000000
trust_unaware,whitewashing,0.2,True,high,True,decision_distortion,0.077030,0.005078,50,0.075623,0.078438
trust_unaware,whitewashing,0.2,True,high,True,decision_distortion_evidenced,0.071974,0.007617,50,0.069863,0.074086
trust_unaware,whitewashing,0.2,True,high,True,decision_distortion_counterfactual,0.087069,0.005966,50,0.085415,0.088722
trust_unaware,whitewashing,0.2,True,high,True,decision_distortion_counterfactual_evidenced,0.090308,0.009889,50,0.087567,0.093049
trust_unaware,whitewashing,0.3,True,high,True,generated_tasks,6.999600,0.037331,50,6.989252,7.009948
trust_unaware,whitewashing,0.3,True,high,True,completed_tasks,3.470080,0.096349,50,3.443373,3.496787
trust_unaware,whitewashing,0.3,True,high,True,attempted_interactions,6.887840,0.044972,50,6.875374,6.900306
trust_unaware,whitewashing,0.3,True,high,True,successful_cooperations,3.470080,0.096349,50,3.443373,3.496787
trust_unaware,whitewashing,0.3,True,high,True,failed_interactions,3.417760,0.101612,50,3.389595,3.445925
trust_unaware,whitewashing,0.3,True,high,True,blocked_privacy_interactions,0.111160,0.035156,50,0.101415,0.120905
trust_unaware,whitewashing,0.3,True,high,True,cooperation_rate,0.503214,0.014218,50,0.499273,0.507155
trust_unaware,whitewashing,0.3,True,high,True,task_completion_ratio,0.495772,0.014592,50,0.491727,0.499817
trust_unaware,whitewashing,0.3,True,high,True,reliability_score,0.495804,0.014592,50,0.491760,0.499849
trust_unaware,whitewashing,0.3,True,high,True,resource_efficiency,0.480517,0.014128,50,0.476601,0.484433
trust_unaware,whitewashing,0.3,True,high,True,fairness_index,0.781852,0.016652,50,0.777236,0.786467
trust_unaware,whitewashing,0.3,True,high,True,trust_stability_index,0.678513,0.007211,50,0.676514,0.680511
trust_unaware,whitewashing,0.3,True,high,True,privacy_exposure_risk,0.434328,0.005012,50,0.432939,0.435717
trust_unaware,whitewashing,0.3,True,high,True,candidate_privacy_risk,0.495791,0.004839,50,0.494450,0.497132
trust_unaware,whitewashing,0.3,True,high,True,accepted_privacy_exposure,0.434328,0.005012,50,0.432939,0.435717
trust_unaware,whitewashing,0.3,True,high,True,avg_trust,0.479934,0.010415,50,0.477047,0.482821
trust_unaware,whitewashing,0.3,True,high,True,trust_variance,0.080372,0.001803,50,0.079872,0.080872
trust_unaware,whitewashing,0.3,True,high,True,avg_preference,0.570792,0.008088,50,0.568550,0.573034
trust_unaware,whitewashing,0.3,True,high,True,avg_reciprocity,0.500052,0.017637,50,0.495164,0.504941
trust_unaware,whitewashing,0.3,True,high,True,avg_privacy_risk,0.426747,0.005420,50,0.425245,0.428250
trust_unaware,whitewashing,0.3,True,high,True,avg_total_utility,0.735732,0.001912,50,0.735202,0.736262
trust_unaware,whitewashing,0.3,True,high,True,avg_system_utility,0.711650,0.001598,50,0.711207,0.712093
trust_unaware,whitewashing,0.3,True,high,True,avg_social_utility,0.429451,0.004107,50,0.428312,0.430589
trust_unaware,whitewashing,0.3,True,high,True,avg_resource_utility,0.981834,0.000097,50,0.981807,0.981861
trust_unaware,whitewashing,0.3,True,high,True,avg_privacy_utility,0.565672,0.005012,50,0.564283,0.567061
trust_unaware,whitewashing,0.3,True,high,True,avg_incentive_utility,0.676805,0.003993,50,0.675698,0.677911
trust_unaware,whitewashing,0.3,True,high,True,energy_consumed,0.063636,0.000551,50,0.063483,0.063788
trust_unaware,whitewashing,0.3,True,high,True,bandwidth_consumed,0.270283,0.002332,50,0.269637,0.270930
trust_unaware,whitewashing,0.3,True,high,True,compute_consumed,0.360632,0.003271,50,0.359726,0.361539
trust_unaware,whitewashing,0.3,True,high,True,throughput_mbps,27.760640,0.770791,50,27.546988,27.974292
trust_unaware,whitewashing,0.3,True,high,True,packet_delivery_ratio,0.503214,0.014218,50,0.499273,0.507155
trust_unaware,whitewashing,0.3,True,high,True,e2e_delay_ms,94.664632,0.877439,50,94.421418,94.907845
trust_unaware,whitewashing,0.3,True,high,True,active_nodes,49.993280,0.008531,50,49.990915,49.995645
trust_unaware,whitewashing,0.3,True,high,True,reputation_honest,0.468039,0.036034,50,0.458051,0.478027
trust_unaware,whitewashing,0.3,True,high,True,reputation_attacker,0.208226,0.010970,50,0.205185,0.211267
trust_unaware,whitewashing,0.3,True,high,True,reputation_separation,0.259813,0.038865,50,0.249041,0.270586
trust_unaware,whitewashing,0.3,True,high,True,attacker_defection_rate,0.979112,0.004856,50,0.977766,0.980458
trust_unaware,whitewashing,0.3,True,high,True,whitewash_events,180.000000,0.000000,50,180.000000,180.000000
trust_unaware,whitewashing,0.3,True,high,True,decision_distortion,0.077327,0.005169,50,0.075894,0.078760
trust_unaware,whitewashing,0.3,True,high,True,decision_distortion_evidenced,0.072869,0.008039,50,0.070641,0.075098
trust_unaware,whitewashing,0.3,True,high,True,decision_distortion_counterfactual,0.087666,0.006298,50,0.085920,0.089411
trust_unaware,whitewashing,0.3,True,high,True,decision_distortion_counterfactual_evidenced,0.091146,0.010445,50,0.088250,0.094041
trust_unaware,whitewashing,0.4,True,high,True,generated_tasks,6.998680,0.033752,50,6.989324,7.008036
trust_unaware,whitewashing,0.4,True,high,True,completed_tasks,3.119120,0.099228,50,3.091615,3.146625
trust_unaware,whitewashing,0.4,True,high,True,attempted_interactions,6.903920,0.045718,50,6.891248,6.916592
trust_unaware,whitewashing,0.4,True,high,True,successful_cooperations,3.119120,0.099228,50,3.091615,3.146625
trust_unaware,whitewashing,0.4,True,high,True,failed_interactions,3.784800,0.093199,50,3.758967,3.810633
trust_unaware,whitewashing,0.4,True,high,True,blocked_privacy_interactions,0.094240,0.032661,50,0.085187,0.103293
trust_unaware,whitewashing,0.4,True,high,True,cooperation_rate,0.451068,0.013440,50,0.447342,0.454793
trust_unaware,whitewashing,0.4,True,high,True,task_completion_ratio,0.445554,0.013864,50,0.441711,0.449397
trust_unaware,whitewashing,0.4,True,high,True,reliability_score,0.445584,0.013863,50,0.441741,0.449427
trust_unaware,whitewashing,0.4,True,high,True,resource_efficiency,0.431810,0.013442,50,0.428084,0.435536
trust_unaware,whitewashing,0.4,True,high,True,fairness_index,0.745641,0.017026,50,0.740922,0.750361
trust_unaware,whitewashing,0.4,True,high,True,trust_stability_index,0.674102,0.009921,50,0.671352,0.676852
trust_unaware,whitewashing,0.4,True,high,True,privacy_exposure_risk,0.431770,0.004482,50,0.430527,0.433012
trust_unaware,whitewashing,0.4,True,high,True,candidate_privacy_risk,0.487985,0.004968,50,0.486607,0.489362
trust_unaware,whitewashing,0.4,True,high,True,accepted_privacy_exposure,0.431770,0.004482,50,0.430527,0.433012
trust_unaware,whitewashing,0.4,True,high,True,avg_trust,0.466957,0.012772,50,0.463417,0.470498
trust_unaware,whitewashing,0.4,True,high,True,trust_variance,0.081475,0.002480,50,0.080787,0.082162
trust_unaware,whitewashing,0.4,True,high,True,avg_preference,0.559998,0.009908,50,0.557252,0.562744
trust_unaware,whitewashing,0.4,True,high,True,avg_reciprocity,0.466285,0.019163,50,0.460973,0.471597
trust_unaware,whitewashing,0.4,True,high,True,avg_privacy_risk,0.425448,0.004659,50,0.424157,0.426740
trust_unaware,whitewashing,0.4,True,high,True,avg_total_utility,0.733681,0.001584,50,0.733242,0.734120
trust_unaware,whitewashing,0.4,True,high,True,avg_system_utility,0.711003,0.001458,50,0.710599,0.711407
trust_unaware,whitewashing,0.4,True,high,True,avg_social_utility,0.419653,0.003400,50,0.418711,0.420596
trust_unaware,whitewashing,0.4,True,high,True,avg_resource_utility,0.981817,0.000098,50,0.981790,0.981845
trust_unaware,whitewashing,0.4,True,high,True,avg_privacy_utility,0.568230,0.004482,50,0.566988,0.569473
trust_unaware,whitewashing,0.4,True,high,True,avg_incentive_utility,0.664341,0.003974,50,0.663240,0.665443
trust_unaware,whitewashing,0.4,True,high,True,energy_consumed,0.063924,0.000601,50,0.063757,0.064090
trust_unaware,whitewashing,0.4,True,high,True,bandwidth_consumed,0.271550,0.002922,50,0.270740,0.272360
trust_unaware,whitewashing,0.4,True,high,True,compute_consumed,0.361251,0.003311,50,0.360333,0.362169
trust_unaware,whitewashing,0.4,True,high,True,throughput_mbps,24.952960,0.793825,50,24.732923,25.172997
trust_unaware,whitewashing,0.4,True,high,True,packet_delivery_ratio,0.451068,0.013440,50,0.447342,0.454793
trust_unaware,whitewashing,0.4,True,high,True,e2e_delay_ms,93.034959,1.106132,50,92.728355,93.341563
trust_unaware,whitewashing,0.4,True,high,True,active_nodes,49.995240,0.007665,50,49.993115,49.997365
trust_unaware,whitewashing,0.4,True,high,True,reputation_honest,0.471387,0.041050,50,0.460008,0.482765
trust_unaware,whitewashing,0.4,True,high,True,reputation_attacker,0.207822,0.008461,50,0.205477,0.210167
trust_unaware,whitewashing,0.4,True,high,True,reputation_separation,0.263565,0.043122,50,0.251612,0.275517
trust_unaware,whitewashing,0.4,True,high,True,attacker_defection_rate,0.978878,0.004112,50,0.977738,0.980017
trust_unaware,whitewashing,0.4,True,high,True,whitewash_events,240.000000,0.000000,50,240.000000,240.000000
trust_unaware,whitewashing,0.4,True,high,True,decision_distortion,0.076674,0.006536,50,0.074862,0.078485
trust_unaware,whitewashing,0.4,True,high,True,decision_distortion_evidenced,0.071979,0.010793,50,0.068988,0.074971
trust_unaware,whitewashing,0.4,True,high,True,decision_distortion_counterfactual,0.087384,0.008002,50,0.085166,0.089602
trust_unaware,whitewashing,0.4,True,high,True,decision_distortion_counterfactual_evidenced,0.090678,0.014068,50,0.086778,0.094577
