ablation_variant,load_level,run_id,seed,generated_tasks,completed_tasks,attempted_interactions,successful_cooperations,failed_interactions,blocked_privacy_interactions,cooperation_rate,task_completion_ratio,reliability_score,resource_efficiency,fairness_index,trust_stability_index,privacy_exposure_risk,candidate_privacy_risk,accepted_privacy_exposure,avg_trust,trust_variance,avg_preference,avg_reciprocity,avg_privacy_risk,avg_total_utility,avg_system_utility,avg_social_utility,avg_resource_utility,avg_privacy_utility,avg_incentive_utility,energy_consumed,bandwidth_consumed,compute_consumed,throughput_mbps,packet_delivery_ratio,e2e_delay_ms,active_nodes
full_proposed,extreme,0,1000,10.514000,6.188000,9.474000,6.188000,3.286000,0.954000,0.654596,0.588971,0.593897,0.568455,0.926207,0.693646,0.524872,0.583616,0.524872,0.448249,0.076588,0.570551,0.582668,0.468215,0.715337,0.699109,0.691536,0.977811,0.475128,0.751855,0.095298,0.462211,0.615424,49.504000,0.654596,96.204440,49.266000
full_proposed,extreme,1,1001,10.520000,5.886000,9.288000,5.886000,3.402000,1.174000,0.633974,0.560482,0.563364,0.541175,0.923236,0.693412,0.523778,0.585940,0.523778,0.439109,0.076647,0.558591,0.552080,0.456823,0.710219,0.694350,0.680991,0.977833,0.476222,0.742018,0.093066,0.451351,0.606173,47.088000,0.633974,96.463514,49.068000
full_proposed,extreme,2,1002,10.472000,6.162000,9.324000,6.162000,3.162000,1.094000,0.660658,0.587860,0.590833,0.567486,0.930679,0.686309,0.515797,0.579475,0.515797,0.455631,0.078423,0.574992,0.603864,0.452502,0.716369,0.697902,0.691679,0.977724,0.484203,0.750876,0.093692,0.458306,0.607893,49.296000,0.660658,96.282329,49.320000
full_proposed,extreme,3,1003,10.432000,6.074000,9.300000,6.074000,3.226000,1.080000,0.649234,0.581643,0.584104,0.561335,0.921228,0.691333,0.527558,0.586431,0.527558,0.445192,0.077167,0.568232,0.570829,0.465097,0.716554,0.697123,0.696010,0.977739,0.472442,0.759260,0.093975,0.459383,0.601033,48.592000,0.649234,97.399617,49.518000
full_proposed,extreme,4,1004,10.570000,6.102000,9.458000,6.102000,3.356000,1.012000,0.644793,0.577200,0.582168,0.556953,0.921063,0.680507,0.517133,0.579112,0.517133,0.454258,0.079873,0.572234,0.567159,0.457667,0.714156,0.692448,0.689998,0.977623,0.482867,0.750369,0.095736,0.464640,0.621250,48.816000,0.644793,97.116760,49.032000
full_proposed,extreme,5,1005,10.464000,6.184000,9.438000,6.184000,3.254000,0.958000,0.655788,0.590230,0.593982,0.569748,0.929142,0.710284,0.533711,0.587206,0.533711,0.434448,0.072429,0.558118,0.556381,0.475315,0.715586,0.698771,0.696087,0.977950,0.466289,0.756545,0.095172,0.453493,0.612972,49.472000,0.655788,97.069745,49.350000
full_proposed,extreme,6,1006,10.416000,6.168000,9.494000,6.168000,3.326000,0.828000,0.649915,0.592481,0.597540,0.571563,0.934593,0.691458,0.527283,0.580729,0.527283,0.444483,0.077135,0.561239,0.540235,0.475947,0.712923,0.696556,0.688487,0.977726,0.472717,0.748188,0.095874,0.464553,0.619678,49.344000,0.649915,97.411911,49.136000
full_proposed,extreme,7,1007,10.578000,5.996000,9.234000,5.996000,3.238000,1.218000,0.650407,0.568066,0.574773,0.548798,0.920907,0.693178,0.524250,0.587526,0.524250,0.448303,0.076706,0.565465,0.565287,0.452123,0.711074,0.695278,0.682839,0.977921,0.475750,0.743525,0.092898,0.445594,0.599497,47.968000,0.650407,97.374428,49.012000
full_proposed,extreme,8,1008,10.512000,6.046000,9.232000,6.046000,3.186000,1.228000,0.656227,0.576136,0.578702,0.556566,0.919805,0.702199,0.524798,0.590576,0.524798,0.433672,0.074450,0.556062,0.548990,0.454368,0.715110,0.700254,0.690046,0.978006,0.475202,0.750300,0.092858,0.448019,0.593692,48.368000,0.656227,96.436715,49.576000
full_proposed,extreme,9,1009,10.466000,6.058000,9.380000,6.058000,3.322000,1.000000,0.646524,0.577661,0.582177,0.557748,0.929442,0.692830,0.519699,0.579580,0.519699,0.446579,0.076793,0.565168,0.564852,0.460533,0.714269,0.696582,0.688582,0.977925,0.480301,0.748306,0.094046,0.456709,0.605395,48.464000,0.646524,96.038523,48.974000
full_proposed,extreme,10,1010,10.476000,6.130000,9.550000,6.130000,3.420000,0.850000,0.641355,0.585860,0.589914,0.565098,0.925392,0.704401,0.533618,0.585540,0.533618,0.429665,0.073900,0.551332,0.533361,0.481979,0.711943,0.696223,0.687195,0.977718,0.466382,0.750925,0.096915,0.467226,0.622408,49.040000,0.641355,97.084692,49.236000
full_proposed,extreme,11,1011,10.510000,6.450000,9.806000,6.450000,3.356000,0.588000,0.657435,0.613251,0.619567,0.591328,0.931636,0.692428,0.528846,0.580303,0.528846,0.443605,0.076893,0.562406,0.550694,0.489656,0.715623,0.697194,0.696081,0.977893,0.471154,0.754596,0.098221,0.473286,0.638512,51.600000,0.657435,96.573932,48.944000
full_proposed,extreme,12,1012,10.474000,5.930000,9.240000,5.930000,3.310000,1.130000,0.642789,0.568208,0.573291,0.548546,0.922519,0.697108,0.529122,0.584607,0.529122,0.435507,0.075723,0.554910,0.533322,0.460488,0.711023,0.695299,0.684895,0.977752,0.470878,0.745486,0.093238,0.451688,0.603440,47.440000,0.642789,96.655267,49.216000
full_proposed,extreme,13,1013,10.454000,5.992000,9.168000,5.992000,3.176000,1.218000,0.654333,0.573106,0.576584,0.553503,0.932213,0.688964,0.519905,0.584516,0.519905,0.447843,0.077759,0.568418,0.571337,0.448671,0.717116,0.700466,0.693133,0.977825,0.480095,0.753156,0.092068,0.443733,0.599203,47.936000,0.654333,96.227406,49.402000
full_proposed,extreme,14,1014,10.650000,6.162000,9.430000,6.162000,3.268000,1.128000,0.653733,0.579269,0.584463,0.559390,0.916416,0.695618,0.527628,0.586763,0.527628,0.445570,0.076096,0.562874,0.558429,0.461712,0.713624,0.696989,0.689822,0.977815,0.472372,0.750144,0.095379,0.462697,0.608993,49.296000,0.653733,96.570927,49.190000
full_proposed,extreme,15,1015,10.448000,6.182000,9.350000,6.182000,3.168000,1.058000,0.663009,0.592646,0.595023,0.572178,0.915667,0.699539,0.523125,0.588098,0.523125,0.434967,0.075115,0.561329,0.567984,0.462961,0.716842,0.699285,0.694769,0.977852,0.476875,0.754493,0.093866,0.457544,0.602434,49.456000,0.663009,96.843849,49.590000
full_proposed,extreme,16,1016,10.488000,6.136000,9.452000,6.136000,3.316000,0.958000,0.647507,0.585072,0.588883,0.564702,0.926869,0.684873,0.517725,0.579305,0.517725,0.460970,0.078782,0.573984,0.575466,0.460575,0.716486,0.698706,0.692902,0.977897,0.482275,0.750366,0.095037,0.459178,0.611718,49.088000,0.647507,96.323251,49.208000
full_proposed,extreme,17,1017,10.524000,6.146000,9.460000,6.146000,3.314000,0.966000,0.648867,0.584934,0.590278,0.564470,0.916091,0.681828,0.515620,0.578694,0.515620,0.450805,0.079543,0.567543,0.559392,0.457788,0.716533,0.696476,0.694222,0.977698,0.484380,0.750700,0.095480,0.464192,0.616137,49.168000,0.648867,96.849041,49.064000
full_proposed,extreme,18,1018,10.584000,6.446000,9.676000,6.446000,3.230000,0.776000,0.665680,0.608601,0.616283,0.587231,0.927162,0.678509,0.516747,0.571269,0.516747,0.465231,0.080373,0.578418,0.577172,0.468047,0.720396,0.700152,0.701544,0.977973,0.483253,0.758838,0.096690,0.468710,0.624977,51.568000,0.665680,95.911185,49.138000
full_proposed,extreme,19,1019,10.500000,6.254000,9.520000,6.254000,3.266000,0.940000,0.658312,0.596828,0.599146,0.575946,0.922573,0.694723,0.527611,0.584528,0.527611,0.439030,0.076319,0.562087,0.563773,0.474614,0.714018,0.699452,0.689364,0.977912,0.472389,0.748900,0.095863,0.461937,0.615598,50.032000,0.658312,96.012886,49.554000
full_proposed,extreme,20,1020,10.520000,5.926000,9.214000,5.926000,3.288000,1.240000,0.642913,0.563176,0.566941,0.543915,0.925139,0.688093,0.525826,0.587215,0.525826,0.456403,0.077977,0.571061,0.565383,0.454153,0.712002,0.696101,0.685177,0.977793,0.474174,0.746308,0.092745,0.450774,0.599222,47.408000,0.642913,96.481082,49.314000
full_proposed,extreme,21,1021,10.506000,6.078000,9.394000,6.078000,3.316000,1.018000,0.649442,0.577133,0.582334,0.557330,0.919378,0.685936,0.526723,0.587764,0.526723,0.445684,0.078516,0.563826,0.558110,0.465671,0.711088,0.695863,0.684656,0.977943,0.473277,0.742664,0.094899,0.451790,0.609673,48.624000,0.649442,96.246173,49.256000
full_proposed,extreme,22,1022,10.492000,5.962000,9.274000,5.962000,3.312000,1.122000,0.642724,0.568743,0.573679,0.549250,0.922664,0.681333,0.517565,0.579365,0.517565,0.454956,0.079667,0.568076,0.542028,0.450506,0.714517,0.697098,0.687669,0.977914,0.482435,0.748033,0.093016,0.450353,0.600299,47.696000,0.642724,96.401596,49.148000
full_proposed,extreme,23,1023,10.626000,5.920000,9.236000,5.920000,3.316000,1.320000,0.642808,0.558545,0.562573,0.539473,0.927440,0.694173,0.520308,0.584115,0.520308,0.443324,0.076457,0.562113,0.550846,0.445384,0.711622,0.695053,0.683134,0.977629,0.479692,0.743141,0.093378,0.451838,0.606455,47.360000,0.642808,96.707327,49.322000
full_proposed,extreme,24,1024,10.500000,6.164000,9.328000,6.164000,3.164000,1.088000,0.660915,0.586926,0.591395,0.566618,0.916900,0.682039,0.516883,0.582532,0.516883,0.456126,0.079490,0.570961,0.561531,0.452811,0.715125,0.696627,0.690435,0.977783,0.483117,0.748226,0.094532,0.456571,0.605546,49.312000,0.660915,97.058239,49.184000
full_proposed,extreme,25,1025,10.514000,6.026000,9.268000,6.026000,3.242000,1.172000,0.652410,0.573492,0.577232,0.553790,0.922201,0.687859,0.522093,0.587026,0.522093,0.448224,0.078035,0.564364,0.558900,0.454359,0.713290,0.696470,0.687231,0.977726,0.477907,0.747018,0.093449,0.452566,0.604425,48.208000,0.652410,95.702610,49.216000
full_proposed,extreme,26,1026,10.448000,6.018000,9.320000,6.018000,3.302000,1.058000,0.647509,0.575776,0.579294,0.555918,0.915474,0.695304,0.514276,0.580089,0.514276,0.439664,0.076174,0.552702,0.522019,0.453198,0.715181,0.697083,0.689340,0.977865,0.485724,0.746573,0.093108,0.450912,0.608057,48.144000,0.647509,96.097706,49.342000
full_proposed,extreme,27,1027,10.420000,6.132000,9.660000,6.132000,3.528000,0.680000,0.635620,0.588382,0.592771,0.567390,0.924940,0.695622,0.531641,0.583104,0.531641,0.440600,0.076094,0.556756,0.533617,0.488585,0.708233,0.694083,0.679960,0.977775,0.468359,0.739846,0.097374,0.473790,0.627202,49.056000,0.635620,95.770423,49.094000
full_proposed,extreme,28,1028,10.536000,6.042000,9.272000,6.042000,3.230000,1.186000,0.650803,0.573785,0.577568,0.553935,0.931836,0.692394,0.523294,0.583156,0.523294,0.445139,0.076902,0.564713,0.572369,0.454067,0.714594,0.697936,0.690320,0.977604,0.476706,0.749602,0.094222,0.456702,0.607480,48.336000,0.650803,96.163343,49.396000
full_proposed,extreme,29,1029,10.466000,6.272000,9.562000,6.272000,3.290000,0.854000,0.656140,0.599624,0.602198,0.578539,0.921997,0.696487,0.527283,0.584375,0.527283,0.437116,0.075878,0.555731,0.533714,0.477776,0.714447,0.696854,0.692485,0.977866,0.472717,0.751361,0.096587,0.468285,0.613923,50.176000,0.656140,97.426769,49.372000
full_proposed,extreme,30,1030,10.520000,5.962000,9.278000,5.962000,3.316000,1.170000,0.642482,0.565575,0.569078,0.546169,0.924154,0.696134,0.513908,0.579897,0.513908,0.441502,0.075967,0.560376,0.553446,0.447650,0.714419,0.697526,0.685740,0.977882,0.486092,0.745677,0.093276,0.454446,0.598434,47.696000,0.642482,95.976548,49.294000
full_proposed,extreme,31,1031,10.438000,6.184000,9.514000,6.184000,3.330000,0.840000,0.649526,0.591993,0.596704,0.570990,0.929566,0.692369,0.532020,0.583618,0.532020,0.448039,0.076908,0.564877,0.557460,0.479065,0.712870,0.697316,0.689685,0.977714,0.467980,0.749756,0.095565,0.467694,0.620313,49.472000,0.649526,95.897587,49.490000
full_proposed,extreme,32,1032,10.512000,6.304000,9.656000,6.304000,3.352000,0.792000,0.650122,0.599128,0.602819,0.577942,0.933221,0.689625,0.523611,0.580730,0.523611,0.450044,0.077594,0.566937,0.552767,0.476279,0.715942,0.696606,0.694811,0.977884,0.476389,0.753952,0.096991,0.467230,0.626397,50.432000,0.650122,96.264297,49.366000
full_proposed,extreme,33,1033,10.500000,5.868000,9.048000,5.868000,3.180000,1.376000,0.649880,0.558688,0.562460,0.539880,0.920567,0.692886,0.517411,0.583882,0.517411,0.438865,0.076779,0.559644,0.547615,0.438714,0.714572,0.698108,0.687315,0.977756,0.482589,0.747158,0.091282,0.442347,0.589705,46.944000,0.649880,96.621526,49.366000
full_proposed,extreme,34,1034,10.516000,5.896000,9.206000,5.896000,3.310000,1.200000,0.641127,0.560936,0.566652,0.541769,0.927210,0.679890,0.519339,0.581107,0.519339,0.453062,0.080028,0.570578,0.562144,0.448252,0.712198,0.694908,0.683930,0.977767,0.480661,0.744670,0.092338,0.451363,0.597415,47.168000,0.641127,96.626896,49.180000
full_proposed,extreme,35,1035,10.500000,6.214000,9.410000,6.214000,3.196000,1.022000,0.660554,0.592134,0.595821,0.571691,0.919437,0.681592,0.514025,0.575689,0.514025,0.458283,0.079602,0.572585,0.576965,0.455129,0.718285,0.696712,0.697437,0.977927,0.485975,0.754705,0.094740,0.456293,0.607228,49.712000,0.660554,96.955984,49.340000
full_proposed,extreme,36,1036,10.488000,5.998000,9.226000,5.998000,3.228000,1.186000,0.648340,0.572041,0.575778,0.552341,0.923942,0.685112,0.507652,0.577586,0.507652,0.463106,0.078722,0.573652,0.564539,0.441799,0.716618,0.696568,0.690204,0.977754,0.492348,0.748388,0.093408,0.451209,0.601296,47.984000,0.648340,96.584061,49.282000
full_proposed,extreme,37,1037,10.458000,6.054000,9.436000,6.054000,3.382000,0.932000,0.641090,0.579534,0.584271,0.559292,0.917225,0.698130,0.524083,0.582992,0.524083,0.433538,0.075467,0.555635,0.539768,0.468166,0.712413,0.697442,0.685107,0.977837,0.475917,0.744842,0.094947,0.455650,0.616661,48.432000,0.641090,95.448812,49.276000
full_proposed,extreme,38,1038,10.506000,6.284000,9.442000,6.284000,3.158000,0.960000,0.664232,0.597195,0.602548,0.576279,0.931563,0.685399,0.522822,0.581085,0.522822,0.447724,0.078650,0.566018,0.550503,0.464641,0.716890,0.697444,0.696778,0.977774,0.477178,0.754946,0.095424,0.462600,0.613686,50.272000,0.664232,97.017524,49.240000
full_proposed,extreme,39,1039,10.588000,6.026000,9.452000,6.026000,3.426000,1.028000,0.636827,0.569156,0.574866,0.549399,0.925572,0.687909,0.531429,0.586028,0.531429,0.448227,0.078023,0.565778,0.558653,0.468486,0.709061,0.694578,0.680912,0.977743,0.468571,0.742541,0.095160,0.463287,0.616398,48.208000,0.636827,96.033939,48.914000
full_proposed,extreme,40,1040,10.374000,5.940000,9.176000,5.940000,3.236000,1.132000,0.649392,0.573193,0.576654,0.553328,0.921771,0.686484,0.519107,0.582496,0.519107,0.444680,0.078379,0.563350,0.553341,0.453108,0.714190,0.698219,0.687096,0.977630,0.480893,0.746792,0.092967,0.451486,0.601694,47.520000,0.649392,97.308971,49.356000
full_proposed,extreme,41,1041,10.422000,5.882000,9.218000,5.882000,3.336000,1.080000,0.640323,0.564625,0.571323,0.545289,0.915737,0.687437,0.528629,0.588029,0.528629,0.440351,0.078141,0.562153,0.559995,0.461685,0.707874,0.693068,0.677539,0.977836,0.471371,0.739536,0.092859,0.443906,0.605911,47.056000,0.640323,96.741405,49.120000
full_proposed,extreme,42,1042,10.490000,6.008000,9.260000,6.008000,3.252000,1.184000,0.649136,0.573056,0.575377,0.553172,0.936421,0.698076,0.528898,0.590919,0.528898,0.437072,0.075481,0.564511,0.570878,0.460420,0.713070,0.696540,0.688716,0.977622,0.471102,0.750506,0.094077,0.457573,0.605398,48.064000,0.649136,97.085722,49.430000
full_proposed,extreme,43,1043,10.468000,5.794000,9.178000,5.794000,3.384000,1.208000,0.628280,0.552633,0.556864,0.533724,0.917892,0.690939,0.518625,0.581074,0.518625,0.445348,0.077265,0.562223,0.548406,0.448680,0.710786,0.696057,0.679714,0.977838,0.481375,0.739123,0.092482,0.450398,0.592623,46.352000,0.628280,96.702331,49.240000
full_proposed,extreme,44,1044,10.590000,6.090000,9.556000,6.090000,3.466000,0.920000,0.634892,0.573456,0.579474,0.553317,0.934168,0.695863,0.523663,0.581595,0.523663,0.438995,0.076034,0.558181,0.535994,0.466726,0.710109,0.694499,0.681279,0.977751,0.476337,0.740695,0.096411,0.467820,0.623308,48.720000,0.634892,96.143652,49.004000
full_proposed,extreme,45,1045,10.482000,6.066000,9.342000,6.066000,3.276000,1.068000,0.649891,0.578330,0.582049,0.558387,0.924486,0.689963,0.530039,0.588444,0.530039,0.446678,0.077509,0.569132,0.578324,0.466464,0.712489,0.697906,0.686876,0.977867,0.469961,0.748096,0.093806,0.458168,0.600129,48.528000,0.649891,96.211297,49.212000
full_proposed,extreme,46,1046,10.524000,6.108000,9.418000,6.108000,3.310000,1.032000,0.647918,0.579420,0.583214,0.559399,0.919962,0.697479,0.519277,0.579531,0.519277,0.441477,0.075630,0.559323,0.543911,0.459779,0.714447,0.697580,0.688298,0.977812,0.480723,0.747782,0.094830,0.460708,0.610104,48.864000,0.647918,97.221108,49.382000
full_proposed,extreme,47,1047,10.424000,5.916000,9.148000,5.916000,3.232000,1.180000,0.644430,0.567539,0.572655,0.548155,0.922089,0.694171,0.521245,0.584283,0.521245,0.439964,0.076457,0.564159,0.567846,0.450890,0.713595,0.696082,0.687049,0.977798,0.478755,0.748813,0.091915,0.442810,0.597699,47.328000,0.644430,96.540025,49.032000
full_proposed,extreme,48,1048,10.508000,5.964000,9.114000,5.964000,3.150000,1.350000,0.652850,0.566904,0.569333,0.547698,0.919897,0.695539,0.530915,0.590614,0.530915,0.446357,0.076115,0.566633,0.574583,0.452318,0.714084,0.699095,0.689592,0.977782,0.469085,0.753021,0.091526,0.444861,0.592203,47.712000,0.652850,95.836576,49.482000
full_proposed,extreme,49,1049,10.496000,5.894000,9.186000,5.894000,3.292000,1.262000,0.640871,0.561340,0.563586,0.542226,0.920317,0.690146,0.526639,0.587186,0.526639,0.437630,0.077464,0.556891,0.537607,0.452548,0.711396,0.697577,0.683394,0.977888,0.473361,0.743308,0.092727,0.447379,0.591356,47.152000,0.640871,95.745558,49.344000
full_proposed,high,0,1000,7.062000,4.858000,6.706000,4.858000,1.848000,0.356000,0.723576,0.686667,0.686667,0.666247,0.872766,0.700128,0.472070,0.540208,0.472070,0.481227,0.074968,0.582722,0.601932,0.445192,0.753980,0.750580,0.731311,0.981892,0.527930,0.788011,0.061865,0.263299,0.348545,38.864000,0.723576,95.361105,50.000000
full_proposed,high,1,1001,7.002000,4.740000,6.502000,4.740000,1.762000,0.500000,0.727712,0.676131,0.676131,0.656366,0.859576,0.705464,0.465477,0.540338,0.465477,0.486108,0.073634,0.579905,0.592501,0.427068,0.755185,0.750593,0.731112,0.981880,0.534523,0.788904,0.059826,0.253762,0.340656,37.920000,0.727712,96.614850,50.000000
full_proposed,high,2,1002,6.966000,4.780000,6.604000,4.780000,1.824000,0.362000,0.726807,0.687667,0.687667,0.667135,0.875630,0.703370,0.463247,0.530718,0.463247,0.477314,0.074158,0.575555,0.569344,0.436542,0.756196,0.753264,0.732681,0.981835,0.536753,0.786240,0.060590,0.259267,0.346547,38.240000,0.726807,97.128477,50.000000
full_proposed,high,3,1003,6.898000,4.886000,6.648000,4.886000,1.762000,0.250000,0.734967,0.708714,0.708714,0.687391,0.857447,0.700450,0.461637,0.533971,0.461637,0.491815,0.074887,0.589024,0.613454,0.442473,0.756681,0.749829,0.735547,0.981862,0.538363,0.789418,0.061548,0.262215,0.344707,39.088000,0.734967,96.917686,50.000000
full_proposed,high,4,1004,7.002000,4.924000,6.678000,4.924000,1.754000,0.324000,0.736550,0.702690,0.702690,0.681744,0.876275,0.696585,0.463855,0.543167,0.463855,0.483078,0.075854,0.584839,0.608104,0.438581,0.757311,0.751532,0.736682,0.981911,0.536145,0.791016,0.061774,0.261251,0.346320,39.392000,0.736550,96.788195,50.000000
full_proposed,high,5,1005,7.040000,4.918000,6.734000,4.918000,1.816000,0.306000,0.729645,0.697524,0.697524,0.676741,0.861244,0.697440,0.466577,0.537179,0.466577,0.492526,0.075640,0.593142,0.621833,0.443509,0.755662,0.751842,0.732569,0.981968,0.533423,0.788753,0.062167,0.262245,0.349165,39.344000,0.729645,96.949948,50.000000
full_proposed,high,6,1006,7.032000,4.878000,6.738000,4.878000,1.860000,0.294000,0.725950,0.695750,0.695750,0.674737,0.873997,0.691089,0.464729,0.536070,0.464729,0.480837,0.077228,0.579694,0.585879,0.443065,0.755227,0.749631,0.732664,0.981780,0.535271,0.788038,0.062715,0.265774,0.353531,39.024000,0.725950,97.100449,49.994000
full_proposed,high,7,1007,7.032000,4.772000,6.694000,4.772000,1.922000,0.338000,0.713364,0.678548,0.678548,0.658220,0.868719,0.700365,0.462381,0.535131,0.462381,0.477345,0.074909,0.578310,0.586119,0.436819,0.754233,0.750928,0.728183,0.981828,0.537619,0.783492,0.061973,0.262816,0.350617,38.176000,0.713364,96.120383,50.000000
full_proposed,high,8,1008,6.990000,4.868000,6.558000,4.868000,1.690000,0.432000,0.744595,0.697083,0.697083,0.676539,0.875953,0.699173,0.467126,0.541253,0.467126,0.481550,0.075207,0.581580,0.592855,0.434591,0.757565,0.751361,0.738882,0.981866,0.532874,0.793207,0.060549,0.258300,0.340649,38.944000,0.744595,96.812857,50.000000
full_proposed,high,9,1009,7.020000,4.786000,6.626000,4.786000,1.840000,0.394000,0.721176,0.681393,0.681393,0.661245,0.863459,0.701003,0.471682,0.538480,0.471682,0.475559,0.074749,0.581185,0.600824,0.440964,0.753587,0.749210,0.730507,0.981975,0.528318,0.788533,0.061363,0.256336,0.346652,38.288000,0.721176,97.120079,50.000000
full_proposed,high,10,1010,6.924000,4.828000,6.648000,4.828000,1.820000,0.276000,0.726617,0.698012,0.698012,0.676785,0.864407,0.693567,0.472839,0.536150,0.472839,0.484862,0.076608,0.584469,0.597812,0.450870,0.753000,0.749033,0.730754,0.981686,0.527161,0.786426,0.061772,0.261711,0.351741,38.624000,0.726617,96.778748,49.996000
full_proposed,high,11,1011,6.960000,4.906000,6.694000,4.906000,1.788000,0.266000,0.731240,0.702845,0.702845,0.681674,0.862405,0.709026,0.475931,0.545387,0.475931,0.477000,0.072743,0.579627,0.596474,0.454139,0.755661,0.751280,0.737160,0.981830,0.524069,0.793052,0.061862,0.262721,0.349559,39.248000,0.731240,95.932632,50.000000
full_proposed,high,12,1012,7.008000,4.882000,6.790000,4.882000,1.908000,0.218000,0.718640,0.696524,0.696524,0.675176,0.867655,0.700859,0.461191,0.531950,0.461191,0.483055,0.074785,0.582145,0.591887,0.444874,0.754614,0.748284,0.731253,0.981714,0.538809,0.785016,0.063164,0.268676,0.357976,39.056000,0.718640,97.668792,50.000000
full_proposed,high,13,1013,6.988000,4.786000,6.674000,4.786000,1.888000,0.314000,0.716298,0.684131,0.684131,0.663730,0.854783,0.701900,0.467012,0.537355,0.467012,0.472280,0.074525,0.571670,0.562362,0.442655,0.753485,0.749120,0.729672,0.981861,0.532988,0.784630,0.061652,0.262213,0.346705,38.288000,0.716298,96.017855,49.994000
full_proposed,high,14,1014,6.966000,4.814000,6.574000,4.814000,1.760000,0.392000,0.731133,0.690405,0.690405,0.669837,0.845386,0.709700,0.464529,0.539400,0.464529,0.474796,0.072575,0.576028,0.590448,0.434377,0.756377,0.750292,0.735220,0.981808,0.535471,0.790200,0.060764,0.261158,0.341086,38.512000,0.731133,97.304194,50.000000
full_proposed,high,15,1015,7.002000,4.850000,6.676000,4.850000,1.826000,0.326000,0.728486,0.693321,0.693321,0.672736,0.870751,0.694861,0.465588,0.538061,0.465588,0.473358,0.076285,0.579897,0.599623,0.441624,0.755593,0.750157,0.733705,0.981935,0.534412,0.788674,0.061496,0.258409,0.349355,38.800000,0.728486,97.113159,49.992000
full_proposed,high,16,1016,6.980000,4.798000,6.668000,4.798000,1.870000,0.312000,0.718840,0.684952,0.684952,0.664479,0.874633,0.705199,0.467066,0.534241,0.467066,0.478303,0.073700,0.582178,0.602651,0.443128,0.755107,0.751981,0.731353,0.981855,0.532934,0.787414,0.061255,0.262304,0.348090,38.384000,0.718840,96.052831,49.996000
full_proposed,high,17,1017,6.986000,4.746000,6.626000,4.746000,1.880000,0.360000,0.716629,0.678452,0.678452,0.658129,0.859364,0.708453,0.480730,0.546412,0.480730,0.474485,0.072887,0.576972,0.591660,0.451949,0.751083,0.748874,0.728637,0.981668,0.519270,0.785924,0.061682,0.262519,0.349932,37.968000,0.716629,96.143258,50.000000
full_proposed,high,18,1018,6.982000,4.924000,6.668000,4.924000,1.744000,0.312000,0.740143,0.707274,0.707560,0.686175,0.876611,0.705839,0.465352,0.533532,0.465352,0.483531,0.073540,0.581654,0.595643,0.441779,0.757749,0.752284,0.737597,0.981934,0.534648,0.792646,0.061637,0.259828,0.346993,39.392000,0.740143,97.289824,49.996000
full_proposed,high,19,1019,7.028000,4.880000,6.714000,4.880000,1.834000,0.314000,0.724314,0.692548,0.692548,0.671429,0.899402,0.702023,0.469052,0.531792,0.469052,0.480908,0.074494,0.581884,0.599791,0.444616,0.755103,0.751801,0.732568,0.981578,0.530948,0.788332,0.062305,0.267323,0.357388,39.040000,0.724314,96.600446,50.000000
full_proposed,high,20,1020,6.942000,4.796000,6.604000,4.796000,1.808000,0.338000,0.725552,0.690357,0.690357,0.669564,0.868743,0.707310,0.466110,0.534697,0.466110,0.477505,0.073172,0.575094,0.583778,0.439795,0.754004,0.749566,0.730602,0.981683,0.533890,0.785036,0.061389,0.261450,0.347967,38.368000,0.725552,97.222612,50.000000
full_proposed,high,21,1021,6.956000,4.936000,6.666000,4.936000,1.730000,0.290000,0.740386,0.710798,0.710798,0.689305,0.867774,0.699731,0.462564,0.535549,0.462564,0.491228,0.075067,0.589301,0.613209,0.440722,0.760137,0.754779,0.741369,0.981818,0.537436,0.795110,0.061091,0.259364,0.352410,39.488000,0.740386,95.966787,50.000000
full_proposed,high,22,1022,7.038000,5.072000,6.752000,5.072000,1.680000,0.286000,0.748860,0.718893,0.718893,0.697362,0.876202,0.695186,0.457944,0.529151,0.457944,0.489669,0.076203,0.591574,0.630176,0.436336,0.763322,0.755001,0.748506,0.981909,0.542056,0.799621,0.062014,0.264432,0.351391,40.576000,0.748860,96.319868,50.000000
full_proposed,high,23,1023,6.980000,4.674000,6.466000,4.674000,1.792000,0.514000,0.723524,0.669643,0.669643,0.649898,0.886629,0.713503,0.463778,0.544203,0.463778,0.474955,0.071624,0.580525,0.614304,0.424209,0.755025,0.750203,0.730799,0.981807,0.536222,0.787385,0.059789,0.252947,0.341869,37.392000,0.723524,96.207969,49.990000
full_proposed,high,24,1024,6.992000,4.694000,6.560000,4.694000,1.866000,0.432000,0.712910,0.669667,0.669667,0.649855,0.891910,0.699143,0.464969,0.539915,0.464969,0.476326,0.075214,0.578484,0.579635,0.431895,0.752781,0.750889,0.725002,0.981863,0.535031,0.781641,0.060621,0.256060,0.343352,37.552000,0.712910,96.462414,50.000000
full_proposed,high,25,1025,7.060000,4.928000,6.720000,4.928000,1.792000,0.340000,0.731212,0.696024,0.696024,0.675396,0.847492,0.704758,0.462427,0.533952,0.462427,0.488650,0.073811,0.581925,0.585542,0.436857,0.757899,0.751806,0.737753,0.982007,0.537573,0.791133,0.061676,0.262016,0.347847,39.424000,0.731212,96.715628,49.996000
full_proposed,high,26,1026,6.970000,4.984000,6.658000,4.984000,1.674000,0.312000,0.747783,0.714714,0.714714,0.693357,0.873467,0.703699,0.460171,0.539033,0.460171,0.492845,0.074075,0.592228,0.627308,0.436896,0.760246,0.754058,0.742100,0.981957,0.539829,0.793459,0.061105,0.257856,0.348555,39.872000,0.747783,96.023506,49.992000
full_proposed,high,27,1027,6.978000,4.972000,6.794000,4.972000,1.822000,0.184000,0.730681,0.711214,0.711214,0.689610,0.849787,0.696841,0.463387,0.526576,0.463387,0.491431,0.075790,0.587684,0.605338,0.448973,0.757198,0.752017,0.736535,0.981925,0.536613,0.789245,0.062698,0.265461,0.354590,39.776000,0.730681,96.901767,49.996000
full_proposed,high,28,1028,7.022000,4.714000,6.636000,4.714000,1.922000,0.384000,0.709488,0.669881,0.670024,0.649978,0.869003,0.708459,0.464991,0.536136,0.464991,0.472911,0.072885,0.577687,0.603094,0.436028,0.752093,0.748873,0.724718,0.981878,0.535009,0.781256,0.061574,0.261456,0.344622,37.712000,0.709488,95.721398,49.996000
full_proposed,high,29,1029,7.040000,4.920000,6.738000,4.920000,1.818000,0.302000,0.731371,0.701250,0.701250,0.680167,0.880843,0.695819,0.466915,0.537555,0.466915,0.477827,0.076045,0.579422,0.587810,0.444692,0.757259,0.754764,0.735515,0.981854,0.533085,0.789988,0.061906,0.263429,0.354097,39.360000,0.731371,95.614863,50.000000
full_proposed,high,30,1030,6.966000,4.848000,6.592000,4.848000,1.744000,0.370000,0.736450,0.696690,0.697224,0.675864,0.842305,0.694285,0.454402,0.529179,0.454402,0.500566,0.076429,0.593463,0.607094,0.426401,0.758474,0.750559,0.736527,0.981803,0.545598,0.790479,0.061285,0.257611,0.346174,38.784000,0.736450,96.230216,49.988000
full_proposed,high,31,1031,7.008000,4.878000,6.734000,4.878000,1.856000,0.274000,0.723752,0.695786,0.695786,0.674852,0.855444,0.699240,0.468768,0.540040,0.468768,0.481811,0.075190,0.583744,0.605397,0.447770,0.754997,0.749628,0.734114,0.981899,0.531232,0.788654,0.062283,0.263180,0.351754,39.024000,0.723752,96.025982,50.000000
full_proposed,high,32,1032,7.044000,4.966000,6.692000,4.966000,1.726000,0.352000,0.744836,0.706690,0.706690,0.685534,0.878395,0.696790,0.466846,0.535928,0.466846,0.491654,0.075803,0.587698,0.610934,0.440059,0.758271,0.752947,0.739784,0.981795,0.533154,0.793387,0.062235,0.262028,0.351103,39.728000,0.744836,96.266623,50.000000
full_proposed,high,33,1033,7.066000,4.776000,6.614000,4.776000,1.838000,0.450000,0.722686,0.676036,0.676214,0.655895,0.869681,0.697954,0.464282,0.535960,0.464282,0.473000,0.075512,0.575423,0.580851,0.430061,0.751159,0.747228,0.723766,0.981701,0.535718,0.779136,0.061395,0.260463,0.350199,38.208000,0.722686,97.624530,49.984000
full_proposed,high,34,1034,6.904000,4.904000,6.644000,4.904000,1.740000,0.260000,0.738755,0.710107,0.710107,0.688569,0.858024,0.695135,0.461314,0.533101,0.461314,0.492903,0.076216,0.590232,0.615116,0.441869,0.757248,0.752453,0.735267,0.981769,0.538686,0.788586,0.061291,0.260130,0.351008,39.232000,0.738755,95.946416,50.000000
full_proposed,high,35,1035,6.938000,4.794000,6.576000,4.794000,1.782000,0.358000,0.731314,0.691512,0.691893,0.670817,0.838300,0.696639,0.453593,0.533281,0.453593,0.481243,0.075840,0.581398,0.591595,0.426735,0.757487,0.746708,0.737362,0.981779,0.546407,0.789070,0.061877,0.255608,0.347503,38.352000,0.731314,97.448887,49.966000
full_proposed,high,36,1036,6.978000,4.678000,6.492000,4.678000,1.814000,0.486000,0.721519,0.671095,0.671095,0.651232,0.868040,0.705232,0.471390,0.541657,0.471390,0.467021,0.073692,0.573163,0.585484,0.434782,0.752687,0.750090,0.727905,0.981707,0.528610,0.785116,0.059687,0.254560,0.346041,37.424000,0.721519,95.942483,50.000000
full_proposed,high,37,1037,6.984000,4.940000,6.688000,4.940000,1.748000,0.296000,0.741167,0.708024,0.708024,0.686787,0.873434,0.711489,0.463983,0.535546,0.463983,0.481708,0.072128,0.582025,0.606406,0.441304,0.759338,0.750840,0.742819,0.981820,0.536017,0.796364,0.061925,0.262794,0.349908,39.520000,0.741167,96.920623,50.000000
full_proposed,high,38,1038,7.010000,4.892000,6.702000,4.892000,1.810000,0.306000,0.730436,0.699262,0.699500,0.678124,0.876073,0.703992,0.472951,0.539709,0.472951,0.475136,0.074002,0.574637,0.577386,0.449673,0.755169,0.750694,0.735233,0.981732,0.527049,0.790766,0.062272,0.264194,0.352485,39.136000,0.730436,96.867861,49.998000
full_proposed,high,39,1039,7.060000,4.964000,6.772000,4.964000,1.808000,0.288000,0.733369,0.704476,0.704476,0.683119,0.876823,0.705192,0.478840,0.541562,0.478840,0.481172,0.073702,0.584511,0.611677,0.456283,0.753261,0.749157,0.733872,0.981708,0.521160,0.789605,0.062721,0.267110,0.358334,39.712000,0.733369,96.940808,50.000000
full_proposed,high,40,1040,6.992000,4.808000,6.586000,4.808000,1.778000,0.406000,0.732531,0.688774,0.688774,0.668298,0.882238,0.702952,0.476401,0.546908,0.476401,0.470340,0.074262,0.573615,0.584753,0.445021,0.753179,0.750905,0.730749,0.981812,0.523599,0.787825,0.061082,0.258011,0.346681,38.464000,0.732531,97.105685,50.000000
full_proposed,high,41,1041,7.000000,4.890000,6.714000,4.890000,1.824000,0.286000,0.729436,0.698798,0.698798,0.677936,0.882214,0.693667,0.467983,0.538933,0.467983,0.479368,0.076583,0.579623,0.581169,0.446091,0.754169,0.750500,0.730622,0.981931,0.532017,0.786068,0.061912,0.264105,0.346594,39.120000,0.729436,97.583569,50.000000
full_proposed,high,42,1042,7.022000,4.776000,6.664000,4.776000,1.888000,0.358000,0.718179,0.680512,0.680512,0.660172,0.877980,0.707278,0.466801,0.535342,0.466801,0.472016,0.073181,0.571568,0.561700,0.440076,0.754172,0.751653,0.728713,0.981796,0.533199,0.785667,0.061286,0.262883,0.349746,38.208000,0.718179,95.129924,50.000000
full_proposed,high,43,1043,7.016000,4.762000,6.614000,4.762000,1.852000,0.402000,0.718962,0.678905,0.678905,0.658544,0.869241,0.695099,0.470305,0.539164,0.470305,0.476657,0.076225,0.580047,0.586923,0.440879,0.751638,0.748637,0.725825,0.981682,0.529695,0.782952,0.061443,0.261491,0.349593,38.096000,0.718962,97.619774,49.998000
full_proposed,high,44,1044,6.990000,4.852000,6.716000,4.852000,1.864000,0.274000,0.720757,0.693679,0.693679,0.672756,0.872208,0.700079,0.467448,0.537608,0.467448,0.485652,0.074980,0.579926,0.585583,0.446401,0.755073,0.748864,0.733535,0.981846,0.532552,0.789886,0.062141,0.262877,0.351740,38.816000,0.720757,96.545947,50.000000
full_proposed,high,45,1045,6.952000,4.916000,6.682000,4.916000,1.766000,0.270000,0.735776,0.707536,0.707536,0.686227,0.836189,0.705761,0.467833,0.536605,0.467833,0.473627,0.073560,0.574361,0.582584,0.446639,0.756586,0.750973,0.736575,0.981917,0.532167,0.791709,0.061253,0.261288,0.348800,39.328000,0.735776,96.119886,50.000000
full_proposed,high,46,1046,7.044000,4.908000,6.680000,4.908000,1.772000,0.364000,0.736395,0.699024,0.699024,0.678257,0.880238,0.702897,0.465238,0.538736,0.465238,0.480102,0.074276,0.583449,0.617635,0.438266,0.758028,0.754319,0.737028,0.981930,0.534762,0.791570,0.061579,0.259498,0.348806,39.264000,0.736395,95.579934,50.000000
full_proposed,high,47,1047,6.964000,4.714000,6.496000,4.714000,1.782000,0.466000,0.726326,0.677310,0.677576,0.657448,0.880192,0.705913,0.474962,0.544865,0.474962,0.485245,0.073522,0.590869,0.643097,0.438115,0.751446,0.748341,0.726577,0.981925,0.525038,0.785706,0.060030,0.254576,0.337881,37.712000,0.726326,96.141886,49.986000
full_proposed,high,48,1048,7.050000,4.822000,6.606000,4.822000,1.784000,0.444000,0.732267,0.684643,0.684643,0.664407,0.868097,0.703343,0.469454,0.544665,0.469454,0.482227,0.074164,0.581503,0.594066,0.435416,0.752511,0.748795,0.726963,0.981798,0.530546,0.785445,0.061255,0.261481,0.344703,38.576000,0.732267,95.824135,49.998000
full_proposed,high,49,1049,7.000000,4.910000,6.616000,4.910000,1.706000,0.384000,0.741769,0.700798,0.700798,0.679988,0.877712,0.706060,0.458496,0.532184,0.458496,0.480723,0.073485,0.582512,0.608177,0.429073,0.759811,0.751947,0.741494,0.981875,0.541504,0.793585,0.061275,0.257620,0.346358,39.280000,0.741769,97.050823,50.000000
full_proposed,low,0,1000,1.480000,1.216000,1.480000,1.216000,0.264000,0.000000,0.830000,0.830000,0.830000,0.814226,0.777441,0.797610,0.327030,0.381018,0.327030,0.579929,0.050598,0.616071,0.658937,0.327030,0.800937,0.814618,0.744407,0.988824,0.672970,0.793587,0.010636,0.034214,0.046355,9.728000,0.830000,87.696863,50.000000
full_proposed,low,1,1001,1.494000,1.242000,1.494000,1.242000,0.252000,0.000000,0.838000,0.838000,0.838000,0.821879,0.740770,0.796222,0.315366,0.365620,0.315366,0.576792,0.050945,0.611937,0.642751,0.315366,0.808639,0.816909,0.757533,0.988762,0.684634,0.806880,0.010831,0.034762,0.046209,9.936000,0.838000,89.443722,50.000000
full_proposed,low,2,1002,1.490000,1.212000,1.490000,1.212000,0.278000,0.000000,0.815000,0.815000,0.815000,0.799725,0.764131,0.796757,0.319374,0.385595,0.319374,0.568770,0.050811,0.606653,0.650074,0.319374,0.801531,0.813889,0.743072,0.988974,0.680626,0.792341,0.010783,0.034781,0.043947,9.696000,0.815000,86.915630,50.000000
full_proposed,low,3,1003,1.526000,1.200000,1.524000,1.200000,0.324000,0.002000,0.780000,0.779000,0.779000,0.764224,0.752403,0.781590,0.320338,0.377882,0.320338,0.565669,0.054602,0.605642,0.622676,0.320111,0.797958,0.811921,0.733992,0.988889,0.679662,0.787338,0.011049,0.035000,0.046508,9.600000,0.780000,83.389578,50.000000
full_proposed,low,4,1004,1.522000,1.246000,1.522000,1.246000,0.276000,0.000000,0.820000,0.820000,0.820000,0.804404,0.737834,0.787208,0.323026,0.373747,0.323026,0.580474,0.053198,0.616518,0.636954,0.323026,0.801547,0.817263,0.742384,0.988846,0.676974,0.791509,0.010781,0.035336,0.047315,9.968000,0.820000,85.768494,50.000000
full_proposed,low,5,1005,1.506000,1.248000,1.504000,1.248000,0.256000,0.002000,0.833000,0.833000,0.833000,0.817007,0.676744,0.799302,0.320848,0.377041,0.320848,0.565747,0.050175,0.602616,0.636372,0.320572,0.807831,0.818363,0.757917,0.988794,0.679152,0.804545,0.010568,0.034161,0.047612,9.984000,0.833000,87.059849,50.000000
full_proposed,low,6,1006,1.502000,1.222000,1.502000,1.222000,0.280000,0.000000,0.811000,0.811000,0.811000,0.795888,0.758551,0.795779,0.329007,0.383421,0.329007,0.576348,0.051055,0.615472,0.661413,0.329007,0.801305,0.816021,0.744361,0.988995,0.670993,0.795328,0.010673,0.034836,0.045090,9.776000,0.811000,83.573552,50.000000
full_proposed,low,7,1007,1.502000,1.224000,1.502000,1.224000,0.278000,0.000000,0.816000,0.816000,0.816000,0.800440,0.751911,0.793209,0.328034,0.384357,0.328034,0.564751,0.051698,0.601508,0.626854,0.328034,0.801436,0.816503,0.744546,0.988890,0.671966,0.794196,0.010795,0.034393,0.046297,9.792000,0.816000,84.917923,50.000000
full_proposed,low,8,1008,1.470000,1.216000,1.470000,1.216000,0.254000,0.000000,0.822000,0.822000,0.822000,0.806422,0.739131,0.797601,0.320336,0.367082,0.320336,0.582837,0.050600,0.616918,0.656725,0.320336,0.802007,0.813489,0.745202,0.988902,0.679664,0.794057,0.010515,0.033742,0.045239,9.728000,0.822000,86.844116,50.000000
full_proposed,low,9,1009,1.518000,1.240000,1.518000,1.240000,0.278000,0.000000,0.821000,0.821000,0.821000,0.805349,0.755928,0.800175,0.320047,0.367072,0.320047,0.576280,0.049956,0.609995,0.647855,0.320047,0.804673,0.814245,0.752126,0.988766,0.679953,0.799409,0.011004,0.035496,0.046936,9.920000,0.821000,88.059072,50.000000
full_proposed,low,10,1010,1.512000,1.286000,1.512000,1.286000,0.226000,0.000000,0.856000,0.856000,0.856000,0.839536,0.749284,0.804207,0.323435,0.381718,0.323435,0.585002,0.048948,0.619472,0.683660,0.323435,0.806319,0.816710,0.755646,0.988738,0.676565,0.803897,0.010771,0.034849,0.047475,10.288000,0.856000,89.736446,50.000000
full_proposed,low,11,1011,1.486000,1.216000,1.486000,1.216000,0.270000,0.000000,0.824000,0.824000,0.824000,0.808122,0.763830,0.788507,0.316925,0.361398,0.316925,0.584744,0.052873,0.620425,0.660112,0.316925,0.804296,0.815935,0.747462,0.988711,0.683075,0.797483,0.010590,0.034214,0.046776,9.728000,0.824000,86.208396,50.000000
full_proposed,low,12,1012,1.464000,1.192000,1.462000,1.192000,0.270000,0.002000,0.818000,0.817000,0.817000,0.801368,0.739818,0.805440,0.315706,0.367733,0.315706,0.574572,0.048640,0.608293,0.648312,0.315213,0.802684,0.815020,0.743336,0.988840,0.684294,0.793489,0.010474,0.033554,0.045087,9.536000,0.818000,86.391020,50.000000
full_proposed,low,13,1013,1.496000,1.244000,1.496000,1.244000,0.252000,0.000000,0.828000,0.828000,0.828000,0.812303,0.733167,0.796886,0.309405,0.365314,0.309405,0.582271,0.050779,0.618216,0.656534,0.309405,0.806160,0.815876,0.748848,0.988871,0.690595,0.799233,0.010688,0.034559,0.046268,9.952000,0.828000,85.509405,50.000000
full_proposed,low,14,1014,1.520000,1.254000,1.520000,1.254000,0.266000,0.000000,0.820000,0.820000,0.820000,0.804610,0.742296,0.792106,0.322510,0.377520,0.322510,0.585478,0.051973,0.621413,0.659218,0.322510,0.804486,0.818107,0.748033,0.989026,0.677490,0.799513,0.010766,0.034928,0.046208,10.032000,0.820000,85.593051,50.000000
full_proposed,low,15,1015,1.514000,1.308000,1.514000,1.308000,0.206000,0.000000,0.867000,0.867000,0.867000,0.850537,0.788717,0.802771,0.312601,0.362391,0.312601,0.592493,0.049307,0.624684,0.676982,0.312601,0.810537,0.817264,0.761715,0.988849,0.687399,0.809250,0.010998,0.034821,0.047139,10.464000,0.867000,91.136559,50.000000
full_proposed,low,16,1016,1.512000,1.266000,1.512000,1.266000,0.246000,0.000000,0.837000,0.837000,0.837000,0.821080,0.749304,0.799124,0.312427,0.367485,0.312427,0.575680,0.050219,0.611204,0.645751,0.312427,0.805903,0.815262,0.751193,0.988786,0.687573,0.798699,0.010919,0.034927,0.047064,10.128000,0.837000,87.781532,50.000000
full_proposed,low,17,1017,1.506000,1.256000,1.504000,1.256000,0.248000,0.002000,0.831000,0.831000,0.831000,0.815462,0.723714,0.798176,0.315900,0.372942,0.315900,0.575316,0.050456,0.610312,0.641011,0.315900,0.804513,0.816453,0.749039,0.987027,0.682100,0.798479,0.010615,0.034256,0.045140,10.048000,0.831000,87.369869,50.000000
full_proposed,low,18,1018,1.492000,1.196000,1.492000,1.196000,0.296000,0.000000,0.802000,0.802000,0.802000,0.786729,0.706495,0.795374,0.311432,0.362674,0.311432,0.562824,0.051156,0.599527,0.609411,0.311432,0.803384,0.815987,0.741692,0.988856,0.688568,0.793978,0.010468,0.034395,0.045974,9.568000,0.802000,84.696150,50.000000
full_proposed,low,19,1019,1.504000,1.228000,1.504000,1.228000,0.276000,0.000000,0.815000,0.815000,0.815000,0.799685,0.727006,0.805603,0.323462,0.388836,0.323462,0.559724,0.048599,0.598887,0.649715,0.323462,0.803538,0.814796,0.749555,0.988876,0.676538,0.798416,0.010697,0.034920,0.045754,9.824000,0.815000,85.686143,50.000000
full_proposed,low,20,1020,1.480000,1.208000,1.480000,1.208000,0.272000,0.000000,0.817000,0.817000,0.817000,0.801716,0.708430,0.796170,0.328213,0.379227,0.328213,0.574198,0.050957,0.609671,0.654904,0.328213,0.801427,0.815151,0.745392,0.988944,0.671787,0.795387,0.010483,0.034005,0.044956,9.664000,0.817000,86.346699,50.000000
full_proposed,low,21,1021,1.468000,1.180000,1.466000,1.180000,0.286000,0.002000,0.807000,0.807000,0.807000,0.791766,0.714905,0.794386,0.320939,0.377537,0.320939,0.579666,0.051403,0.613945,0.650374,0.320939,0.800621,0.815123,0.741915,0.986837,0.677061,0.792069,0.010306,0.033963,0.045509,9.440000,0.807000,85.453018,50.000000
full_proposed,low,22,1022,1.500000,1.226000,1.500000,1.226000,0.274000,0.000000,0.817000,0.817000,0.817000,0.801738,0.773196,0.788851,0.322806,0.376079,0.322806,0.583148,0.052787,0.621486,0.661841,0.322806,0.803369,0.817511,0.745953,0.988997,0.677194,0.796900,0.010701,0.033795,0.045302,9.808000,0.817000,85.064098,50.000000
full_proposed,low,23,1023,1.458000,1.196000,1.458000,1.196000,0.262000,0.000000,0.818000,0.818000,0.818000,0.802677,0.775429,0.798400,0.311255,0.362541,0.311255,0.576069,0.050400,0.611068,0.645916,0.311255,0.807890,0.819530,0.752190,0.988933,0.688745,0.800860,0.010280,0.033940,0.044126,9.568000,0.818000,82.948674,50.000000
full_proposed,low,24,1024,1.510000,1.244000,1.510000,1.244000,0.266000,0.000000,0.824000,0.824000,0.824000,0.808394,0.740246,0.794791,0.322093,0.370905,0.322093,0.572914,0.051302,0.606972,0.631204,0.322093,0.807916,0.818544,0.756775,0.988927,0.677907,0.807388,0.010815,0.034339,0.046485,9.952000,0.824000,86.663471,50.000000
full_proposed,low,25,1025,1.482000,1.202000,1.482000,1.202000,0.280000,0.000000,0.813000,0.813000,0.813000,0.797387,0.784994,0.793804,0.334614,0.386673,0.334614,0.570133,0.051549,0.611031,0.656769,0.334614,0.796875,0.813021,0.736904,0.988774,0.665386,0.789517,0.010434,0.034139,0.046435,9.616000,0.813000,84.841559,50.000000
full_proposed,low,26,1026,1.528000,1.238000,1.528000,1.238000,0.290000,0.000000,0.801000,0.801000,0.801000,0.785764,0.760753,0.794457,0.317194,0.370150,0.317194,0.563472,0.051386,0.599536,0.630276,0.317194,0.805970,0.815151,0.753236,0.988828,0.682806,0.801289,0.011214,0.035518,0.047130,9.904000,0.801000,85.479087,50.000000
full_proposed,low,27,1027,1.488000,1.218000,1.488000,1.218000,0.270000,0.000000,0.826000,0.826000,0.826000,0.810147,0.736926,0.800568,0.319430,0.381375,0.319430,0.575669,0.049858,0.610134,0.650441,0.319430,0.804641,0.816733,0.748861,0.988688,0.680570,0.798881,0.010543,0.035027,0.047124,9.744000,0.826000,86.276346,50.000000
full_proposed,low,28,1028,1.472000,1.148000,1.472000,1.148000,0.324000,0.000000,0.775000,0.775000,0.775000,0.760405,0.771524,0.792423,0.317687,0.374183,0.317687,0.557250,0.051894,0.599439,0.635891,0.317687,0.801948,0.813956,0.742508,0.988976,0.682313,0.793793,0.010573,0.032957,0.045581,9.184000,0.775000,83.301791,50.000000
full_proposed,low,29,1029,1.536000,1.262000,1.536000,1.262000,0.274000,0.000000,0.824000,0.824000,0.824000,0.808519,0.739969,0.792574,0.321329,0.375009,0.321329,0.573520,0.051857,0.609537,0.637575,0.321329,0.805894,0.818258,0.752206,0.988961,0.678671,0.801026,0.010984,0.035279,0.047207,10.096000,0.824000,86.957023,50.000000
full_proposed,low,30,1030,1.466000,1.208000,1.466000,1.208000,0.258000,0.000000,0.815000,0.815000,0.815000,0.799371,0.739483,0.792317,0.318931,0.373239,0.318931,0.579031,0.051921,0.615112,0.652951,0.318931,0.803480,0.816548,0.746536,0.988802,0.681069,0.794713,0.010603,0.033728,0.045636,9.664000,0.815000,84.564519,50.000000
full_proposed,low,31,1031,1.456000,1.148000,1.456000,1.148000,0.308000,0.000000,0.785000,0.785000,0.785000,0.770070,0.762722,0.790640,0.325154,0.378360,0.325154,0.560075,0.052340,0.602068,0.632600,0.325154,0.796363,0.812334,0.732293,0.988773,0.674846,0.784278,0.010475,0.033842,0.045217,9.184000,0.785000,82.830934,50.000000
full_proposed,low,32,1032,1.480000,1.258000,1.480000,1.258000,0.222000,0.000000,0.854000,0.854000,0.854000,0.837946,0.770024,0.801126,0.319124,0.364097,0.319124,0.586258,0.049718,0.619909,0.669569,0.319124,0.807310,0.817658,0.757130,0.988955,0.680876,0.801759,0.010593,0.033773,0.044687,10.064000,0.854000,88.698191,50.000000
full_proposed,low,33,1033,1.480000,1.220000,1.478000,1.220000,0.258000,0.002000,0.819000,0.818000,0.818000,0.802606,0.737181,0.799350,0.311402,0.373853,0.311402,0.582072,0.050162,0.616552,0.665987,0.311090,0.804961,0.813038,0.749941,0.988922,0.688598,0.797260,0.010776,0.033579,0.045193,9.760000,0.819000,86.917488,50.000000
full_proposed,low,34,1034,1.510000,1.252000,1.510000,1.252000,0.258000,0.000000,0.829000,0.829000,0.829000,0.813266,0.782994,0.799234,0.318363,0.375081,0.318363,0.583662,0.050191,0.618542,0.667860,0.318363,0.801836,0.812755,0.744100,0.988816,0.681637,0.793840,0.010817,0.035261,0.046356,10.016000,0.829000,86.988864,50.000000
full_proposed,low,35,1035,1.528000,1.266000,1.526000,1.266000,0.260000,0.002000,0.824000,0.824000,0.824000,0.808340,0.737360,0.806295,0.318783,0.380751,0.318783,0.577491,0.048426,0.612800,0.663821,0.318783,0.804182,0.814683,0.749989,0.986870,0.679217,0.801212,0.010843,0.034918,0.047677,10.128000,0.824000,87.245458,50.000000
full_proposed,low,36,1036,1.488000,1.190000,1.486000,1.190000,0.296000,0.002000,0.802000,0.802000,0.802000,0.786497,0.725214,0.784466,0.318564,0.382330,0.318564,0.572163,0.053883,0.608820,0.624889,0.318564,0.795766,0.813584,0.729130,0.986735,0.679436,0.780280,0.010602,0.034967,0.046685,9.520000,0.802000,86.109061,50.000000
full_proposed,low,37,1037,1.484000,1.214000,1.484000,1.214000,0.270000,0.000000,0.821000,0.821000,0.821000,0.805472,0.740838,0.797206,0.319020,0.381714,0.319020,0.575418,0.050699,0.614738,0.672130,0.319020,0.804889,0.819014,0.747321,0.988957,0.680980,0.797947,0.010297,0.034030,0.045744,9.712000,0.821000,85.333302,50.000000
full_proposed,low,38,1038,1.484000,1.190000,1.484000,1.190000,0.294000,0.000000,0.801000,0.801000,0.801000,0.785640,0.765955,0.792145,0.317512,0.372458,0.317512,0.567324,0.051964,0.605331,0.638878,0.317512,0.804680,0.815254,0.749851,0.988745,0.682488,0.798287,0.010755,0.034033,0.047026,9.520000,0.801000,85.274629,50.000000
full_proposed,low,39,1039,1.502000,1.262000,1.502000,1.262000,0.240000,0.000000,0.840000,0.840000,0.840000,0.824134,0.772904,0.802302,0.319605,0.368736,0.319605,0.588113,0.049425,0.621111,0.663663,0.319605,0.804873,0.819210,0.747521,0.988891,0.680395,0.797908,0.010680,0.035082,0.045437,10.096000,0.840000,86.393644,50.000000
full_proposed,low,40,1040,1.498000,1.260000,1.496000,1.260000,0.236000,0.002000,0.842000,0.842000,0.842000,0.825886,0.770979,0.800689,0.312184,0.370637,0.312184,0.582625,0.049828,0.619050,0.674145,0.311710,0.805792,0.814783,0.749274,0.988814,0.687816,0.801117,0.010613,0.034715,0.046218,10.080000,0.842000,88.177793,50.000000
full_proposed,low,41,1041,1.490000,1.232000,1.490000,1.232000,0.258000,0.000000,0.825000,0.825000,0.825000,0.809459,0.758417,0.794409,0.318127,0.371803,0.318127,0.578166,0.051398,0.614593,0.655009,0.318127,0.805321,0.816080,0.750655,0.988949,0.681873,0.800097,0.010572,0.034155,0.046162,9.856000,0.825000,86.915334,50.000000
full_proposed,low,42,1042,1.496000,1.268000,1.494000,1.268000,0.226000,0.002000,0.845000,0.844000,0.844000,0.828128,0.722873,0.802883,0.320374,0.377153,0.320374,0.582316,0.049279,0.616655,0.665016,0.320205,0.804484,0.814525,0.750251,0.988911,0.679626,0.800490,0.010746,0.034214,0.045141,10.144000,0.845000,88.526694,50.000000
full_proposed,low,43,1043,1.532000,1.254000,1.532000,1.254000,0.278000,0.000000,0.823000,0.823000,0.823000,0.807202,0.759618,0.794243,0.319500,0.365546,0.319500,0.575666,0.051439,0.608699,0.630718,0.319500,0.802687,0.816857,0.745260,0.988723,0.680500,0.791790,0.010958,0.035474,0.048165,10.032000,0.823000,88.028216,50.000000
full_proposed,low,44,1044,1.474000,1.224000,1.474000,1.224000,0.250000,0.000000,0.835000,0.835000,0.835000,0.819086,0.775994,0.792078,0.312580,0.365428,0.312580,0.582277,0.051980,0.615028,0.645654,0.312580,0.807565,0.819157,0.752900,0.988794,0.687420,0.800045,0.010473,0.033685,0.046653,9.792000,0.835000,86.134272,50.000000
full_proposed,low,45,1045,1.516000,1.188000,1.516000,1.188000,0.328000,0.000000,0.783000,0.783000,0.783000,0.768370,0.715145,0.788422,0.320095,0.376521,0.320095,0.568927,0.052895,0.604439,0.614469,0.320095,0.800455,0.815974,0.739164,0.988979,0.679905,0.788338,0.010719,0.034353,0.046073,9.504000,0.783000,83.634584,50.000000
full_proposed,low,46,1046,1.508000,1.234000,1.508000,1.234000,0.274000,0.000000,0.816000,0.816000,0.816000,0.800639,0.756504,0.793064,0.324054,0.375659,0.324054,0.573705,0.051734,0.610972,0.640299,0.324054,0.801716,0.816551,0.742224,0.988957,0.675946,0.794846,0.010662,0.034847,0.045797,9.872000,0.816000,85.126041,50.000000
full_proposed,low,47,1047,1.508000,1.198000,1.508000,1.198000,0.310000,0.000000,0.790000,0.790000,0.790000,0.775189,0.732563,0.789014,0.314335,0.377098,0.314335,0.557275,0.052747,0.596889,0.617486,0.314335,0.798318,0.814149,0.731366,0.989004,0.685665,0.783173,0.010718,0.034966,0.045161,9.584000,0.790000,82.736438,50.000000
full_proposed,low,48,1048,1.490000,1.214000,1.490000,1.214000,0.276000,0.000000,0.821000,0.821000,0.821000,0.805179,0.737180,0.790581,0.313850,0.363120,0.313850,0.570007,0.052355,0.604529,0.614561,0.313850,0.804013,0.815759,0.745576,0.988793,0.686150,0.795433,0.010649,0.034451,0.046607,9.712000,0.821000,86.185874,50.000000
full_proposed,low,49,1049,1.524000,1.276000,1.524000,1.276000,0.248000,0.000000,0.845000,0.845000,0.845000,0.829377,0.759364,0.795673,0.325936,0.380430,0.325936,0.592628,0.051082,0.630025,0.691725,0.325936,0.805199,0.819949,0.750407,0.989104,0.674064,0.800903,0.010623,0.034284,0.045901,10.208000,0.845000,87.682424,50.000000
full_proposed,medium,0,1000,3.994000,3.042000,3.938000,3.042000,0.896000,0.056000,0.774033,0.762067,0.762067,0.743484,0.826630,0.728590,0.400572,0.461247,0.400572,0.521436,0.067852,0.595180,0.617064,0.393283,0.785654,0.788348,0.755727,0.985548,0.599428,0.807400,0.033056,0.120366,0.160225,24.336000,0.774033,96.633831,50.000000
full_proposed,medium,1,1001,3.954000,3.052000,3.906000,3.052000,0.854000,0.048000,0.781433,0.772167,0.772167,0.753209,0.814556,0.727668,0.385996,0.455184,0.385996,0.537498,0.068083,0.607165,0.640848,0.380889,0.788012,0.789002,0.755343,0.985497,0.614004,0.806441,0.032801,0.119951,0.159416,24.416000,0.781433,96.175598,50.000000
full_proposed,medium,2,1002,4.046000,3.136000,3.996000,3.136000,0.860000,0.050000,0.784900,0.774567,0.774567,0.755356,0.834331,0.717689,0.403459,0.464166,0.403459,0.543951,0.070578,0.616115,0.646218,0.397906,0.783165,0.787149,0.751758,0.985398,0.596541,0.802792,0.033355,0.122869,0.165026,25.088000,0.784900,97.061623,50.000000
full_proposed,medium,3,1003,3.978000,3.086000,3.932000,3.086000,0.846000,0.046000,0.783167,0.774267,0.774267,0.755107,0.800159,0.717253,0.396115,0.456987,0.396115,0.539976,0.070687,0.609060,0.630675,0.391106,0.786650,0.788960,0.756559,0.985375,0.603885,0.806965,0.032915,0.122158,0.162277,24.688000,0.783167,95.429595,50.000000
full_proposed,medium,4,1004,3.996000,3.016000,3.958000,3.016000,0.942000,0.038000,0.760300,0.754133,0.754133,0.735632,0.814564,0.722747,0.399236,0.466374,0.399236,0.537776,0.069313,0.607278,0.638551,0.394998,0.780573,0.785249,0.744140,0.985565,0.600764,0.796177,0.033204,0.120900,0.161120,24.128000,0.760300,96.166111,50.000000
full_proposed,medium,5,1005,3.956000,3.104000,3.930000,3.104000,0.826000,0.026000,0.788433,0.783800,0.783800,0.764459,0.846991,0.719286,0.395240,0.452630,0.395240,0.541018,0.070178,0.614243,0.646192,0.392435,0.788291,0.787567,0.760967,0.985491,0.604760,0.812259,0.032838,0.121162,0.160676,24.832000,0.788433,96.293631,50.000000
full_proposed,medium,6,1006,4.052000,3.132000,4.030000,3.132000,0.898000,0.022000,0.777700,0.773567,0.773567,0.754517,0.841819,0.719477,0.398173,0.458762,0.398173,0.522732,0.070131,0.596850,0.608779,0.395544,0.787878,0.789248,0.760126,0.985545,0.601827,0.810984,0.033623,0.122610,0.165404,25.056000,0.777700,95.260272,50.000000
full_proposed,medium,7,1007,4.040000,3.182000,4.030000,3.182000,0.848000,0.010000,0.789400,0.786900,0.786900,0.767381,0.820631,0.730758,0.381455,0.447882,0.381455,0.535208,0.067310,0.601757,0.623929,0.380120,0.792053,0.789644,0.765078,0.985485,0.618545,0.812112,0.034077,0.122425,0.165690,25.456000,0.789400,96.580673,50.000000
full_proposed,medium,8,1008,3.986000,3.026000,3.924000,3.026000,0.898000,0.062000,0.771000,0.758933,0.758933,0.740347,0.824923,0.727646,0.407588,0.474287,0.407588,0.525164,0.068088,0.597955,0.625829,0.400590,0.781669,0.784221,0.750033,0.985480,0.592412,0.805042,0.032906,0.121001,0.160369,24.208000,0.771000,95.424216,50.000000
full_proposed,medium,9,1009,3.960000,3.032000,3.916000,3.032000,0.884000,0.044000,0.774800,0.767233,0.767233,0.748292,0.832835,0.725308,0.400555,0.462027,0.400555,0.520943,0.068673,0.595848,0.622822,0.395544,0.782331,0.787107,0.747926,0.985475,0.599445,0.799989,0.032585,0.118816,0.162212,24.256000,0.774800,96.371982,50.000000
full_proposed,medium,10,1010,3.972000,3.164000,3.962000,3.164000,0.798000,0.010000,0.796633,0.794967,0.794967,0.775321,0.839456,0.717017,0.391291,0.456155,0.391291,0.537885,0.070746,0.609641,0.635503,0.390139,0.791078,0.790721,0.765173,0.985565,0.608709,0.814099,0.033326,0.120377,0.162300,25.312000,0.796633,95.444770,50.000000
full_proposed,medium,11,1011,3.974000,3.042000,3.960000,3.042000,0.918000,0.014000,0.767400,0.764033,0.764033,0.745027,0.841956,0.717961,0.407768,0.468450,0.407768,0.521270,0.070510,0.596509,0.610559,0.406034,0.781409,0.787684,0.747207,0.985442,0.592232,0.801695,0.033172,0.121545,0.163827,24.336000,0.767400,94.111598,50.000000
full_proposed,medium,12,1012,4.018000,3.154000,3.988000,3.154000,0.834000,0.030000,0.788967,0.782833,0.782833,0.763384,0.832394,0.727469,0.391001,0.459388,0.391001,0.525770,0.068133,0.598014,0.624410,0.387125,0.788569,0.789245,0.759488,0.985423,0.608999,0.808935,0.033314,0.122100,0.165206,25.232000,0.788967,96.331664,50.000000
full_proposed,medium,13,1013,4.022000,3.074000,3.978000,3.074000,0.904000,0.044000,0.773333,0.765667,0.765667,0.746673,0.827121,0.726290,0.392943,0.459508,0.392943,0.530959,0.068427,0.601832,0.631439,0.387993,0.785867,0.787282,0.753951,0.985381,0.607057,0.805360,0.033542,0.122252,0.165160,24.592000,0.773333,97.092593,50.000000
full_proposed,medium,14,1014,3.998000,3.074000,3.958000,3.074000,0.884000,0.040000,0.777233,0.769867,0.769867,0.750804,0.822799,0.730762,0.393298,0.458943,0.393298,0.521367,0.067309,0.593119,0.616590,0.388981,0.786301,0.787348,0.754434,0.985414,0.606702,0.807530,0.033307,0.123102,0.161682,24.592000,0.777233,95.755782,50.000000
full_proposed,medium,15,1015,3.980000,3.072000,3.960000,3.072000,0.888000,0.020000,0.775300,0.771833,0.771833,0.752598,0.847234,0.719177,0.403800,0.463239,0.403800,0.513898,0.070206,0.588833,0.588464,0.401835,0.783524,0.787841,0.750444,0.985429,0.596200,0.805856,0.032946,0.122020,0.163353,24.576000,0.775300,95.105709,50.000000
full_proposed,medium,16,1016,3.992000,3.058000,3.938000,3.058000,0.880000,0.054000,0.773700,0.764200,0.764200,0.745398,0.829130,0.731645,0.404601,0.474310,0.404601,0.516577,0.067089,0.593185,0.630375,0.398405,0.783159,0.785235,0.751407,0.985480,0.595399,0.807475,0.033195,0.121231,0.160279,24.464000,0.773700,95.639804,50.000000
full_proposed,medium,17,1017,3.946000,3.064000,3.912000,3.064000,0.848000,0.034000,0.781033,0.773867,0.773867,0.754718,0.844038,0.723425,0.400365,0.466797,0.400365,0.529163,0.069144,0.598916,0.621243,0.395854,0.784944,0.786602,0.755855,0.985452,0.599635,0.805770,0.032724,0.120565,0.160393,24.512000,0.781033,96.349035,50.000000
full_proposed,medium,18,1018,4.004000,3.118000,3.968000,3.118000,0.850000,0.036000,0.784933,0.777900,0.777900,0.758785,0.847020,0.722097,0.401708,0.460668,0.401708,0.540218,0.069476,0.611154,0.646601,0.397476,0.786219,0.789341,0.757561,0.985537,0.598292,0.807834,0.033246,0.120342,0.163146,24.944000,0.784933,95.982504,50.000000
full_proposed,medium,19,1019,3.960000,3.110000,3.948000,3.110000,0.838000,0.012000,0.790133,0.787700,0.787700,0.768002,0.831550,0.724126,0.386334,0.449874,0.386334,0.533113,0.068969,0.604207,0.635302,0.385179,0.790995,0.790135,0.763672,0.985331,0.613666,0.811850,0.033280,0.122915,0.163329,24.880000,0.790133,96.849241,50.000000
full_proposed,medium,20,1020,4.004000,3.062000,3.978000,3.062000,0.916000,0.026000,0.771467,0.767067,0.767067,0.748025,0.843473,0.716386,0.389224,0.451808,0.389224,0.533814,0.070904,0.604672,0.621858,0.386774,0.786766,0.786947,0.756407,0.985406,0.610776,0.804295,0.033582,0.121641,0.164986,24.496000,0.771467,97.016090,50.000000
full_proposed,medium,21,1021,4.036000,3.146000,4.020000,3.146000,0.874000,0.016000,0.785400,0.781633,0.781633,0.762267,0.827833,0.724403,0.395962,0.454159,0.395962,0.527257,0.068899,0.597928,0.610573,0.394174,0.787403,0.787322,0.759122,0.985474,0.604038,0.810540,0.033527,0.123711,0.163759,25.168000,0.785400,96.035807,50.000000
full_proposed,medium,22,1022,4.020000,3.068000,3.980000,3.068000,0.912000,0.040000,0.769367,0.762433,0.762433,0.743427,0.842762,0.718653,0.391681,0.457653,0.391681,0.532985,0.070337,0.601457,0.613390,0.387987,0.784209,0.786414,0.748905,0.985353,0.608319,0.802355,0.033637,0.122430,0.165232,24.544000,0.769367,96.193433,50.000000
full_proposed,medium,23,1023,4.070000,3.104000,4.010000,3.104000,0.906000,0.060000,0.771867,0.760533,0.760533,0.741778,0.804427,0.721277,0.398311,0.461079,0.398311,0.519979,0.069681,0.594752,0.614157,0.391813,0.785618,0.788051,0.755361,0.985387,0.601689,0.806064,0.033731,0.124321,0.164205,24.832000,0.771867,96.575767,50.000000
full_proposed,medium,24,1024,4.078000,3.116000,4.048000,3.116000,0.932000,0.030000,0.772467,0.766600,0.766600,0.747675,0.831277,0.720505,0.396823,0.456109,0.396823,0.528744,0.069874,0.597635,0.607113,0.393523,0.785943,0.789068,0.755566,0.985491,0.603177,0.804459,0.034029,0.125416,0.164461,24.928000,0.772467,96.895695,50.000000
full_proposed,medium,25,1025,3.942000,3.086000,3.912000,3.086000,0.826000,0.030000,0.789367,0.783467,0.783467,0.763839,0.843532,0.729051,0.384065,0.447018,0.384065,0.551604,0.067737,0.617742,0.664575,0.380946,0.790992,0.788914,0.763194,0.985278,0.615935,0.812292,0.032892,0.121896,0.163058,24.688000,0.789367,96.486846,50.000000
full_proposed,medium,26,1026,4.010000,3.058000,3.966000,3.058000,0.908000,0.044000,0.770067,0.761633,0.761633,0.742825,0.808764,0.725610,0.394296,0.458583,0.394296,0.522804,0.068597,0.596794,0.617634,0.389657,0.782397,0.785143,0.746044,0.985440,0.605704,0.799939,0.033233,0.121668,0.163797,24.464000,0.770067,95.668412,50.000000
full_proposed,medium,27,1027,4.048000,3.122000,4.024000,3.122000,0.902000,0.024000,0.772633,0.768533,0.768533,0.749585,0.831991,0.714160,0.402928,0.468210,0.402928,0.529457,0.071460,0.604172,0.630872,0.400643,0.785827,0.788094,0.757776,0.985484,0.597072,0.808550,0.033751,0.123104,0.165920,24.976000,0.772633,96.447746,50.000000
full_proposed,medium,28,1028,4.046000,3.130000,4.012000,3.130000,0.882000,0.034000,0.783067,0.777333,0.777333,0.758039,0.807944,0.723418,0.397617,0.460729,0.397617,0.527893,0.069145,0.604059,0.655328,0.394168,0.786843,0.788700,0.757341,0.985421,0.602383,0.808967,0.033597,0.123931,0.164505,25.040000,0.783067,96.093058,50.000000
full_proposed,medium,29,1029,4.074000,3.144000,4.044000,3.144000,0.900000,0.030000,0.774833,0.768967,0.768967,0.749818,0.822701,0.716077,0.395973,0.460712,0.395973,0.532170,0.070981,0.602976,0.618202,0.392814,0.788230,0.789818,0.760628,0.985314,0.604027,0.809506,0.034261,0.125992,0.166564,25.152000,0.774833,95.488517,50.000000
full_proposed,medium,30,1030,4.038000,3.094000,4.004000,3.094000,0.910000,0.034000,0.772767,0.766733,0.766733,0.747873,0.823082,0.715632,0.394533,0.457349,0.394533,0.523748,0.071092,0.598158,0.619184,0.391129,0.784434,0.786215,0.752355,0.985514,0.605467,0.802124,0.033705,0.124358,0.160995,24.752000,0.772767,97.366420,50.000000
full_proposed,medium,31,1031,4.022000,3.082000,4.002000,3.082000,0.920000,0.020000,0.769100,0.765067,0.765067,0.746095,0.842408,0.725328,0.398351,0.458512,0.398351,0.514807,0.068668,0.588319,0.588641,0.395984,0.784605,0.784716,0.754261,0.985468,0.601649,0.806973,0.033821,0.121967,0.164795,24.656000,0.769100,96.916886,50.000000
full_proposed,medium,32,1032,3.978000,3.096000,3.972000,3.096000,0.876000,0.006000,0.778867,0.777200,0.777200,0.758066,0.824830,0.731539,0.384274,0.449169,0.384274,0.520385,0.067115,0.593311,0.611616,0.383300,0.791473,0.791731,0.762284,0.985566,0.615726,0.811617,0.033135,0.122466,0.161352,24.768000,0.778867,96.103997,50.000000
full_proposed,medium,33,1033,3.962000,3.122000,3.936000,3.122000,0.814000,0.026000,0.793133,0.788267,0.788267,0.768774,0.819683,0.724343,0.390103,0.461708,0.390103,0.530746,0.068914,0.602162,0.632475,0.387173,0.789681,0.790586,0.762148,0.985461,0.609897,0.808886,0.032939,0.121422,0.161209,24.976000,0.793133,95.480061,50.000000
full_proposed,medium,34,1034,3.936000,3.066000,3.898000,3.066000,0.832000,0.038000,0.788267,0.781067,0.781067,0.761878,0.834297,0.722187,0.388116,0.454625,0.388116,0.537994,0.069453,0.605539,0.625268,0.383817,0.788423,0.788379,0.758379,0.985522,0.611884,0.807993,0.032640,0.120632,0.157432,24.528000,0.788267,97.390640,50.000000
full_proposed,medium,35,1035,3.940000,3.010000,3.896000,3.010000,0.886000,0.044000,0.772400,0.762867,0.762867,0.744067,0.829922,0.724199,0.393401,0.459477,0.393401,0.518251,0.068950,0.590167,0.597937,0.388197,0.785629,0.785948,0.754310,0.985450,0.606599,0.806067,0.032655,0.118806,0.161365,24.080000,0.772400,95.609670,50.000000
full_proposed,medium,36,1036,3.952000,3.108000,3.924000,3.108000,0.816000,0.028000,0.792000,0.786333,0.786333,0.767006,0.837270,0.728902,0.393509,0.456763,0.393509,0.533523,0.067774,0.602434,0.629611,0.390018,0.789404,0.787873,0.763962,0.985518,0.606491,0.812677,0.033001,0.121345,0.158597,24.864000,0.792000,97.778761,50.000000
full_proposed,medium,37,1037,4.004000,3.192000,3.980000,3.192000,0.788000,0.024000,0.799033,0.794800,0.794800,0.775170,0.830025,0.735983,0.396464,0.460718,0.396464,0.524804,0.066004,0.593180,0.607312,0.393998,0.789372,0.788534,0.763713,0.985508,0.603536,0.814680,0.033576,0.120163,0.163922,25.536000,0.799033,96.013303,50.000000
full_proposed,medium,38,1038,3.982000,3.094000,3.958000,3.094000,0.864000,0.024000,0.780600,0.775400,0.775400,0.756233,0.822498,0.713530,0.394593,0.460163,0.394593,0.546637,0.071618,0.615104,0.644502,0.391918,0.786871,0.787343,0.757620,0.985478,0.605407,0.807943,0.033327,0.121447,0.162678,24.752000,0.780600,96.544872,50.000000
full_proposed,medium,39,1039,4.014000,3.118000,3.986000,3.118000,0.868000,0.028000,0.785100,0.778667,0.778667,0.759301,0.846143,0.719802,0.395964,0.463498,0.395964,0.521641,0.070049,0.598911,0.627524,0.393162,0.788870,0.790874,0.760358,0.985397,0.604036,0.811854,0.033310,0.123348,0.164316,24.944000,0.785100,95.589818,50.000000
full_proposed,medium,40,1040,3.988000,3.106000,3.930000,3.106000,0.824000,0.058000,0.793567,0.782067,0.782067,0.762988,0.829332,0.731106,0.401734,0.465664,0.401734,0.534721,0.067223,0.606871,0.651111,0.395330,0.788227,0.788983,0.762665,0.985560,0.598266,0.813675,0.032812,0.121518,0.158197,24.848000,0.793567,97.148477,50.000000
full_proposed,medium,41,1041,3.960000,3.114000,3.946000,3.114000,0.832000,0.014000,0.788933,0.785900,0.785900,0.766360,0.830678,0.720794,0.392327,0.453864,0.392327,0.529721,0.069801,0.598236,0.605863,0.390912,0.790337,0.789069,0.765147,0.985390,0.607673,0.813649,0.033033,0.122726,0.162460,24.912000,0.788933,95.443224,50.000000
full_proposed,medium,42,1042,4.026000,3.170000,4.000000,3.170000,0.830000,0.026000,0.792633,0.787633,0.787633,0.767892,0.838704,0.714600,0.386424,0.452978,0.386424,0.543815,0.071350,0.610357,0.632718,0.383450,0.791192,0.789727,0.764465,0.985303,0.613576,0.812772,0.033648,0.124670,0.166133,25.360000,0.792633,95.714884,50.000000
full_proposed,medium,43,1043,3.978000,3.094000,3.942000,3.094000,0.848000,0.036000,0.786600,0.778300,0.778300,0.759071,0.815429,0.714805,0.391956,0.460682,0.391956,0.529474,0.071299,0.599443,0.607609,0.387366,0.786335,0.789806,0.753217,0.985478,0.608044,0.803858,0.032776,0.120336,0.162890,24.752000,0.786600,95.474452,50.000000
full_proposed,medium,44,1044,4.038000,3.106000,4.012000,3.106000,0.906000,0.026000,0.774900,0.769667,0.769667,0.750704,0.854912,0.715019,0.397197,0.460233,0.397197,0.526824,0.071245,0.599139,0.608066,0.394384,0.784055,0.785970,0.751831,0.985564,0.602803,0.803573,0.033703,0.121394,0.163972,24.848000,0.774900,97.117495,50.000000
full_proposed,medium,45,1045,3.992000,3.156000,3.976000,3.156000,0.820000,0.016000,0.793167,0.790400,0.790400,0.770705,0.818255,0.722798,0.393726,0.461430,0.393726,0.543554,0.069301,0.614798,0.666781,0.392066,0.789162,0.789022,0.762113,0.985410,0.606274,0.812102,0.033600,0.122219,0.163071,25.248000,0.793167,97.741796,50.000000
full_proposed,medium,46,1046,4.004000,3.074000,3.974000,3.074000,0.900000,0.030000,0.777200,0.771167,0.771167,0.752232,0.829502,0.721440,0.394733,0.450959,0.394733,0.520957,0.069640,0.591778,0.601554,0.391617,0.787402,0.787677,0.758606,0.985564,0.605267,0.809314,0.033389,0.121436,0.161084,24.592000,0.777200,96.495434,50.000000
full_proposed,medium,47,1047,3.984000,3.046000,3.960000,3.046000,0.914000,0.024000,0.769033,0.764567,0.764567,0.745709,0.837270,0.717674,0.391332,0.453997,0.391332,0.526254,0.070581,0.598727,0.609240,0.388336,0.785686,0.787621,0.752161,0.985475,0.608668,0.804392,0.033227,0.122962,0.160715,24.368000,0.769033,95.563107,50.000000
full_proposed,medium,48,1048,4.026000,3.174000,3.994000,3.174000,0.820000,0.032000,0.798667,0.792467,0.792467,0.772530,0.855581,0.723890,0.393536,0.457048,0.393536,0.538283,0.069027,0.608547,0.639909,0.389938,0.791218,0.789412,0.767189,0.985226,0.606464,0.817012,0.033841,0.125192,0.166784,25.392000,0.798667,96.464922,50.000000
full_proposed,medium,49,1049,4.040000,3.148000,3.990000,3.148000,0.842000,0.050000,0.788533,0.778933,0.778933,0.759931,0.811429,0.724393,0.401770,0.469378,0.401770,0.532592,0.068902,0.604715,0.631686,0.396274,0.786282,0.788230,0.757760,0.985582,0.598230,0.809820,0.033257,0.120997,0.162961,25.184000,0.788533,96.423399,50.000000
without_incentive,extreme,0,1000,10.538000,5.958000,9.074000,5.958000,3.116000,1.402000,0.656041,0.564522,0.567651,0.545457,0.929366,0.711802,0.543379,0.600055,0.543379,0.425713,0.072049,0.557719,0.583981,0.459564,0.670023,0.701470,0.687464,0.977782,0.456621,0.500000,0.091861,0.443711,0.591398,47.664000,0.656041,96.240918,49.538000
without_incentive,extreme,1,1001,10.440000,5.814000,8.898000,5.814000,3.084000,1.498000,0.652985,0.558191,0.560410,0.539548,0.931111,0.713685,0.536270,0.597891,0.536270,0.422256,0.071579,0.547983,0.562550,0.449653,0.670124,0.702196,0.681615,0.977870,0.463730,0.500000,0.089515,0.433094,0.575520,46.512000,0.652985,95.086665,49.628000
without_incentive,extreme,2,1002,10.476000,5.946000,9.074000,5.946000,3.128000,1.356000,0.653652,0.565941,0.568522,0.546788,0.924331,0.707620,0.528787,0.589171,0.528787,0.424476,0.073095,0.552322,0.566669,0.450855,0.671802,0.700619,0.685641,0.977711,0.471213,0.500000,0.091569,0.448482,0.585989,47.568000,0.653652,96.550504,49.638000
without_incentive,extreme,3,1003,10.498000,6.062000,9.234000,6.062000,3.172000,1.176000,0.657425,0.577557,0.582690,0.557798,0.925930,0.680471,0.526344,0.587259,0.526344,0.455399,0.079882,0.576479,0.597353,0.456569,0.672452,0.698856,0.688886,0.977780,0.473656,0.500000,0.093462,0.452250,0.600068,48.496000,0.657425,96.822995,49.194000
without_incentive,extreme,4,1004,10.528000,5.978000,9.292000,5.978000,3.314000,1.134000,0.644072,0.569024,0.574426,0.549440,0.918831,0.688013,0.523671,0.585813,0.523671,0.439565,0.077997,0.559477,0.558297,0.456939,0.670432,0.697045,0.680079,0.977749,0.476329,0.500000,0.093822,0.455684,0.603898,47.824000,0.644072,96.084326,48.916000
without_incentive,extreme,5,1005,10.446000,5.970000,9.164000,5.970000,3.194000,1.232000,0.651937,0.571673,0.574090,0.552196,0.938098,0.707903,0.537217,0.596081,0.537217,0.426857,0.073024,0.558037,0.587381,0.464707,0.670210,0.700466,0.684864,0.977881,0.462783,0.500000,0.092891,0.449082,0.589441,47.760000,0.651937,97.361155,49.432000
without_incentive,extreme,6,1006,10.492000,6.158000,9.360000,6.158000,3.202000,1.028000,0.655802,0.587257,0.592371,0.566946,0.928471,0.686614,0.524854,0.583518,0.524854,0.446171,0.078346,0.568918,0.587222,0.462494,0.672530,0.698563,0.688392,0.977905,0.475146,0.500000,0.093727,0.453910,0.606409,49.264000,0.655802,95.801158,49.128000
without_incentive,extreme,7,1007,10.504000,5.898000,9.134000,5.898000,3.236000,1.246000,0.646394,0.561451,0.568111,0.542344,0.926639,0.693691,0.528798,0.591642,0.528798,0.443571,0.076577,0.564843,0.573868,0.452843,0.668445,0.696513,0.675684,0.977699,0.471202,0.500000,0.092226,0.448449,0.594825,47.184000,0.646394,97.025688,48.936000
without_incentive,extreme,8,1008,10.514000,5.854000,9.124000,5.854000,3.270000,1.302000,0.640330,0.556632,0.561060,0.537751,0.917058,0.700073,0.526644,0.591017,0.526644,0.427297,0.074982,0.554330,0.558379,0.450866,0.669263,0.696338,0.677907,0.977784,0.473356,0.500000,0.092376,0.444452,0.595079,46.832000,0.640330,96.564169,49.248000
without_incentive,extreme,9,1009,10.394000,5.988000,9.186000,5.988000,3.198000,1.140000,0.651413,0.576511,0.579705,0.556620,0.925376,0.712065,0.525857,0.588643,0.525857,0.429290,0.071984,0.550742,0.554076,0.459084,0.671258,0.696175,0.686581,0.977675,0.474143,0.500000,0.092936,0.453096,0.597377,47.904000,0.651413,96.606676,49.236000
without_incentive,extreme,10,1010,10.432000,6.156000,9.502000,6.156000,3.346000,0.876000,0.648739,0.590866,0.594042,0.569990,0.924686,0.701863,0.533368,0.588592,0.533368,0.432681,0.074534,0.559884,0.578999,0.482039,0.669824,0.697485,0.684075,0.977738,0.466632,0.500000,0.095633,0.464730,0.620308,49.248000,0.648739,95.964227,49.358000
without_incentive,extreme,11,1011,10.496000,6.254000,9.648000,6.254000,3.394000,0.714000,0.648240,0.596060,0.603345,0.575028,0.922895,0.689617,0.536892,0.584691,0.536892,0.442427,0.077596,0.563151,0.569612,0.489043,0.668566,0.695031,0.683967,0.977947,0.463108,0.500000,0.096925,0.462762,0.627397,50.032000,0.648240,96.896016,49.034000
without_incentive,extreme,12,1012,10.438000,5.916000,9.098000,5.916000,3.182000,1.250000,0.649734,0.566525,0.571455,0.547140,0.940551,0.695162,0.530243,0.591235,0.530243,0.435599,0.076209,0.560207,0.567447,0.455819,0.671430,0.701561,0.683861,0.977743,0.469757,0.500000,0.091576,0.443786,0.596603,47.328000,0.649734,96.766777,49.354000
without_incentive,extreme,13,1013,10.590000,5.960000,9.080000,5.960000,3.120000,1.356000,0.657444,0.563162,0.571358,0.544079,0.926974,0.686344,0.519441,0.587103,0.519441,0.449077,0.078414,0.568252,0.588397,0.437774,0.671345,0.695982,0.682447,0.977608,0.480559,0.500000,0.091741,0.446298,0.596229,47.680000,0.657444,96.385086,48.754000
without_incentive,extreme,14,1014,10.496000,5.846000,9.016000,5.846000,3.170000,1.406000,0.646962,0.556108,0.560260,0.537449,0.909778,0.698808,0.534142,0.592133,0.534142,0.439781,0.075298,0.561266,0.573034,0.450335,0.669498,0.698767,0.681461,0.977901,0.465858,0.500000,0.090944,0.439279,0.581337,46.768000,0.646962,96.162938,49.392000
without_incentive,extreme,15,1015,10.522000,5.924000,9.146000,5.924000,3.222000,1.336000,0.650098,0.564567,0.566519,0.545452,0.934688,0.710858,0.542578,0.600159,0.542578,0.422875,0.072285,0.554696,0.578930,0.464529,0.668925,0.701648,0.681657,0.977838,0.457422,0.500000,0.091734,0.447094,0.592269,47.392000,0.650098,95.674816,49.588000
without_incentive,extreme,16,1016,10.494000,6.020000,9.222000,6.020000,3.202000,1.178000,0.654480,0.573433,0.578781,0.553963,0.931171,0.700928,0.528126,0.589646,0.528126,0.436359,0.074768,0.560873,0.583605,0.458327,0.670588,0.697461,0.683470,0.977928,0.471874,0.500000,0.092668,0.447940,0.595829,48.160000,0.654480,96.249782,49.186000
without_incentive,extreme,17,1017,10.512000,6.084000,9.338000,6.084000,3.254000,1.082000,0.651356,0.578240,0.583022,0.558277,0.926422,0.688124,0.526364,0.589731,0.526364,0.445042,0.077969,0.565835,0.580245,0.462033,0.670472,0.696964,0.682343,0.977799,0.473636,0.500000,0.094476,0.456485,0.606409,48.672000,0.651356,97.566253,49.224000
without_incentive,extreme,18,1018,10.394000,6.082000,9.348000,6.082000,3.266000,0.990000,0.653189,0.586116,0.589108,0.565784,0.920323,0.698887,0.533401,0.591749,0.533401,0.435226,0.075278,0.558610,0.568595,0.474219,0.670354,0.699500,0.683873,0.977863,0.466599,0.500000,0.094282,0.450753,0.611555,48.656000,0.653189,96.469953,49.492000
without_incentive,extreme,19,1019,10.452000,6.094000,9.300000,6.094000,3.206000,1.068000,0.656649,0.583720,0.588345,0.563704,0.931419,0.694463,0.537315,0.593718,0.537315,0.437942,0.076384,0.566777,0.598900,0.473208,0.669314,0.697367,0.684777,0.977883,0.462685,0.500000,0.093319,0.451233,0.603101,48.752000,0.656649,96.435431,49.346000
without_incentive,extreme,20,1020,10.464000,5.912000,9.046000,5.912000,3.134000,1.284000,0.654149,0.564539,0.571515,0.545546,0.922119,0.685434,0.516224,0.584370,0.516224,0.456645,0.078641,0.572735,0.582262,0.439741,0.672637,0.697172,0.684152,0.977890,0.483776,0.500000,0.090221,0.443881,0.581610,47.296000,0.654149,96.817822,48.870000
without_incentive,extreme,21,1021,10.434000,6.000000,9.080000,6.000000,3.080000,1.268000,0.661286,0.574720,0.579500,0.555196,0.920830,0.694723,0.533622,0.593437,0.533622,0.443981,0.076319,0.566836,0.589490,0.456615,0.672255,0.701877,0.689692,0.977765,0.466378,0.500000,0.091185,0.441240,0.593673,48.000000,0.661286,95.758411,49.398000
without_incentive,extreme,22,1022,10.454000,5.786000,9.130000,5.786000,3.344000,1.248000,0.631616,0.552861,0.556724,0.533868,0.929795,0.702627,0.528033,0.592372,0.528033,0.431485,0.074343,0.556919,0.564840,0.453908,0.669384,0.696442,0.679478,0.977633,0.471967,0.500000,0.091544,0.447571,0.598539,46.288000,0.631616,96.444648,49.196000
without_incentive,extreme,23,1023,10.556000,5.904000,9.022000,5.904000,3.118000,1.498000,0.653517,0.560229,0.561891,0.541367,0.930666,0.703246,0.533661,0.596392,0.533661,0.431795,0.074189,0.565069,0.592893,0.448991,0.670834,0.698849,0.687137,0.977733,0.466339,0.500000,0.091771,0.440556,0.588382,47.232000,0.653517,96.651961,49.546000
without_incentive,extreme,24,1024,10.504000,5.862000,9.140000,5.862000,3.278000,1.312000,0.643063,0.557863,0.560505,0.539059,0.924172,0.690323,0.531430,0.593041,0.531430,0.441157,0.077419,0.567240,0.583056,0.455973,0.669840,0.698714,0.681083,0.977834,0.468570,0.500000,0.092120,0.444522,0.590804,46.896000,0.643063,95.832146,49.452000
without_incentive,extreme,25,1025,10.584000,5.996000,9.036000,5.996000,3.040000,1.472000,0.662777,0.567064,0.570951,0.548220,0.925824,0.696038,0.530374,0.593768,0.530374,0.439051,0.075991,0.564770,0.587530,0.445132,0.671850,0.700488,0.687062,0.977911,0.469626,0.500000,0.090701,0.440310,0.581923,47.968000,0.662777,96.405522,49.408000
without_incentive,extreme,26,1026,10.512000,5.940000,9.188000,5.940000,3.248000,1.226000,0.645880,0.564356,0.569825,0.545088,0.926340,0.685457,0.522172,0.586816,0.522172,0.442126,0.078636,0.565456,0.579765,0.449348,0.672215,0.699441,0.683961,0.977781,0.477828,0.500000,0.092355,0.447949,0.599993,47.520000,0.645880,95.679579,49.144000
without_incentive,extreme,27,1027,10.526000,6.050000,9.496000,6.050000,3.446000,0.944000,0.637312,0.574834,0.579834,0.554798,0.923433,0.711769,0.538798,0.595892,0.538798,0.422502,0.072058,0.550697,0.561667,0.480079,0.667351,0.696319,0.678415,0.977817,0.461202,0.500000,0.096418,0.464425,0.612513,48.400000,0.637312,95.962487,49.282000
without_incentive,extreme,28,1028,10.462000,5.920000,9.096000,5.920000,3.176000,1.280000,0.652898,0.565471,0.569790,0.546312,0.927727,0.701262,0.530050,0.587830,0.530050,0.434076,0.074684,0.559208,0.579307,0.454228,0.670798,0.698505,0.684703,0.977722,0.469950,0.500000,0.092127,0.444677,0.594758,47.360000,0.652898,96.113339,49.386000
without_incentive,extreme,29,1029,10.462000,6.186000,9.356000,6.186000,3.170000,1.042000,0.661229,0.590623,0.594143,0.570171,0.928082,0.695325,0.536503,0.592251,0.536503,0.434206,0.076169,0.560868,0.563586,0.473741,0.671481,0.701100,0.689297,0.977824,0.463497,0.500000,0.094194,0.457295,0.605408,49.488000,0.661229,96.305616,49.528000
without_incentive,extreme,30,1030,10.506000,6.042000,9.144000,6.042000,3.102000,1.270000,0.662555,0.574447,0.578808,0.555057,0.921154,0.689868,0.517729,0.583138,0.517729,0.444939,0.077533,0.567542,0.587531,0.444269,0.674963,0.700889,0.691155,0.977818,0.482271,0.500000,0.091558,0.447537,0.593179,48.336000,0.662555,95.411393,49.312000
without_incentive,extreme,31,1031,10.512000,6.240000,9.518000,6.240000,3.278000,0.900000,0.655640,0.593026,0.598476,0.572188,0.936232,0.702533,0.535253,0.591057,0.535253,0.434009,0.074367,0.559357,0.574972,0.479578,0.670369,0.698516,0.686673,0.977709,0.464747,0.500000,0.095873,0.470634,0.615353,49.920000,0.655640,96.383763,49.348000
without_incentive,extreme,32,1032,10.466000,5.936000,9.260000,5.936000,3.324000,1.138000,0.641557,0.567093,0.570364,0.547639,0.929340,0.704366,0.535570,0.594551,0.535570,0.430077,0.073908,0.561439,0.585555,0.468263,0.669100,0.697834,0.681952,0.977843,0.464430,0.500000,0.093014,0.452041,0.600217,47.488000,0.641557,96.863981,49.240000
without_incentive,extreme,33,1033,10.402000,5.732000,8.846000,5.732000,3.114000,1.428000,0.646461,0.551487,0.557935,0.533003,0.918179,0.684780,0.507754,0.580115,0.507754,0.443849,0.078805,0.565914,0.584520,0.425384,0.673192,0.697187,0.680358,0.977782,0.492246,0.500000,0.088943,0.432910,0.575775,45.856000,0.646461,96.707113,49.030000
without_incentive,extreme,34,1034,10.472000,6.028000,9.130000,6.028000,3.102000,1.238000,0.658521,0.575511,0.581463,0.555918,0.916670,0.686210,0.516471,0.580992,0.516471,0.462209,0.078448,0.576881,0.605811,0.442810,0.673969,0.696658,0.691034,0.977810,0.483529,0.500000,0.091828,0.449340,0.589081,48.224000,0.658521,96.615820,48.946000
without_incentive,extreme,35,1035,10.526000,6.090000,9.230000,6.090000,3.140000,1.192000,0.658542,0.578936,0.584715,0.559257,0.923483,0.685473,0.516750,0.580872,0.516750,0.452848,0.078632,0.571454,0.588781,0.447005,0.674198,0.698307,0.690064,0.978007,0.483250,0.500000,0.092863,0.445488,0.595666,48.720000,0.658542,95.639504,49.054000
without_incentive,extreme,36,1036,10.414000,5.722000,8.812000,5.722000,3.090000,1.548000,0.649902,0.548951,0.551981,0.530568,0.923508,0.700665,0.520312,0.589089,0.520312,0.438539,0.074834,0.562998,0.581052,0.430712,0.673350,0.699532,0.687639,0.977672,0.479688,0.500000,0.089488,0.433490,0.574305,45.776000,0.649902,96.299000,49.468000
without_incentive,extreme,37,1037,10.528000,6.094000,9.446000,6.094000,3.352000,0.958000,0.647534,0.579141,0.586359,0.559201,0.926820,0.683693,0.521719,0.583722,0.521719,0.444926,0.079077,0.567543,0.580045,0.463449,0.670398,0.695012,0.680849,0.977957,0.478281,0.500000,0.095271,0.455664,0.610883,48.752000,0.647534,96.404309,48.824000
without_incentive,extreme,38,1038,10.484000,6.092000,9.172000,6.092000,3.080000,1.208000,0.661857,0.581016,0.586875,0.561119,0.922548,0.689489,0.529703,0.590872,0.529703,0.438458,0.077628,0.563546,0.575265,0.456965,0.672859,0.698902,0.693158,0.977811,0.470297,0.500000,0.092032,0.448706,0.596195,48.736000,0.661857,96.289375,49.180000
without_incentive,extreme,39,1039,10.496000,6.072000,9.390000,6.072000,3.318000,1.020000,0.646189,0.578273,0.582966,0.558149,0.932044,0.686258,0.529773,0.589921,0.529773,0.449863,0.078436,0.568030,0.580998,0.468253,0.669965,0.696456,0.683304,0.977732,0.470227,0.500000,0.094785,0.458390,0.614987,48.576000,0.646189,95.689742,48.990000
without_incentive,extreme,40,1040,10.532000,5.976000,9.186000,5.976000,3.210000,1.222000,0.649655,0.567138,0.573656,0.547973,0.931757,0.689199,0.516519,0.583043,0.516519,0.443639,0.077700,0.568129,0.593680,0.444941,0.672702,0.698228,0.683324,0.977921,0.483481,0.500000,0.092640,0.445056,0.593789,47.808000,0.649655,96.016320,48.992000
without_incentive,extreme,41,1041,10.528000,6.076000,9.314000,6.076000,3.238000,1.146000,0.651268,0.576094,0.579835,0.556203,0.926083,0.693206,0.526923,0.590320,0.526923,0.440379,0.076698,0.568043,0.598884,0.459155,0.671082,0.696657,0.685913,0.977766,0.473077,0.500000,0.093917,0.454057,0.607984,48.608000,0.651268,95.776630,49.060000
without_incentive,extreme,42,1042,10.486000,6.046000,9.232000,6.046000,3.186000,1.188000,0.657242,0.576379,0.579694,0.556639,0.924883,0.691576,0.531571,0.591550,0.531571,0.441247,0.077106,0.567667,0.593454,0.461929,0.671152,0.698505,0.687379,0.977804,0.468429,0.500000,0.092971,0.451911,0.598150,48.368000,0.657242,96.248712,49.422000
without_incentive,extreme,43,1043,10.544000,6.028000,9.190000,6.028000,3.162000,1.282000,0.654300,0.571493,0.575025,0.552059,0.922672,0.703414,0.519038,0.585634,0.519038,0.432103,0.074147,0.554566,0.558932,0.446112,0.673298,0.699532,0.686343,0.977814,0.480962,0.500000,0.092434,0.446541,0.599624,48.224000,0.654300,96.110977,49.400000
without_incentive,extreme,44,1044,10.524000,6.084000,9.354000,6.084000,3.270000,1.128000,0.650181,0.578510,0.580502,0.558358,0.935322,0.705292,0.533064,0.595530,0.533064,0.430950,0.073677,0.558641,0.575567,0.467620,0.669397,0.695719,0.684176,0.977682,0.466936,0.500000,0.094557,0.456822,0.614211,48.672000,0.650181,96.631626,49.414000
without_incentive,extreme,45,1045,10.538000,6.308000,9.484000,6.308000,3.176000,0.946000,0.666171,0.598843,0.604320,0.577954,0.918388,0.687357,0.526660,0.585442,0.526660,0.447576,0.078161,0.567128,0.575703,0.468541,0.672935,0.698296,0.692028,0.977743,0.473340,0.500000,0.095627,0.463943,0.618536,50.464000,0.666171,96.860634,49.016000
without_incentive,extreme,46,1046,10.580000,5.880000,9.330000,5.880000,3.450000,1.140000,0.629020,0.554998,0.560473,0.535869,0.935000,0.686551,0.526973,0.588942,0.526973,0.441602,0.078362,0.562562,0.577247,0.459428,0.666920,0.692612,0.672314,0.977724,0.473027,0.500000,0.094570,0.454443,0.613021,47.040000,0.629020,97.023852,48.854000
without_incentive,extreme,47,1047,10.528000,5.860000,9.038000,5.860000,3.178000,1.418000,0.649227,0.556530,0.560127,0.537843,0.939008,0.712228,0.537703,0.597561,0.537703,0.422461,0.071943,0.558020,0.595108,0.453517,0.669497,0.699681,0.683050,0.977815,0.462297,0.500000,0.091207,0.440313,0.587551,46.880000,0.649227,96.448656,49.410000
without_incentive,extreme,48,1048,10.474000,5.836000,9.128000,5.836000,3.292000,1.280000,0.640853,0.557630,0.560563,0.538663,0.926837,0.716036,0.536533,0.594576,0.536533,0.421359,0.070991,0.552358,0.568592,0.461235,0.668980,0.698140,0.681803,0.977773,0.463467,0.500000,0.092254,0.445118,0.595810,46.688000,0.640853,95.849745,49.472000
without_incentive,extreme,49,1049,10.528000,5.970000,9.172000,5.970000,3.202000,1.280000,0.652829,0.567501,0.571734,0.548185,0.928185,0.695192,0.523803,0.588310,0.523803,0.434175,0.076202,0.560432,0.575826,0.449724,0.671743,0.698166,0.684752,0.977647,0.476197,0.500000,0.092646,0.454216,0.594648,47.760000,0.652829,96.188007,49.098000
without_incentive,high,0,1000,7.024000,4.940000,6.660000,4.940000,1.720000,0.364000,0.741874,0.702833,0.702833,0.681890,0.883232,0.705641,0.468766,0.543744,0.468766,0.478266,0.073590,0.585807,0.636652,0.440582,0.709410,0.754093,0.739947,0.981808,0.531234,0.500000,0.061579,0.263454,0.347677,39.520000,0.741874,96.848544,50.000000
without_incentive,high,1,1001,7.046000,4.868000,6.572000,4.868000,1.704000,0.474000,0.739186,0.689964,0.689964,0.669799,0.852698,0.704322,0.468293,0.544906,0.468293,0.485847,0.073919,0.583178,0.618958,0.432239,0.706574,0.750193,0.731583,0.981969,0.531707,0.500000,0.060313,0.256857,0.340316,38.944000,0.739186,97.119221,50.000000
without_incentive,high,2,1002,6.994000,4.734000,6.536000,4.734000,1.802000,0.458000,0.722874,0.676940,0.676940,0.656851,0.838161,0.705788,0.467100,0.546240,0.467100,0.471690,0.073553,0.574400,0.605078,0.432613,0.704992,0.749314,0.724817,0.981771,0.532900,0.500000,0.060354,0.257046,0.344058,37.872000,0.722874,95.842988,50.000000
without_incentive,high,3,1003,6.986000,4.714000,6.548000,4.714000,1.834000,0.438000,0.718657,0.674036,0.674036,0.653847,0.885536,0.699876,0.476403,0.547004,0.476403,0.483138,0.075031,0.586636,0.622153,0.441215,0.703732,0.751749,0.723204,0.981610,0.523597,0.500000,0.061224,0.260767,0.346396,37.712000,0.718657,95.878546,50.000000
without_incentive,high,4,1004,7.010000,4.798000,6.570000,4.798000,1.772000,0.440000,0.731629,0.683786,0.683786,0.663543,0.868034,0.713306,0.477680,0.550614,0.477680,0.466918,0.071674,0.577370,0.632962,0.441910,0.703843,0.749035,0.727939,0.981758,0.522320,0.500000,0.060715,0.257807,0.346840,38.384000,0.731629,97.053386,49.980000
without_incentive,high,5,1005,6.948000,4.856000,6.646000,4.856000,1.790000,0.302000,0.732048,0.699893,0.699893,0.678840,0.876707,0.699204,0.470113,0.545754,0.470113,0.483548,0.075199,0.589809,0.638166,0.446297,0.705517,0.749762,0.728810,0.981866,0.529887,0.500000,0.061123,0.258754,0.349243,38.848000,0.732048,96.142511,50.000000
without_incentive,high,6,1006,7.014000,4.864000,6.662000,4.864000,1.798000,0.352000,0.731390,0.695262,0.695262,0.674519,0.864454,0.698512,0.473911,0.549322,0.473911,0.474124,0.075372,0.576811,0.592171,0.447133,0.705492,0.752228,0.728458,0.981871,0.526089,0.500000,0.061247,0.263776,0.345143,38.912000,0.731390,95.785896,50.000000
without_incentive,high,7,1007,6.990000,4.808000,6.630000,4.808000,1.822000,0.360000,0.726007,0.688048,0.688048,0.667586,0.870653,0.706538,0.467392,0.546301,0.467392,0.464123,0.073365,0.573494,0.611681,0.440571,0.705516,0.749251,0.727414,0.981848,0.532608,0.500000,0.060864,0.260812,0.346199,38.464000,0.726007,96.585122,49.998000
without_incentive,high,8,1008,7.020000,4.658000,6.588000,4.658000,1.930000,0.430000,0.707695,0.663095,0.663229,0.643490,0.843344,0.702765,0.476410,0.547248,0.476410,0.460068,0.074309,0.570692,0.596810,0.443530,0.700852,0.745877,0.717433,0.981815,0.523590,0.500000,0.060576,0.258958,0.344581,37.264000,0.707695,96.525306,49.992000
without_incentive,high,9,1009,6.950000,4.796000,6.522000,4.796000,1.726000,0.428000,0.734069,0.689464,0.689464,0.669122,0.874073,0.715707,0.469160,0.543853,0.469160,0.467264,0.071073,0.578659,0.630812,0.435936,0.707507,0.751750,0.734513,0.981934,0.530840,0.500000,0.059959,0.255271,0.339153,38.368000,0.734069,96.712512,50.000000
without_incentive,high,10,1010,6.984000,4.770000,6.654000,4.770000,1.884000,0.330000,0.715902,0.682274,0.682274,0.661636,0.885344,0.696518,0.479555,0.546989,0.479555,0.478043,0.075870,0.586449,0.629849,0.453711,0.702897,0.750924,0.722788,0.981678,0.520445,0.500000,0.061383,0.262781,0.353260,38.160000,0.715902,96.785041,50.000000
without_incentive,high,11,1011,7.010000,5.040000,6.806000,5.040000,1.766000,0.204000,0.739867,0.718821,0.718821,0.696933,0.863048,0.708520,0.476929,0.542751,0.476929,0.483428,0.072870,0.584024,0.628948,0.460702,0.706532,0.751019,0.736953,0.981816,0.523071,0.500000,0.062697,0.267105,0.357719,40.320000,0.739867,95.521180,50.000000
without_incentive,high,12,1012,6.966000,4.822000,6.598000,4.822000,1.776000,0.368000,0.729602,0.692226,0.692226,0.671534,0.868213,0.697226,0.465195,0.539701,0.465195,0.484223,0.075694,0.586912,0.622114,0.437378,0.705933,0.749428,0.727443,0.981820,0.534805,0.500000,0.061178,0.257851,0.347123,38.576000,0.729602,97.884888,50.000000
without_incentive,high,13,1013,6.974000,4.728000,6.558000,4.728000,1.830000,0.416000,0.720155,0.677464,0.677464,0.657535,0.856119,0.697647,0.466101,0.544110,0.466101,0.482734,0.075588,0.583050,0.611138,0.433893,0.705095,0.750621,0.722771,0.981942,0.533899,0.500000,0.060124,0.255068,0.342228,37.824000,0.720155,95.795476,50.000000
without_incentive,high,14,1014,6.992000,4.736000,6.436000,4.736000,1.700000,0.556000,0.734652,0.676595,0.676595,0.656895,0.858821,0.707233,0.471466,0.548304,0.471466,0.471995,0.073192,0.580138,0.620988,0.428549,0.705294,0.747561,0.731574,0.981864,0.528534,0.500000,0.059153,0.251281,0.337111,37.888000,0.734652,96.462396,49.956000
without_incentive,high,15,1015,7.014000,4.714000,6.510000,4.714000,1.796000,0.504000,0.722757,0.672560,0.672560,0.652758,0.873806,0.707347,0.480266,0.552794,0.480266,0.460292,0.073163,0.569387,0.591318,0.440572,0.703166,0.750729,0.724682,0.981805,0.519734,0.500000,0.059801,0.254717,0.341911,37.712000,0.722757,96.962778,50.000000
without_incentive,high,16,1016,6.966000,4.768000,6.570000,4.768000,1.802000,0.396000,0.727576,0.686798,0.686798,0.666411,0.851151,0.706672,0.479292,0.548078,0.479292,0.471376,0.073332,0.579680,0.623084,0.447155,0.703844,0.749743,0.728199,0.981855,0.520708,0.500000,0.060466,0.259432,0.341672,38.144000,0.727576,96.906930,50.000000
without_incentive,high,17,1017,6.980000,4.680000,6.590000,4.680000,1.910000,0.384000,0.707912,0.669369,0.670012,0.649449,0.867985,0.704646,0.474345,0.546193,0.474345,0.472342,0.073838,0.578459,0.619195,0.443972,0.702423,0.747352,0.721065,0.981874,0.525655,0.500000,0.060926,0.256626,0.345877,37.440000,0.707912,96.074688,49.956000
without_incentive,high,18,1018,6.924000,4.826000,6.610000,4.826000,1.784000,0.314000,0.731462,0.697619,0.697619,0.676704,0.889254,0.702971,0.475642,0.545604,0.475642,0.486814,0.074257,0.586870,0.627571,0.450408,0.703665,0.750398,0.723831,0.981859,0.524358,0.500000,0.060869,0.258110,0.346986,38.608000,0.731462,96.410225,50.000000
without_incentive,high,19,1019,6.984000,4.798000,6.596000,4.798000,1.798000,0.388000,0.725105,0.687357,0.687357,0.666920,0.884884,0.708538,0.467188,0.537528,0.467188,0.475585,0.072866,0.579623,0.605938,0.438131,0.706907,0.751662,0.730485,0.981879,0.532812,0.500000,0.061117,0.257895,0.344480,38.384000,0.725105,95.778022,50.000000
without_incentive,high,20,1020,6.956000,4.656000,6.490000,4.656000,1.834000,0.464000,0.715945,0.668429,0.668571,0.648692,0.842319,0.710100,0.477673,0.547531,0.477673,0.474927,0.072475,0.574242,0.598081,0.441472,0.701659,0.748089,0.719234,0.981833,0.522327,0.500000,0.059799,0.253313,0.342284,37.248000,0.715945,95.625690,49.972000
without_incentive,high,21,1021,7.008000,4.820000,6.540000,4.820000,1.720000,0.468000,0.738805,0.688369,0.688369,0.668310,0.840452,0.712086,0.475023,0.552033,0.475023,0.472598,0.071978,0.579255,0.628987,0.438285,0.707035,0.752977,0.735194,0.982012,0.524977,0.500000,0.060166,0.254978,0.337254,38.560000,0.738805,96.347484,50.000000
without_incentive,high,22,1022,6.954000,4.886000,6.618000,4.886000,1.732000,0.336000,0.736929,0.703464,0.703464,0.682387,0.860049,0.697230,0.456038,0.534742,0.456038,0.487897,0.075692,0.589605,0.642403,0.430367,0.709822,0.750469,0.736749,0.981855,0.543962,0.500000,0.061352,0.257879,0.347810,39.088000,0.736929,97.619077,49.996000
without_incentive,high,23,1023,6.990000,4.692000,6.506000,4.692000,1.814000,0.484000,0.720757,0.671488,0.671488,0.651683,0.864676,0.701480,0.465834,0.544764,0.465834,0.480074,0.074630,0.584567,0.615054,0.430029,0.705597,0.750330,0.725291,0.981809,0.534166,0.500000,0.060574,0.257172,0.339214,37.536000,0.720757,96.270922,50.000000
without_incentive,high,24,1024,6.978000,4.738000,6.554000,4.738000,1.816000,0.424000,0.722271,0.677560,0.677560,0.657457,0.873314,0.707190,0.471349,0.548438,0.471349,0.467157,0.073202,0.574588,0.601984,0.438665,0.704231,0.749506,0.724356,0.981749,0.528651,0.500000,0.060347,0.256213,0.347927,37.904000,0.722271,95.789095,49.996000
without_incentive,high,25,1025,7.018000,4.734000,6.546000,4.734000,1.812000,0.472000,0.721860,0.673417,0.673417,0.653636,0.876291,0.698177,0.476051,0.548261,0.476051,0.477653,0.075456,0.582870,0.610828,0.439383,0.703091,0.749995,0.722050,0.981872,0.523949,0.500000,0.060737,0.257526,0.340750,37.872000,0.721860,96.060074,50.000000
without_incentive,high,26,1026,7.026000,4.784000,6.534000,4.784000,1.750000,0.488000,0.732357,0.680452,0.680688,0.660311,0.888802,0.695750,0.479867,0.548442,0.479867,0.476680,0.076063,0.585362,0.632012,0.441114,0.702369,0.748999,0.723027,0.981717,0.520133,0.500000,0.060652,0.258438,0.344380,38.272000,0.732357,96.244599,49.992000
without_incentive,high,27,1027,7.062000,4.968000,6.826000,4.968000,1.858000,0.236000,0.726602,0.702060,0.702060,0.680830,0.839230,0.690662,0.470798,0.539051,0.470798,0.490249,0.077335,0.588164,0.607596,0.452104,0.706758,0.751643,0.732547,0.981877,0.529202,0.500000,0.063194,0.267587,0.356811,39.744000,0.726602,95.608522,50.000000
without_incentive,high,28,1028,6.966000,4.696000,6.530000,4.696000,1.834000,0.434000,0.718664,0.673655,0.673721,0.653670,0.869462,0.714658,0.473910,0.546047,0.473910,0.462691,0.071335,0.570915,0.611141,0.439750,0.703106,0.747435,0.723766,0.981799,0.526090,0.500000,0.060687,0.259895,0.338131,37.568000,0.718664,96.661934,49.994000
without_incentive,high,29,1029,7.050000,4.876000,6.720000,4.876000,1.844000,0.328000,0.726836,0.692464,0.692643,0.671826,0.861477,0.699962,0.469965,0.546774,0.469965,0.472573,0.075010,0.576295,0.592948,0.444962,0.704157,0.749212,0.723216,0.981934,0.530035,0.500000,0.062417,0.262434,0.349390,39.008000,0.726836,97.201659,49.988000
without_incentive,high,30,1030,6.988000,4.752000,6.520000,4.752000,1.768000,0.468000,0.728193,0.680024,0.680024,0.659923,0.865938,0.694389,0.461980,0.541614,0.461980,0.482536,0.076403,0.584708,0.613771,0.427059,0.706848,0.749668,0.728883,0.981778,0.538020,0.500000,0.059983,0.255690,0.343883,38.016000,0.728193,96.427309,49.994000
without_incentive,high,31,1031,7.042000,4.852000,6.742000,4.852000,1.890000,0.298000,0.718560,0.688024,0.688262,0.667561,0.866705,0.709449,0.474285,0.543627,0.474285,0.464412,0.072638,0.570928,0.586313,0.450976,0.706047,0.751356,0.732201,0.982038,0.525715,0.500000,0.062263,0.262573,0.347975,38.816000,0.718560,96.297505,49.996000
without_incentive,high,32,1032,7.012000,4.732000,6.630000,4.732000,1.898000,0.378000,0.714557,0.676571,0.677017,0.656417,0.868823,0.700272,0.483515,0.550601,0.483515,0.466942,0.074932,0.575987,0.605208,0.453616,0.700217,0.747910,0.717366,0.981812,0.516485,0.500000,0.061506,0.259361,0.347220,37.856000,0.714557,95.936072,49.976000
without_incentive,high,33,1033,6.988000,4.664000,6.358000,4.664000,1.694000,0.630000,0.734707,0.666893,0.666893,0.647536,0.870205,0.700463,0.470745,0.545111,0.470745,0.478683,0.074884,0.579253,0.600940,0.422012,0.704927,0.751542,0.724497,0.981741,0.529255,0.500000,0.059131,0.250642,0.334578,37.312000,0.734707,96.495489,50.000000
without_incentive,high,34,1034,6.996000,4.858000,6.656000,4.858000,1.798000,0.340000,0.729326,0.693440,0.693440,0.672709,0.846729,0.700810,0.458306,0.540603,0.458306,0.481890,0.074798,0.583373,0.613410,0.433816,0.707359,0.746761,0.732040,0.981803,0.541694,0.500000,0.061701,0.261024,0.349504,38.864000,0.729326,96.522074,49.982000
without_incentive,high,35,1035,6.964000,4.716000,6.552000,4.716000,1.836000,0.412000,0.720067,0.677095,0.677095,0.656904,0.871714,0.710743,0.474974,0.548475,0.474974,0.469705,0.072314,0.577800,0.607817,0.443421,0.702975,0.747929,0.723371,0.981781,0.525026,0.500000,0.061011,0.257480,0.344211,37.728000,0.720067,96.569804,49.970000
without_incentive,high,36,1036,7.020000,4.754000,6.570000,4.754000,1.816000,0.446000,0.723888,0.678524,0.678836,0.658332,0.860082,0.695136,0.467570,0.544538,0.467570,0.478917,0.076216,0.580509,0.610249,0.434627,0.703072,0.745676,0.721115,0.981722,0.532430,0.500000,0.061037,0.258324,0.346876,38.032000,0.723888,97.752969,49.984000
without_incentive,high,37,1037,6.940000,4.900000,6.658000,4.900000,1.758000,0.282000,0.734757,0.705226,0.705226,0.684141,0.873842,0.710532,0.468098,0.544253,0.468098,0.482928,0.072367,0.587110,0.634893,0.446373,0.706953,0.750509,0.732713,0.982017,0.531902,0.500000,0.061338,0.257697,0.345312,39.200000,0.734757,96.069248,50.000000
without_incentive,high,38,1038,7.036000,4.842000,6.664000,4.842000,1.822000,0.372000,0.726769,0.687976,0.687976,0.667571,0.867104,0.707920,0.478893,0.549810,0.478893,0.459792,0.073020,0.570007,0.596969,0.449940,0.704127,0.749765,0.729071,0.981951,0.521107,0.500000,0.061650,0.260102,0.346189,38.736000,0.726769,97.057706,49.996000
without_incentive,high,39,1039,6.956000,4.852000,6.626000,4.852000,1.774000,0.330000,0.731998,0.696929,0.696929,0.676185,0.871812,0.701072,0.476887,0.543252,0.476887,0.480174,0.074732,0.584739,0.633914,0.451384,0.704230,0.750186,0.727507,0.981947,0.523113,0.500000,0.061012,0.256558,0.347184,38.816000,0.731998,96.805775,50.000000
without_incentive,high,40,1040,7.068000,4.794000,6.680000,4.794000,1.886000,0.388000,0.718502,0.680000,0.680000,0.659575,0.881812,0.703906,0.473387,0.545833,0.473387,0.469667,0.074024,0.575216,0.596389,0.443559,0.703020,0.749156,0.720896,0.981717,0.526613,0.500000,0.061990,0.264569,0.351338,38.352000,0.718502,96.596981,50.000000
without_incentive,high,41,1041,7.028000,4.738000,6.632000,4.738000,1.894000,0.396000,0.714948,0.673143,0.673143,0.653140,0.849346,0.704152,0.479383,0.551561,0.479383,0.469417,0.073962,0.579859,0.626710,0.448017,0.701745,0.748409,0.720526,0.981801,0.520617,0.500000,0.061109,0.262536,0.346455,37.904000,0.714948,95.544404,49.974000
without_incentive,high,42,1042,7.024000,4.850000,6.582000,4.850000,1.732000,0.442000,0.737679,0.690548,0.690548,0.670188,0.847634,0.703446,0.474459,0.545430,0.474459,0.477596,0.074138,0.580412,0.624247,0.440244,0.704486,0.748102,0.729462,0.981924,0.525541,0.500000,0.060661,0.257432,0.344093,38.800000,0.737679,97.038941,49.994000
without_incentive,high,43,1043,7.006000,4.712000,6.536000,4.712000,1.824000,0.470000,0.721510,0.673250,0.673250,0.653451,0.871160,0.695460,0.472845,0.545319,0.472845,0.469680,0.076135,0.577417,0.600683,0.437680,0.704203,0.751018,0.723370,0.981873,0.527155,0.500000,0.060090,0.255320,0.341830,37.696000,0.721510,96.521762,50.000000
without_incentive,high,44,1044,7.036000,4.802000,6.616000,4.802000,1.814000,0.418000,0.725950,0.682274,0.682560,0.662062,0.861697,0.706642,0.484607,0.549275,0.484607,0.467398,0.073339,0.574067,0.606209,0.450490,0.702456,0.751111,0.724200,0.981893,0.515393,0.500000,0.061169,0.256709,0.347861,38.416000,0.725950,95.243219,49.998000
without_incentive,high,45,1045,6.994000,4.790000,6.664000,4.790000,1.874000,0.330000,0.719202,0.685774,0.685774,0.665430,0.851731,0.702876,0.472374,0.546727,0.472374,0.474686,0.074281,0.577267,0.606268,0.446690,0.704393,0.749915,0.725177,0.981973,0.527626,0.500000,0.061226,0.260469,0.344024,38.320000,0.719202,96.152300,49.996000
without_incentive,high,46,1046,6.970000,4.830000,6.558000,4.830000,1.728000,0.410000,0.738140,0.693536,0.693750,0.672912,0.848752,0.704014,0.480257,0.549959,0.480257,0.468217,0.073997,0.576783,0.612071,0.448129,0.704365,0.750036,0.730973,0.981756,0.519743,0.500000,0.060913,0.257047,0.346000,38.640000,0.738140,96.108485,49.988000
without_incentive,high,47,1047,6.906000,4.692000,6.468000,4.692000,1.776000,0.436000,0.723952,0.678429,0.678619,0.658385,0.845538,0.716713,0.476493,0.552335,0.476493,0.461987,0.070822,0.574111,0.617062,0.443017,0.705258,0.751449,0.730344,0.981836,0.523507,0.500000,0.059629,0.256006,0.335941,37.536000,0.723952,95.847415,49.982000
without_incentive,high,48,1048,7.032000,4.820000,6.578000,4.820000,1.758000,0.454000,0.733526,0.687250,0.687250,0.666941,0.884496,0.700386,0.472663,0.543582,0.472663,0.485439,0.074903,0.585669,0.611431,0.438119,0.705006,0.751001,0.726922,0.981800,0.527337,0.500000,0.060843,0.258368,0.346085,38.560000,0.733526,96.388728,50.000000
without_incentive,high,49,1049,7.082000,4.756000,6.654000,4.756000,1.898000,0.428000,0.715017,0.672119,0.672119,0.652134,0.865654,0.702199,0.461558,0.541837,0.461558,0.481406,0.074450,0.582070,0.611764,0.429957,0.705832,0.747985,0.726079,0.981805,0.538442,0.500000,0.061585,0.263905,0.346853,38.048000,0.715017,95.220319,49.998000
without_incentive,low,0,1000,1.480000,1.226000,1.480000,1.226000,0.254000,0.000000,0.839000,0.839000,0.839000,0.823027,0.725705,0.802381,0.328380,0.385185,0.328380,0.580033,0.049405,0.614932,0.670643,0.328380,0.752148,0.815618,0.744811,0.988824,0.671620,0.500000,0.010636,0.034214,0.046355,9.808000,0.839000,88.329083,50.000000
without_incentive,low,1,1001,1.494000,1.242000,1.494000,1.242000,0.252000,0.000000,0.839000,0.839000,0.839000,0.822884,0.721774,0.797136,0.312288,0.370646,0.312288,0.579201,0.050716,0.614039,0.655824,0.312288,0.756365,0.815177,0.752315,0.988762,0.687712,0.500000,0.010831,0.034762,0.046209,9.936000,0.839000,89.914672,50.000000
without_incentive,low,2,1002,1.490000,1.206000,1.490000,1.206000,0.284000,0.000000,0.812000,0.812000,0.812000,0.796806,0.752867,0.795686,0.322249,0.382504,0.322249,0.568926,0.051079,0.606615,0.648520,0.322249,0.751112,0.813171,0.738494,0.988974,0.677751,0.500000,0.010783,0.034781,0.043947,9.648000,0.812000,86.255790,50.000000
without_incentive,low,3,1003,1.508000,1.208000,1.508000,1.208000,0.300000,0.000000,0.800000,0.800000,0.800000,0.784918,0.708686,0.783045,0.331712,0.393169,0.331712,0.574925,0.054239,0.610500,0.640567,0.331712,0.747143,0.812410,0.728752,0.988885,0.668288,0.500000,0.010790,0.034840,0.046436,9.664000,0.800000,85.187883,50.000000
without_incentive,low,4,1004,1.522000,1.248000,1.522000,1.248000,0.274000,0.000000,0.822000,0.822000,0.822000,0.806381,0.723801,0.789291,0.318975,0.371390,0.318975,0.579588,0.052677,0.614044,0.639854,0.318975,0.755055,0.818867,0.746759,0.988846,0.681025,0.500000,0.010781,0.035336,0.047315,9.984000,0.822000,86.080300,50.000000
without_incentive,low,5,1005,1.506000,1.242000,1.504000,1.242000,0.262000,0.002000,0.828000,0.828000,0.828000,0.812138,0.657206,0.798017,0.318834,0.388933,0.318834,0.565678,0.050496,0.601821,0.638427,0.318657,0.755335,0.817413,0.749771,0.988794,0.681166,0.500000,0.010568,0.034161,0.047612,9.936000,0.828000,86.819784,50.000000
without_incentive,low,6,1006,1.502000,1.208000,1.502000,1.208000,0.294000,0.000000,0.803000,0.803000,0.803000,0.788022,0.739702,0.796096,0.330507,0.393833,0.330507,0.573681,0.050976,0.611624,0.659848,0.330507,0.750550,0.814297,0.740735,0.988995,0.669493,0.500000,0.010673,0.034836,0.045090,9.664000,0.803000,83.492755,50.000000
without_incentive,low,7,1007,1.502000,1.230000,1.502000,1.230000,0.272000,0.000000,0.820000,0.820000,0.820000,0.804387,0.744076,0.790399,0.323636,0.379995,0.323636,0.574797,0.052400,0.610366,0.646688,0.323636,0.751337,0.814795,0.738581,0.988890,0.676364,0.500000,0.010795,0.034393,0.046297,9.840000,0.820000,85.775977,50.000000
without_incentive,low,8,1008,1.470000,1.208000,1.470000,1.208000,0.262000,0.000000,0.817000,0.817000,0.817000,0.801465,0.745226,0.802241,0.313745,0.373417,0.313745,0.577055,0.049440,0.610582,0.654057,0.313745,0.754529,0.813135,0.747596,0.988902,0.686255,0.500000,0.010515,0.033742,0.045239,9.664000,0.817000,86.479493,50.000000
without_incentive,low,9,1009,1.514000,1.260000,1.510000,1.260000,0.250000,0.004000,0.836000,0.834000,0.834000,0.818091,0.767171,0.802403,0.313595,0.370975,0.313595,0.578150,0.049399,0.610750,0.658103,0.312989,0.757911,0.815529,0.759822,0.988752,0.686405,0.500000,0.010932,0.035668,0.046581,10.080000,0.836000,88.817084,50.000000
without_incentive,low,10,1010,1.512000,1.284000,1.512000,1.284000,0.228000,0.000000,0.856000,0.856000,0.856000,0.839537,0.750657,0.801751,0.320452,0.386903,0.320452,0.585219,0.049562,0.619365,0.688572,0.320452,0.755795,0.817553,0.752922,0.988738,0.679548,0.500000,0.010771,0.034849,0.047475,10.272000,0.856000,89.235965,50.000000
without_incentive,low,11,1011,1.486000,1.216000,1.486000,1.216000,0.270000,0.000000,0.826000,0.826000,0.826000,0.810076,0.708344,0.791071,0.316592,0.375943,0.316592,0.581146,0.052232,0.615443,0.655762,0.316592,0.754302,0.815014,0.746504,0.988711,0.683408,0.500000,0.010590,0.034214,0.046776,9.728000,0.826000,87.253434,50.000000
without_incentive,low,12,1012,1.464000,1.204000,1.462000,1.204000,0.258000,0.002000,0.826000,0.825000,0.825000,0.809196,0.746502,0.808799,0.312795,0.373282,0.312795,0.579393,0.047800,0.612156,0.671746,0.312326,0.754399,0.817095,0.741391,0.988840,0.687205,0.500000,0.010474,0.033554,0.045087,9.632000,0.826000,86.067020,50.000000
without_incentive,low,13,1013,1.496000,1.242000,1.496000,1.242000,0.254000,0.000000,0.825000,0.825000,0.825000,0.809349,0.720295,0.798218,0.309089,0.364466,0.309089,0.580284,0.050445,0.615970,0.657745,0.309089,0.755317,0.815407,0.744831,0.988871,0.690911,0.500000,0.010688,0.034559,0.046268,9.936000,0.825000,85.350553,50.000000
without_incentive,low,14,1014,1.480000,1.210000,1.478000,1.210000,0.268000,0.002000,0.815000,0.814000,0.814000,0.798695,0.708575,0.789153,0.335996,0.400327,0.335996,0.568327,0.052712,0.606438,0.647397,0.335765,0.747555,0.813735,0.732101,0.988964,0.664004,0.500000,0.010603,0.034086,0.044819,9.680000,0.815000,84.249259,50.000000
without_incentive,low,15,1015,1.514000,1.306000,1.514000,1.306000,0.208000,0.000000,0.863000,0.863000,0.863000,0.846577,0.760964,0.803627,0.312483,0.371364,0.312483,0.588423,0.049093,0.619188,0.661630,0.312483,0.758681,0.816883,0.760687,0.988849,0.687517,0.500000,0.010998,0.034821,0.047139,10.448000,0.863000,90.390323,50.000000
without_incentive,low,16,1016,1.512000,1.276000,1.512000,1.276000,0.236000,0.000000,0.844000,0.844000,0.844000,0.827950,0.741300,0.801402,0.304857,0.357292,0.304857,0.580206,0.049649,0.613651,0.646960,0.304857,0.759370,0.818373,0.756252,0.988786,0.695143,0.500000,0.010919,0.034927,0.047064,10.208000,0.844000,87.278667,50.000000
without_incentive,low,17,1017,1.464000,1.198000,1.462000,1.198000,0.264000,0.002000,0.826000,0.825000,0.825000,0.809511,0.677983,0.796821,0.323175,0.386505,0.323175,0.566971,0.050795,0.604156,0.639898,0.322906,0.751958,0.817372,0.737795,0.988909,0.676825,0.500000,0.010385,0.033816,0.044033,9.584000,0.826000,84.654288,50.000000
without_incentive,low,18,1018,1.492000,1.200000,1.492000,1.200000,0.292000,0.000000,0.806000,0.806000,0.806000,0.790675,0.728817,0.796862,0.307130,0.370356,0.307130,0.567245,0.050785,0.604117,0.639634,0.307130,0.754896,0.816405,0.740233,0.988856,0.692870,0.500000,0.010468,0.034395,0.045974,9.600000,0.806000,85.429416,50.000000
without_incentive,low,19,1019,1.484000,1.218000,1.482000,1.218000,0.264000,0.002000,0.823000,0.822000,0.822000,0.806542,0.740943,0.805363,0.318630,0.382576,0.318630,0.566837,0.048659,0.604363,0.655728,0.318218,0.755020,0.817162,0.748425,0.988915,0.681370,0.500000,0.010510,0.034352,0.044937,9.744000,0.823000,85.496210,50.000000
without_incentive,low,20,1020,1.464000,1.202000,1.462000,1.202000,0.260000,0.002000,0.823000,0.822000,0.822000,0.806518,0.719804,0.800013,0.320454,0.375735,0.320454,0.577884,0.049997,0.611536,0.661445,0.320077,0.754255,0.815669,0.748235,0.988891,0.679546,0.500000,0.010346,0.033692,0.044839,9.616000,0.823000,87.060846,50.000000
without_incentive,low,21,1021,1.492000,1.224000,1.492000,1.224000,0.268000,0.000000,0.830000,0.830000,0.830000,0.814348,0.710055,0.796950,0.326012,0.385144,0.326012,0.579659,0.050763,0.613647,0.659813,0.326012,0.751858,0.815201,0.742208,0.988881,0.673988,0.500000,0.010599,0.034648,0.045869,9.792000,0.830000,89.109561,50.000000
without_incentive,low,22,1022,1.500000,1.218000,1.500000,1.218000,0.282000,0.000000,0.810000,0.810000,0.810000,0.794846,0.775002,0.790485,0.323884,0.379689,0.323884,0.580502,0.052379,0.617424,0.663830,0.323884,0.753118,0.817612,0.743181,0.988997,0.676116,0.500000,0.010701,0.033795,0.045302,9.744000,0.810000,84.451843,50.000000
without_incentive,low,23,1023,1.458000,1.188000,1.458000,1.188000,0.270000,0.000000,0.812000,0.812000,0.812000,0.796773,0.768918,0.795480,0.312553,0.368621,0.312553,0.568585,0.051130,0.605922,0.648765,0.312553,0.755981,0.818425,0.746598,0.988933,0.687447,0.500000,0.010280,0.033940,0.044126,9.504000,0.812000,82.115824,50.000000
without_incentive,low,24,1024,1.510000,1.232000,1.510000,1.232000,0.278000,0.000000,0.817000,0.817000,0.817000,0.801537,0.719580,0.794337,0.323551,0.379199,0.323551,0.572226,0.051416,0.606195,0.636380,0.323551,0.753629,0.816679,0.746448,0.988927,0.676449,0.500000,0.010815,0.034339,0.046485,9.856000,0.817000,86.036828,50.000000
without_incentive,low,25,1025,1.482000,1.206000,1.482000,1.206000,0.276000,0.000000,0.812000,0.812000,0.812000,0.796390,0.761556,0.795614,0.327978,0.387049,0.327978,0.571404,0.051097,0.609345,0.658146,0.327978,0.751333,0.814691,0.742039,0.988774,0.672022,0.500000,0.010434,0.034139,0.046435,9.648000,0.812000,84.514463,50.000000
without_incentive,low,26,1026,1.528000,1.246000,1.528000,1.246000,0.282000,0.000000,0.809000,0.809000,0.809000,0.793626,0.741023,0.796512,0.316823,0.373303,0.316823,0.566995,0.050872,0.602019,0.642063,0.316823,0.754725,0.814431,0.749218,0.988828,0.683177,0.500000,0.011214,0.035518,0.047130,9.968000,0.809000,86.327886,50.000000
without_incentive,low,27,1027,1.488000,1.214000,1.488000,1.214000,0.274000,0.000000,0.823000,0.823000,0.823000,0.807204,0.714446,0.799530,0.320868,0.386134,0.320868,0.577556,0.050118,0.611904,0.654658,0.320868,0.752899,0.816370,0.741716,0.988688,0.679132,0.500000,0.010543,0.035027,0.047124,9.712000,0.823000,85.819044,50.000000
without_incentive,low,28,1028,1.472000,1.174000,1.470000,1.174000,0.296000,0.002000,0.793000,0.793000,0.793000,0.777812,0.744932,0.792050,0.318592,0.383836,0.318592,0.560819,0.051988,0.600871,0.645683,0.318592,0.747322,0.807790,0.729318,0.986784,0.679408,0.499000,0.010756,0.033787,0.045729,9.392000,0.793000,85.100677,50.000000
without_incentive,low,29,1029,1.536000,1.270000,1.536000,1.270000,0.266000,0.000000,0.827000,0.827000,0.827000,0.811444,0.722710,0.797008,0.320998,0.381074,0.320998,0.569885,0.050748,0.604842,0.648802,0.320998,0.755231,0.818645,0.749262,0.988961,0.679002,0.500000,0.010984,0.035279,0.047207,10.160000,0.827000,86.980830,50.000000
without_incentive,low,30,1030,1.466000,1.204000,1.466000,1.204000,0.262000,0.000000,0.814000,0.814000,0.814000,0.798356,0.723423,0.795730,0.321228,0.376291,0.321228,0.576764,0.051068,0.609650,0.642330,0.321228,0.753599,0.815961,0.745565,0.988802,0.678772,0.500000,0.010603,0.033728,0.045636,9.632000,0.814000,85.183153,50.000000
without_incentive,low,31,1031,1.456000,1.144000,1.456000,1.144000,0.312000,0.000000,0.786000,0.786000,0.786000,0.771045,0.755758,0.789056,0.323677,0.388918,0.323677,0.564771,0.052736,0.603656,0.635509,0.323677,0.747153,0.811646,0.723809,0.988773,0.676323,0.500000,0.010475,0.033842,0.045217,9.152000,0.786000,83.289079,50.000000
without_incentive,low,32,1032,1.480000,1.242000,1.480000,1.242000,0.238000,0.000000,0.843000,0.843000,0.843000,0.827150,0.749886,0.799851,0.320064,0.375865,0.320064,0.580668,0.050037,0.613503,0.656307,0.320064,0.754160,0.816197,0.746808,0.988955,0.679936,0.500000,0.010593,0.033773,0.044687,9.936000,0.843000,88.783103,50.000000
without_incentive,low,33,1033,1.494000,1.228000,1.494000,1.228000,0.266000,0.000000,0.822000,0.822000,0.822000,0.806658,0.763483,0.801332,0.312861,0.373045,0.312861,0.577967,0.049667,0.612602,0.661510,0.312861,0.755133,0.815649,0.746422,0.989017,0.687139,0.500000,0.010717,0.034033,0.045490,9.824000,0.822000,86.023133,50.000000
without_incentive,low,34,1034,1.510000,1.254000,1.510000,1.254000,0.256000,0.000000,0.830000,0.830000,0.830000,0.814282,0.768194,0.800752,0.317835,0.386685,0.317835,0.581458,0.049812,0.617391,0.672663,0.317835,0.753190,0.814117,0.743472,0.988816,0.682165,0.500000,0.010817,0.035261,0.046356,10.032000,0.830000,86.818810,50.000000
without_incentive,low,35,1035,1.528000,1.262000,1.526000,1.262000,0.264000,0.002000,0.823000,0.823000,0.823000,0.807331,0.760374,0.799842,0.317561,0.380093,0.317561,0.577559,0.050040,0.612885,0.657961,0.317561,0.753243,0.815086,0.746006,0.986870,0.680439,0.499000,0.010843,0.034918,0.047677,10.096000,0.823000,87.058248,50.000000
without_incentive,low,36,1036,1.488000,1.180000,1.486000,1.180000,0.306000,0.002000,0.798000,0.798000,0.798000,0.782580,0.747290,0.785018,0.319622,0.388516,0.319622,0.563833,0.053746,0.600607,0.618320,0.319622,0.747638,0.812762,0.725333,0.986735,0.678378,0.499000,0.010602,0.034967,0.046685,9.440000,0.798000,85.920775,50.000000
without_incentive,low,37,1037,1.484000,1.210000,1.484000,1.210000,0.274000,0.000000,0.819000,0.819000,0.819000,0.803531,0.737686,0.800752,0.320677,0.390801,0.320677,0.571470,0.049812,0.611353,0.677518,0.320677,0.754491,0.818760,0.745548,0.988957,0.679323,0.500000,0.010297,0.034030,0.045744,9.680000,0.819000,84.466943,50.000000
without_incentive,low,38,1038,1.484000,1.200000,1.484000,1.200000,0.284000,0.000000,0.807000,0.807000,0.807000,0.791517,0.767126,0.794400,0.315820,0.375371,0.315820,0.571648,0.051400,0.609433,0.659741,0.315820,0.752782,0.814266,0.739994,0.988745,0.684180,0.500000,0.010755,0.034033,0.047026,9.600000,0.807000,84.975839,50.000000
without_incentive,low,39,1039,1.502000,1.254000,1.502000,1.254000,0.248000,0.000000,0.835000,0.835000,0.835000,0.819232,0.787969,0.801956,0.320252,0.372927,0.320252,0.584020,0.049511,0.616432,0.657824,0.320252,0.755634,0.818786,0.750391,0.988891,0.679748,0.500000,0.010680,0.035082,0.045437,10.032000,0.835000,86.568921,50.000000
without_incentive,low,40,1040,1.498000,1.256000,1.498000,1.256000,0.242000,0.000000,0.837000,0.837000,0.837000,0.820937,0.719115,0.799258,0.307726,0.374427,0.307726,0.578399,0.050186,0.614296,0.665896,0.307726,0.756969,0.815474,0.751231,0.988774,0.692274,0.500000,0.010601,0.035000,0.046368,10.048000,0.837000,87.671893,50.000000
without_incentive,low,41,1041,1.490000,1.216000,1.490000,1.216000,0.274000,0.000000,0.817000,0.817000,0.817000,0.801610,0.741972,0.790826,0.319826,0.387721,0.319826,0.571235,0.052293,0.608689,0.657182,0.319826,0.752373,0.814357,0.740889,0.988949,0.680174,0.500000,0.010572,0.034155,0.046162,9.728000,0.817000,87.564943,50.000000
without_incentive,low,42,1042,1.498000,1.256000,1.498000,1.256000,0.242000,0.000000,0.837000,0.837000,0.837000,0.821196,0.709510,0.799677,0.323935,0.380149,0.323935,0.578346,0.050081,0.612969,0.658663,0.323935,0.753122,0.815738,0.745691,0.988852,0.676065,0.500000,0.010797,0.034220,0.046091,10.048000,0.837000,87.882215,50.000000
without_incentive,low,43,1043,1.532000,1.244000,1.532000,1.244000,0.288000,0.000000,0.814000,0.814000,0.814000,0.798406,0.750648,0.792443,0.318224,0.376796,0.318224,0.569221,0.051889,0.604562,0.636407,0.318224,0.754619,0.816838,0.746867,0.988723,0.681776,0.500000,0.010958,0.035474,0.048165,9.952000,0.814000,86.389152,50.000000
without_incentive,low,44,1044,1.474000,1.216000,1.474000,1.216000,0.258000,0.000000,0.832000,0.832000,0.832000,0.816141,0.773528,0.792182,0.315180,0.376604,0.315180,0.579672,0.051954,0.613095,0.654279,0.315180,0.755749,0.818013,0.748141,0.988794,0.684820,0.500000,0.010473,0.033685,0.046653,9.728000,0.832000,87.471267,50.000000
without_incentive,low,45,1045,1.482000,1.202000,1.480000,1.202000,0.278000,0.002000,0.807000,0.806000,0.806000,0.790623,0.696544,0.788072,0.329670,0.396684,0.329670,0.566535,0.052982,0.603652,0.630459,0.329412,0.750297,0.814535,0.738783,0.988847,0.670330,0.500000,0.010515,0.034115,0.045855,9.616000,0.807000,84.717279,50.000000
without_incentive,low,46,1046,1.508000,1.236000,1.508000,1.236000,0.272000,0.000000,0.817000,0.817000,0.817000,0.801618,0.738126,0.795553,0.322607,0.384862,0.322607,0.569983,0.051112,0.607433,0.645124,0.322607,0.751653,0.815922,0.737775,0.988957,0.677393,0.500000,0.010662,0.034847,0.045797,9.888000,0.817000,84.504476,50.000000
without_incentive,low,47,1047,1.538000,1.214000,1.536000,1.214000,0.322000,0.002000,0.780000,0.780000,0.780000,0.765341,0.726203,0.790442,0.311388,0.385281,0.311388,0.560051,0.052389,0.597531,0.621733,0.311388,0.748978,0.812216,0.725680,0.986988,0.686612,0.499000,0.010908,0.035403,0.046259,9.712000,0.780000,82.884744,50.000000
without_incentive,low,48,1048,1.490000,1.236000,1.490000,1.236000,0.254000,0.000000,0.837000,0.837000,0.837000,0.820899,0.752320,0.792991,0.313034,0.365344,0.313034,0.581223,0.051752,0.615291,0.649645,0.313034,0.755145,0.817426,0.744552,0.988793,0.686966,0.500000,0.010649,0.034451,0.046607,9.888000,0.837000,86.892580,50.000000
without_incentive,low,49,1049,1.524000,1.272000,1.524000,1.272000,0.252000,0.000000,0.842000,0.842000,0.842000,0.826451,0.738727,0.800339,0.321203,0.383705,0.321203,0.587777,0.049915,0.622620,0.684059,0.321203,0.754976,0.818426,0.748432,0.989104,0.678797,0.500000,0.010623,0.034284,0.045901,10.176000,0.842000,87.206309,50.000000
without_incentive,medium,0,1000,4.006000,3.030000,3.938000,3.030000,0.908000,0.068000,0.770300,0.758633,0.758633,0.739847,0.817903,0.724036,0.401092,0.467083,0.401092,0.524103,0.068991,0.597239,0.633041,0.393491,0.731838,0.787317,0.745908,0.985383,0.598908,0.500000,0.033025,0.121771,0.162839,24.240000,0.770300,96.595947,50.000000
without_incentive,medium,1,1001,3.982000,3.122000,3.942000,3.122000,0.820000,0.040000,0.793333,0.784267,0.784267,0.765004,0.784343,0.725037,0.386664,0.454528,0.386664,0.545170,0.068741,0.612029,0.653363,0.382259,0.735739,0.787226,0.752603,0.985581,0.613336,0.500000,0.032799,0.120749,0.160712,24.976000,0.793333,95.842873,50.000000
without_incentive,medium,2,1002,4.000000,3.152000,3.960000,3.152000,0.808000,0.040000,0.796967,0.788500,0.788500,0.769122,0.835694,0.721427,0.382794,0.459910,0.382794,0.545357,0.069643,0.614613,0.659648,0.378896,0.739913,0.790636,0.764265,0.985527,0.617206,0.500000,0.033100,0.120838,0.162287,25.216000,0.796967,95.255590,50.000000
without_incentive,medium,3,1003,4.028000,3.104000,3.980000,3.104000,0.876000,0.048000,0.779567,0.769833,0.769833,0.750831,0.813745,0.720870,0.399670,0.463966,0.399670,0.518575,0.069782,0.592984,0.619892,0.394041,0.734382,0.788027,0.755405,0.985374,0.600330,0.500000,0.033486,0.122334,0.164648,24.832000,0.779567,95.936343,50.000000
without_incentive,medium,4,1004,4.016000,3.090000,3.982000,3.090000,0.892000,0.034000,0.773033,0.766433,0.766433,0.747432,0.814473,0.730061,0.393936,0.467911,0.393936,0.530177,0.067485,0.602738,0.650467,0.390423,0.733184,0.786844,0.747187,0.985384,0.606064,0.500000,0.033092,0.122690,0.165760,24.720000,0.773033,95.310182,50.000000
without_incentive,medium,5,1005,3.992000,3.082000,3.956000,3.082000,0.874000,0.036000,0.778133,0.770533,0.770533,0.751379,0.824589,0.716208,0.397615,0.462221,0.397615,0.531877,0.070948,0.605435,0.648802,0.393397,0.733357,0.788008,0.749284,0.985365,0.602385,0.500000,0.033273,0.122393,0.163040,24.656000,0.778133,95.919781,50.000000
without_incentive,medium,6,1006,4.024000,3.048000,3.978000,3.048000,0.930000,0.046000,0.767000,0.757100,0.757100,0.738577,0.845403,0.714287,0.391095,0.460556,0.391095,0.524976,0.071428,0.600088,0.626960,0.385632,0.733855,0.787159,0.747570,0.985530,0.608905,0.500000,0.033324,0.121833,0.162670,24.384000,0.767000,95.603440,50.000000
without_incentive,medium,7,1007,4.022000,3.192000,4.000000,3.192000,0.808000,0.022000,0.796133,0.791100,0.791100,0.771720,0.811567,0.724190,0.381383,0.449877,0.381383,0.538410,0.068953,0.605303,0.641079,0.379103,0.740309,0.790748,0.764766,0.985635,0.618617,0.500000,0.033444,0.121183,0.162511,25.536000,0.796133,96.316844,50.000000
without_incentive,medium,8,1008,4.026000,3.144000,3.972000,3.144000,0.828000,0.054000,0.793033,0.783000,0.783000,0.763821,0.810553,0.718385,0.392080,0.466272,0.392080,0.532625,0.070404,0.604469,0.645151,0.386880,0.733652,0.786316,0.752185,0.983552,0.605920,0.499000,0.033271,0.122410,0.160857,25.152000,0.793033,96.263740,50.000000
without_incentive,medium,9,1009,4.038000,3.142000,3.992000,3.142000,0.850000,0.046000,0.786300,0.777533,0.777533,0.758558,0.815989,0.727274,0.396109,0.471783,0.396109,0.530818,0.068181,0.606386,0.662660,0.391705,0.734057,0.788813,0.750129,0.985589,0.603891,0.500000,0.033284,0.122602,0.160482,25.136000,0.786300,95.221239,50.000000
without_incentive,medium,10,1010,3.998000,3.140000,3.980000,3.140000,0.840000,0.018000,0.790467,0.787133,0.787133,0.767630,0.821126,0.713264,0.396368,0.467667,0.396368,0.532875,0.071684,0.604791,0.633265,0.394500,0.734923,0.788541,0.754615,0.985518,0.603632,0.500000,0.033409,0.122195,0.162850,25.120000,0.790467,95.843214,50.000000
without_incentive,medium,11,1011,3.952000,3.042000,3.934000,3.042000,0.892000,0.018000,0.768833,0.765800,0.765800,0.746658,0.843117,0.718689,0.418426,0.480277,0.418426,0.522721,0.070328,0.599346,0.633280,0.416360,0.728688,0.785640,0.746838,0.985369,0.581574,0.500000,0.033313,0.120491,0.163334,24.336000,0.768833,94.904220,50.000000
without_incentive,medium,12,1012,3.954000,3.140000,3.930000,3.140000,0.790000,0.024000,0.795633,0.790700,0.790700,0.771050,0.819014,0.721454,0.383979,0.452672,0.383979,0.535155,0.069636,0.606357,0.653806,0.381510,0.738817,0.789275,0.762026,0.985390,0.616021,0.500000,0.032905,0.120650,0.162763,25.120000,0.795633,96.776534,50.000000
without_incentive,medium,13,1013,3.974000,3.094000,3.952000,3.094000,0.858000,0.022000,0.785967,0.780933,0.780933,0.761613,0.811903,0.724683,0.387614,0.457732,0.387614,0.537365,0.068829,0.603106,0.637922,0.385063,0.737446,0.789734,0.757941,0.985481,0.612386,0.500000,0.033054,0.121535,0.161836,24.752000,0.785967,96.254920,50.000000
without_incentive,medium,14,1014,4.016000,3.132000,3.974000,3.132000,0.842000,0.042000,0.787533,0.779500,0.779500,0.760152,0.821611,0.726352,0.390785,0.463146,0.390785,0.518257,0.068412,0.593117,0.627466,0.386724,0.736268,0.787907,0.757379,0.985377,0.609215,0.500000,0.033620,0.122637,0.163904,25.056000,0.787533,96.629697,50.000000
without_incentive,medium,15,1015,4.034000,3.110000,3.996000,3.110000,0.886000,0.038000,0.779700,0.771967,0.771967,0.752930,0.830890,0.719217,0.398982,0.467294,0.398982,0.518990,0.070196,0.593335,0.611170,0.395154,0.732938,0.785681,0.751266,0.985452,0.601018,0.500000,0.033674,0.123360,0.162241,24.880000,0.779700,97.701145,50.000000
without_incentive,medium,16,1016,3.920000,3.008000,3.896000,3.008000,0.888000,0.024000,0.774200,0.769933,0.769933,0.750775,0.784830,0.730511,0.400706,0.470972,0.400706,0.525158,0.067372,0.596465,0.637542,0.397973,0.731133,0.784598,0.745862,0.985358,0.599294,0.500000,0.033034,0.121232,0.159223,24.064000,0.774200,96.848697,50.000000
without_incentive,medium,17,1017,4.048000,3.132000,4.002000,3.132000,0.870000,0.046000,0.780800,0.772100,0.772100,0.753074,0.806763,0.725978,0.391728,0.464996,0.391728,0.537687,0.068506,0.602784,0.638904,0.387070,0.736542,0.788746,0.758187,0.985487,0.608272,0.500000,0.033655,0.122943,0.163659,25.056000,0.780800,96.245712,50.000000
without_incentive,medium,18,1018,3.982000,3.136000,3.954000,3.136000,0.818000,0.028000,0.790967,0.785200,0.785200,0.765814,0.850115,0.721096,0.396222,0.457789,0.396222,0.541560,0.069726,0.610192,0.642575,0.393153,0.735914,0.789999,0.757185,0.985462,0.603778,0.500000,0.033096,0.121645,0.162552,25.088000,0.790967,95.828842,50.000000
without_incentive,medium,19,1019,3.978000,3.090000,3.946000,3.090000,0.856000,0.032000,0.784533,0.778867,0.778867,0.759531,0.820760,0.726883,0.389182,0.462342,0.389182,0.527788,0.068279,0.603531,0.661503,0.385658,0.737525,0.788944,0.760549,0.985357,0.610818,0.500000,0.033017,0.122807,0.162731,24.720000,0.784533,95.705196,50.000000
without_incentive,medium,20,1020,3.982000,3.040000,3.938000,3.040000,0.898000,0.044000,0.773967,0.765200,0.765200,0.746416,0.849345,0.715891,0.389031,0.455262,0.389031,0.535282,0.071027,0.605246,0.629716,0.384134,0.735696,0.787297,0.754121,0.985547,0.610969,0.500000,0.032930,0.119616,0.161324,24.320000,0.773967,96.776884,50.000000
without_incentive,medium,21,1021,4.036000,3.116000,4.010000,3.116000,0.894000,0.026000,0.777400,0.772167,0.772167,0.752942,0.817586,0.720345,0.407886,0.470399,0.407886,0.526004,0.069914,0.597059,0.625006,0.404851,0.732242,0.788159,0.751754,0.985400,0.592114,0.500000,0.033508,0.123168,0.165326,24.928000,0.777400,94.810500,50.000000
without_incentive,medium,22,1022,3.982000,3.098000,3.940000,3.098000,0.842000,0.042000,0.784233,0.775767,0.775767,0.756481,0.811341,0.716921,0.388267,0.463996,0.388267,0.536641,0.070770,0.607807,0.647172,0.383818,0.736614,0.788499,0.756325,0.985352,0.611733,0.500000,0.033033,0.121665,0.162863,24.784000,0.784233,94.764046,50.000000
without_incentive,medium,23,1023,4.022000,3.086000,3.974000,3.086000,0.888000,0.048000,0.780067,0.769300,0.769300,0.750436,0.787157,0.713772,0.394512,0.467554,0.394512,0.525118,0.071557,0.601096,0.633067,0.389039,0.731899,0.786016,0.742807,0.985471,0.605488,0.500000,0.033425,0.123481,0.161622,24.688000,0.780067,95.565883,50.000000
without_incentive,medium,24,1024,4.068000,3.116000,4.024000,3.116000,0.908000,0.044000,0.776067,0.766833,0.766833,0.747978,0.824084,0.718653,0.390745,0.463359,0.390745,0.532343,0.070337,0.603735,0.634770,0.385549,0.734839,0.788113,0.750543,0.985534,0.609255,0.500000,0.033754,0.122624,0.164592,24.928000,0.776067,96.690813,50.000000
without_incentive,medium,25,1025,4.046000,3.152000,3.986000,3.152000,0.834000,0.060000,0.790567,0.779233,0.779233,0.759927,0.845095,0.730355,0.397233,0.468139,0.397233,0.534974,0.067411,0.608075,0.654615,0.390413,0.735021,0.787811,0.756745,0.985348,0.602767,0.500000,0.033543,0.123483,0.164764,25.216000,0.790567,95.554678,50.000000
without_incentive,medium,26,1026,4.024000,3.096000,3.984000,3.096000,0.888000,0.040000,0.775700,0.768900,0.768900,0.749999,0.816625,0.723376,0.393745,0.460547,0.393745,0.527025,0.069156,0.601844,0.646384,0.389363,0.734250,0.785575,0.753320,0.985527,0.606255,0.500000,0.033273,0.121890,0.162830,24.768000,0.775700,95.751708,50.000000
without_incentive,medium,27,1027,4.010000,3.108000,3.984000,3.108000,0.876000,0.026000,0.778100,0.773967,0.773967,0.754921,0.820075,0.713182,0.393265,0.462691,0.393265,0.529050,0.071705,0.603469,0.635545,0.389986,0.735922,0.788166,0.757263,0.985504,0.606735,0.500000,0.033278,0.122152,0.163390,24.864000,0.778100,96.322924,50.000000
without_incentive,medium,28,1028,3.994000,3.110000,3.924000,3.110000,0.814000,0.070000,0.793533,0.779000,0.779000,0.759806,0.804107,0.727340,0.391178,0.468113,0.391178,0.526255,0.068165,0.602969,0.659193,0.384216,0.737520,0.791420,0.758893,0.985406,0.608822,0.500000,0.032809,0.121254,0.161228,24.880000,0.793533,95.170501,50.000000
without_incentive,medium,29,1029,4.084000,3.172000,4.058000,3.172000,0.886000,0.026000,0.780933,0.775900,0.775900,0.756753,0.803147,0.714773,0.388574,0.463791,0.388574,0.533727,0.071307,0.601100,0.620088,0.385819,0.736841,0.789078,0.756752,0.985491,0.611426,0.500000,0.034020,0.126353,0.163007,25.376000,0.780933,95.379725,50.000000
without_incentive,medium,30,1030,4.022000,3.094000,3.970000,3.094000,0.876000,0.052000,0.777633,0.767367,0.767367,0.748613,0.831962,0.709286,0.386147,0.454726,0.386147,0.533824,0.072679,0.606541,0.633330,0.380093,0.737016,0.789686,0.754948,0.985501,0.613853,0.500000,0.033138,0.122092,0.161448,24.752000,0.777633,96.302636,50.000000
without_incentive,medium,31,1031,3.926000,3.006000,3.910000,3.006000,0.904000,0.016000,0.768733,0.765700,0.765700,0.746699,0.817130,0.724903,0.389164,0.455051,0.389164,0.520986,0.068774,0.589533,0.600590,0.387456,0.734027,0.785719,0.748756,0.985454,0.610836,0.500000,0.033064,0.119287,0.161163,24.048000,0.768733,96.919747,50.000000
without_incentive,medium,32,1032,3.974000,3.068000,3.944000,3.068000,0.876000,0.030000,0.778567,0.773233,0.773233,0.754245,0.803994,0.726212,0.393523,0.456573,0.393523,0.530530,0.068447,0.602660,0.646519,0.390601,0.734104,0.787945,0.749496,0.985576,0.606477,0.500000,0.032738,0.119881,0.160363,24.544000,0.778567,95.489033,50.000000
without_incentive,medium,33,1033,4.012000,3.020000,3.930000,3.020000,0.910000,0.082000,0.771067,0.755800,0.755800,0.737304,0.817364,0.725853,0.406330,0.476536,0.406330,0.520141,0.068537,0.594287,0.622898,0.396924,0.730322,0.786441,0.744065,0.985443,0.593670,0.500000,0.033020,0.121065,0.160890,24.160000,0.771067,95.945768,50.000000
without_incentive,medium,34,1034,4.026000,3.108000,3.986000,3.108000,0.878000,0.040000,0.779100,0.770833,0.770833,0.751866,0.797356,0.722037,0.399361,0.465926,0.399361,0.533031,0.069491,0.604445,0.646585,0.395183,0.733504,0.787235,0.752132,0.985484,0.600639,0.500000,0.033654,0.123839,0.161096,24.864000,0.779100,97.385213,50.000000
without_incentive,medium,35,1035,4.016000,3.108000,3.986000,3.108000,0.878000,0.030000,0.779967,0.772833,0.772833,0.753789,0.813263,0.718205,0.391345,0.456479,0.391345,0.535018,0.070449,0.601877,0.626155,0.387670,0.736092,0.788566,0.756108,0.985478,0.608655,0.500000,0.033296,0.122165,0.163153,24.864000,0.779967,96.410193,50.000000
without_incentive,medium,36,1036,4.052000,3.162000,4.010000,3.162000,0.848000,0.042000,0.784900,0.777300,0.777300,0.758184,0.827581,0.732282,0.383283,0.457173,0.383283,0.526241,0.066930,0.594295,0.617342,0.378528,0.740030,0.789835,0.766178,0.985500,0.616717,0.500000,0.033603,0.124096,0.162444,25.296000,0.784900,96.338225,50.000000
without_incentive,medium,37,1037,3.996000,3.208000,3.978000,3.208000,0.770000,0.018000,0.804967,0.800900,0.800900,0.781091,0.831669,0.736062,0.387658,0.458757,0.387658,0.518498,0.065984,0.589622,0.610508,0.385841,0.740492,0.791459,0.769534,0.985465,0.612342,0.500000,0.033640,0.121875,0.163361,25.664000,0.804967,95.588433,50.000000
without_incentive,medium,38,1038,4.030000,3.102000,4.010000,3.102000,0.908000,0.020000,0.773600,0.770400,0.770400,0.751537,0.816251,0.712827,0.402303,0.469687,0.402303,0.535958,0.071793,0.608771,0.649397,0.400350,0.732118,0.787219,0.748018,0.985622,0.597697,0.500000,0.033575,0.122462,0.162136,24.816000,0.773600,95.833041,50.000000
without_incentive,medium,39,1039,3.966000,3.092000,3.928000,3.092000,0.836000,0.038000,0.792200,0.785400,0.785400,0.766031,0.831454,0.723795,0.388949,0.459497,0.388949,0.524846,0.069051,0.600613,0.647609,0.385027,0.738034,0.791083,0.759909,0.985472,0.611051,0.500000,0.032801,0.121234,0.161014,24.736000,0.792200,95.089828,50.000000
without_incentive,medium,40,1040,3.988000,3.076000,3.964000,3.076000,0.888000,0.024000,0.777400,0.772067,0.772067,0.753196,0.838107,0.726872,0.405646,0.474493,0.405646,0.522491,0.068282,0.598563,0.647525,0.402722,0.730408,0.785157,0.745407,0.985625,0.594354,0.500000,0.033220,0.120135,0.161081,24.608000,0.777400,96.271639,50.000000
without_incentive,medium,41,1041,3.990000,3.156000,3.970000,3.156000,0.814000,0.020000,0.795567,0.791700,0.791700,0.772076,0.830662,0.719483,0.393417,0.458013,0.393417,0.532055,0.070129,0.600401,0.623409,0.391008,0.737500,0.789964,0.762241,0.985491,0.606583,0.500000,0.033398,0.121565,0.163287,25.248000,0.795567,95.590675,50.000000
without_incentive,medium,42,1042,4.054000,3.082000,3.998000,3.082000,0.916000,0.056000,0.768367,0.757867,0.757867,0.739132,0.792672,0.725441,0.396278,0.469292,0.396278,0.524944,0.068640,0.598414,0.638058,0.390335,0.734292,0.787162,0.753519,0.985403,0.603722,0.500000,0.033863,0.123294,0.164543,24.656000,0.768367,96.287594,50.000000
without_incentive,medium,43,1043,4.036000,3.096000,3.976000,3.096000,0.880000,0.060000,0.778533,0.766167,0.766167,0.747371,0.799259,0.716253,0.395770,0.469241,0.395770,0.535844,0.070937,0.604497,0.634540,0.388993,0.733517,0.788733,0.747648,0.985453,0.604230,0.500000,0.033124,0.123501,0.162391,24.768000,0.778533,95.095686,50.000000
without_incentive,medium,44,1044,4.034000,3.128000,4.014000,3.128000,0.886000,0.020000,0.777867,0.774167,0.774167,0.754958,0.835247,0.712364,0.398935,0.466544,0.398935,0.525794,0.071909,0.599609,0.623610,0.396850,0.732622,0.786130,0.749238,0.985463,0.601065,0.500000,0.033881,0.123504,0.164254,25.024000,0.777867,97.152748,50.000000
without_incentive,medium,45,1045,4.020000,3.138000,3.978000,3.138000,0.840000,0.042000,0.790700,0.781233,0.781233,0.761812,0.812554,0.724365,0.395736,0.466934,0.395736,0.536164,0.068909,0.609290,0.659782,0.391385,0.736317,0.789156,0.759778,0.985338,0.604264,0.500000,0.033770,0.123443,0.163947,25.104000,0.790700,96.226869,50.000000
without_incentive,medium,46,1046,3.970000,3.082000,3.946000,3.082000,0.864000,0.024000,0.780400,0.775800,0.775800,0.756497,0.817662,0.718196,0.389474,0.456004,0.389474,0.525247,0.070451,0.597209,0.630396,0.386733,0.735713,0.787704,0.754146,0.985384,0.610526,0.500000,0.033091,0.122369,0.162201,24.656000,0.780400,96.304548,50.000000
without_incentive,medium,47,1047,4.038000,3.094000,3.978000,3.094000,0.884000,0.060000,0.781367,0.768800,0.768800,0.749949,0.821996,0.723469,0.396959,0.466304,0.396959,0.531376,0.069133,0.601202,0.628439,0.390089,0.733669,0.787330,0.750929,0.985516,0.603041,0.500000,0.033432,0.122440,0.162459,24.752000,0.781367,95.993384,50.000000
without_incentive,medium,48,1048,4.008000,3.138000,3.976000,3.138000,0.838000,0.032000,0.790800,0.783933,0.783933,0.764330,0.833917,0.723152,0.396348,0.464891,0.396348,0.540166,0.069212,0.607922,0.651024,0.392498,0.734710,0.787473,0.755155,0.985281,0.603652,0.500000,0.034005,0.124810,0.163932,25.104000,0.790800,97.328574,50.000000
without_incentive,medium,49,1049,4.016000,3.090000,3.968000,3.090000,0.878000,0.048000,0.781500,0.772200,0.772200,0.753281,0.811797,0.721618,0.399059,0.470186,0.399059,0.521787,0.069596,0.597784,0.639259,0.394158,0.733889,0.786998,0.753894,0.985538,0.600941,0.500000,0.033354,0.120404,0.162750,24.720000,0.781500,96.620445,50.000000
without_preference,extreme,0,1000,10.496000,6.210000,9.518000,6.210000,3.308000,0.876000,0.652016,0.591907,0.597733,0.571191,0.929927,0.678005,0.520009,0.575132,0.520009,0.465351,0.080499,0.580551,0.580368,0.466069,0.670412,0.692400,0.492611,0.977932,0.479991,0.753731,0.095613,0.460849,0.616145,49.680000,0.652016,96.421223,49.038000
without_preference,extreme,1,1001,10.440000,6.028000,9.348000,6.028000,3.320000,1.008000,0.644228,0.579348,0.584233,0.559346,0.912944,0.692617,0.512767,0.573912,0.512767,0.447260,0.076846,0.560161,0.535582,0.454200,0.671905,0.697204,0.489858,0.977962,0.487233,0.751085,0.093287,0.454913,0.601155,48.224000,0.644228,95.338411,49.454000
without_preference,extreme,2,1002,10.540000,6.100000,9.378000,6.100000,3.278000,1.084000,0.650145,0.578637,0.582735,0.558877,0.925985,0.684094,0.520651,0.580820,0.520651,0.451361,0.078977,0.572528,0.583129,0.456412,0.669658,0.694704,0.489013,0.978035,0.479349,0.750705,0.093971,0.452327,0.602034,48.800000,0.650145,96.104313,49.370000
without_preference,extreme,3,1003,10.502000,6.116000,9.558000,6.116000,3.442000,0.902000,0.640977,0.582184,0.584374,0.561772,0.925078,0.691986,0.520242,0.583192,0.520242,0.442516,0.077004,0.560672,0.541960,0.468278,0.669199,0.693352,0.488962,0.977824,0.479758,0.750075,0.096084,0.465741,0.621187,48.928000,0.640977,95.852951,49.494000
without_preference,extreme,4,1004,10.496000,5.886000,9.258000,5.886000,3.372000,1.146000,0.634630,0.561576,0.565873,0.542172,0.929366,0.694350,0.521640,0.582606,0.521640,0.444022,0.076412,0.560273,0.546427,0.453583,0.665001,0.691323,0.480213,0.977708,0.478360,0.741447,0.093016,0.452210,0.605362,47.088000,0.634630,96.729930,49.330000
without_preference,extreme,5,1005,10.458000,6.106000,9.410000,6.106000,3.304000,0.994000,0.649554,0.585327,0.588334,0.564823,0.921042,0.697587,0.528714,0.584639,0.528714,0.438907,0.075603,0.559670,0.547729,0.470718,0.667185,0.693128,0.487027,0.977728,0.471286,0.749515,0.094689,0.460737,0.612661,48.848000,0.649554,97.056688,49.356000
without_preference,extreme,6,1006,10.438000,6.260000,9.540000,6.260000,3.280000,0.804000,0.656408,0.599733,0.605244,0.578567,0.930010,0.688530,0.522093,0.579169,0.522093,0.448199,0.077868,0.567943,0.562667,0.472502,0.670140,0.695008,0.490885,0.977869,0.477907,0.752205,0.095771,0.462031,0.622073,50.080000,0.656408,96.482203,49.302000
without_preference,extreme,7,1007,10.552000,5.826000,9.342000,5.826000,3.516000,1.130000,0.623829,0.551815,0.555894,0.532896,0.929658,0.705144,0.521913,0.586159,0.521913,0.433752,0.073714,0.552141,0.527832,0.456530,0.664048,0.690419,0.479070,0.977824,0.478087,0.738917,0.093877,0.452968,0.610482,46.608000,0.623829,96.683409,49.242000
without_preference,extreme,8,1008,10.566000,6.016000,9.484000,6.016000,3.468000,0.992000,0.633308,0.568561,0.573542,0.548728,0.918286,0.685728,0.517386,0.578804,0.517386,0.449983,0.078568,0.560598,0.533903,0.460027,0.666301,0.689746,0.483182,0.977730,0.482614,0.743644,0.095961,0.465130,0.617501,48.128000,0.633308,96.705567,49.106000
without_preference,extreme,9,1009,10.494000,6.104000,9.430000,6.104000,3.326000,0.998000,0.646307,0.581115,0.584662,0.561108,0.929197,0.688878,0.524812,0.582036,0.524812,0.451534,0.077781,0.570349,0.568561,0.465703,0.668693,0.694448,0.488381,0.978027,0.475188,0.750357,0.094261,0.454523,0.605638,48.832000,0.646307,96.379317,49.434000
without_preference,extreme,10,1010,10.476000,6.284000,9.780000,6.284000,3.496000,0.652000,0.641534,0.599215,0.601661,0.577587,0.923980,0.698769,0.524823,0.579502,0.524823,0.440498,0.075308,0.561721,0.554580,0.486824,0.669574,0.695328,0.489804,0.977774,0.475177,0.752542,0.098783,0.479076,0.635999,50.272000,0.641534,96.327577,49.612000
without_preference,extreme,11,1011,10.526000,6.364000,9.862000,6.364000,3.498000,0.554000,0.644343,0.603905,0.609867,0.582149,0.924592,0.687514,0.527813,0.578050,0.527813,0.447009,0.078122,0.564053,0.549225,0.490550,0.667358,0.691678,0.489017,0.977828,0.472187,0.749312,0.099259,0.480407,0.640606,50.912000,0.644343,95.927196,49.018000
without_preference,extreme,12,1012,10.502000,6.038000,9.496000,6.038000,3.458000,0.968000,0.635579,0.574030,0.576105,0.553908,0.926119,0.714344,0.522999,0.585715,0.522999,0.422239,0.071414,0.543682,0.514100,0.467876,0.669463,0.696555,0.487741,0.977750,0.477001,0.750779,0.095749,0.466419,0.616597,48.304000,0.635579,97.152359,49.684000
without_preference,extreme,13,1013,10.514000,6.066000,9.348000,6.066000,3.282000,1.098000,0.649420,0.577079,0.580851,0.557182,0.937505,0.696147,0.524299,0.584370,0.524299,0.439651,0.075963,0.558224,0.537562,0.460551,0.668358,0.695913,0.486320,0.977866,0.475701,0.748299,0.094457,0.450895,0.611186,48.528000,0.649420,96.301591,49.348000
without_preference,extreme,14,1014,10.574000,6.032000,9.362000,6.032000,3.330000,1.136000,0.645598,0.571325,0.575107,0.551675,0.920484,0.698979,0.518922,0.582392,0.518922,0.436650,0.075255,0.555570,0.537009,0.453566,0.667343,0.692948,0.484011,0.977854,0.481078,0.744866,0.094121,0.457308,0.607646,48.256000,0.645598,96.668831,49.182000
without_preference,extreme,15,1015,10.528000,5.976000,9.392000,5.976000,3.416000,1.062000,0.637081,0.567744,0.571441,0.548008,0.922907,0.691609,0.529939,0.588687,0.529939,0.444287,0.077098,0.562035,0.552307,0.466804,0.664836,0.690626,0.483618,0.977789,0.470061,0.745300,0.094262,0.459966,0.609390,47.808000,0.637081,96.425273,49.178000
without_preference,extreme,16,1016,10.510000,6.080000,9.528000,6.080000,3.448000,0.898000,0.638725,0.579432,0.583874,0.559042,0.930854,0.696623,0.524988,0.582009,0.524988,0.441026,0.075844,0.559295,0.548790,0.470352,0.666685,0.689924,0.487223,0.977847,0.475012,0.747747,0.096377,0.464470,0.617934,48.640000,0.638725,96.571486,49.162000
without_preference,extreme,17,1017,10.520000,5.974000,9.556000,5.974000,3.582000,0.860000,0.623655,0.566885,0.572579,0.546931,0.914716,0.690492,0.515651,0.574107,0.515651,0.435117,0.077377,0.551450,0.519407,0.463272,0.665596,0.689732,0.481152,0.977750,0.484349,0.740386,0.096773,0.467788,0.620912,47.792000,0.623655,96.664987,49.180000
without_preference,extreme,18,1018,10.480000,6.184000,9.504000,6.184000,3.320000,0.876000,0.649461,0.589637,0.595024,0.568926,0.916037,0.689110,0.523448,0.576104,0.523448,0.455206,0.077723,0.570904,0.560898,0.468150,0.669926,0.693040,0.492309,0.977821,0.476552,0.753705,0.096044,0.459549,0.621836,49.472000,0.649461,96.532822,49.314000
without_preference,extreme,19,1019,10.520000,5.962000,9.398000,5.962000,3.436000,1.026000,0.636028,0.565711,0.570785,0.546030,0.930625,0.696322,0.526256,0.582714,0.526256,0.440833,0.075919,0.562100,0.565054,0.464532,0.664780,0.690687,0.481787,0.977718,0.473744,0.743690,0.094944,0.460450,0.615878,47.696000,0.636028,96.756270,49.156000
without_preference,extreme,20,1020,10.484000,5.922000,9.212000,5.922000,3.290000,1.230000,0.643578,0.564437,0.566713,0.545191,0.925501,0.696397,0.518267,0.587405,0.518267,0.450882,0.075901,0.567364,0.559283,0.449434,0.669469,0.694854,0.487103,0.977913,0.481733,0.749604,0.093079,0.447416,0.595277,47.376000,0.643578,96.215423,49.530000
without_preference,extreme,21,1021,10.470000,6.074000,9.442000,6.074000,3.368000,0.924000,0.643243,0.579844,0.585359,0.559497,0.910357,0.686350,0.520842,0.580515,0.520842,0.448590,0.078412,0.565603,0.556641,0.464383,0.666233,0.690124,0.484458,0.977682,0.479158,0.744410,0.095798,0.459148,0.620294,48.592000,0.643243,96.224183,49.050000
without_preference,extreme,22,1022,10.368000,5.840000,9.100000,5.840000,3.260000,1.182000,0.642157,0.563740,0.568007,0.544402,0.918386,0.691917,0.514792,0.580441,0.514792,0.449384,0.077021,0.564857,0.547071,0.444974,0.666723,0.692499,0.481255,0.977781,0.485208,0.741513,0.091942,0.444199,0.592646,46.720000,0.642157,95.952938,49.278000
without_preference,extreme,23,1023,10.516000,6.062000,9.338000,6.062000,3.276000,1.120000,0.647473,0.577026,0.579867,0.557193,0.926539,0.683620,0.513285,0.577884,0.513285,0.453549,0.079095,0.573841,0.580869,0.449956,0.671138,0.694091,0.490555,0.977964,0.486715,0.751258,0.094016,0.456107,0.598476,48.496000,0.647473,96.501117,49.432000
without_preference,extreme,24,1024,10.510000,6.154000,9.474000,6.154000,3.320000,0.922000,0.649183,0.585343,0.591433,0.564774,0.918235,0.677518,0.510624,0.568486,0.510624,0.462345,0.080620,0.576673,0.565195,0.454828,0.671921,0.694007,0.491844,0.977686,0.489376,0.751991,0.095522,0.465064,0.618692,49.232000,0.649183,95.433813,49.162000
without_preference,extreme,25,1025,10.438000,6.268000,9.564000,6.268000,3.296000,0.786000,0.654908,0.601223,0.605914,0.580018,0.922871,0.675172,0.506288,0.567849,0.506288,0.467497,0.081207,0.580997,0.583478,0.460156,0.673538,0.693472,0.494698,0.977931,0.493712,0.754203,0.096018,0.463187,0.618917,50.144000,0.654908,96.137050,49.146000
without_preference,extreme,26,1026,10.516000,5.992000,9.360000,5.992000,3.368000,1.086000,0.639461,0.569309,0.572946,0.549594,0.924470,0.696973,0.518213,0.582930,0.518213,0.442161,0.075757,0.557923,0.535262,0.455759,0.666826,0.692950,0.482347,0.977658,0.481787,0.743465,0.094473,0.460223,0.611516,47.936000,0.639461,96.228435,49.308000
without_preference,extreme,27,1027,10.420000,6.182000,9.764000,6.182000,3.582000,0.558000,0.632805,0.592730,0.598345,0.571279,0.924856,0.685271,0.510366,0.564803,0.510366,0.449030,0.078682,0.559415,0.521665,0.474904,0.669519,0.688837,0.489705,0.977695,0.489634,0.748785,0.099013,0.476292,0.640746,49.456000,0.632805,97.014131,49.040000
without_preference,extreme,28,1028,10.496000,5.996000,9.328000,5.996000,3.332000,1.094000,0.642142,0.569969,0.573616,0.550254,0.926375,0.681681,0.519915,0.581780,0.519915,0.452925,0.079580,0.566659,0.551045,0.455967,0.668570,0.694381,0.486301,0.977759,0.480085,0.747872,0.094187,0.455128,0.608144,47.968000,0.642142,96.126541,49.432000
without_preference,extreme,29,1029,10.592000,6.232000,9.614000,6.232000,3.382000,0.902000,0.647724,0.588369,0.592388,0.567880,0.936933,0.701734,0.521175,0.581039,0.521175,0.438197,0.074566,0.557575,0.538382,0.468015,0.669806,0.694639,0.489671,0.977986,0.478825,0.751397,0.097007,0.463142,0.621429,49.856000,0.647724,97.053414,49.342000
without_preference,extreme,30,1030,10.464000,5.840000,9.058000,5.840000,3.218000,1.344000,0.645703,0.558389,0.561494,0.539555,0.922128,0.703365,0.526343,0.589908,0.526343,0.439152,0.074159,0.560308,0.550188,0.449045,0.668717,0.695247,0.487788,0.977938,0.473657,0.751577,0.090940,0.439662,0.587231,46.720000,0.645703,96.883896,49.352000
without_preference,extreme,31,1031,10.486000,5.952000,9.404000,5.952000,3.452000,1.024000,0.632251,0.567916,0.570843,0.548195,0.933571,0.692146,0.531437,0.586690,0.531437,0.446896,0.076963,0.561936,0.538708,0.471389,0.666757,0.695964,0.484331,0.977843,0.468563,0.748418,0.094938,0.459017,0.609005,47.616000,0.632251,95.239595,49.344000
without_preference,extreme,32,1032,10.518000,6.122000,9.558000,6.122000,3.436000,0.900000,0.639817,0.582012,0.585002,0.561552,0.929742,0.698688,0.525945,0.583478,0.525945,0.438307,0.075328,0.559212,0.549300,0.472593,0.668055,0.693788,0.487926,0.977881,0.474055,0.749513,0.096248,0.467023,0.616510,48.976000,0.639817,95.857715,49.476000
without_preference,extreme,33,1033,10.422000,5.868000,9.100000,5.868000,3.232000,1.292000,0.646547,0.563870,0.565368,0.544769,0.924998,0.699602,0.508680,0.580422,0.508680,0.436605,0.075099,0.553978,0.543501,0.437883,0.671232,0.695771,0.487666,0.977890,0.491320,0.748344,0.092175,0.442594,0.587060,46.944000,0.646547,95.779084,49.688000
without_preference,extreme,34,1034,10.570000,5.884000,9.336000,5.884000,3.452000,1.154000,0.627247,0.555182,0.559498,0.535828,0.929626,0.695279,0.522108,0.582479,0.522108,0.443468,0.076180,0.559887,0.543360,0.454342,0.664084,0.690866,0.478727,0.977564,0.477892,0.739301,0.094943,0.461378,0.614286,47.072000,0.627247,96.619210,49.346000
without_preference,extreme,35,1035,10.558000,5.834000,9.210000,5.834000,3.376000,1.268000,0.632381,0.552472,0.556192,0.533518,0.916025,0.694335,0.517665,0.579352,0.517665,0.450601,0.076416,0.563547,0.547284,0.444092,0.667677,0.691717,0.484805,0.977673,0.482335,0.746786,0.093155,0.453134,0.600573,46.672000,0.632381,96.679828,49.308000
without_preference,extreme,36,1036,10.470000,5.904000,9.168000,5.904000,3.264000,1.216000,0.643243,0.563894,0.568720,0.544635,0.919661,0.687040,0.509895,0.580042,0.509895,0.456355,0.078240,0.567725,0.556934,0.440634,0.668270,0.691097,0.484688,0.977727,0.490105,0.743708,0.092684,0.446756,0.598842,47.232000,0.643243,97.336508,49.112000
without_preference,extreme,37,1037,10.496000,6.106000,9.472000,6.106000,3.366000,0.956000,0.646789,0.582925,0.586506,0.562659,0.919484,0.698406,0.526206,0.586502,0.526206,0.437614,0.075398,0.555592,0.521856,0.469643,0.666719,0.694668,0.484055,0.977951,0.473794,0.745385,0.094947,0.458856,0.611850,48.848000,0.646789,95.199249,49.262000
without_preference,extreme,38,1038,10.474000,6.386000,9.698000,6.386000,3.312000,0.718000,0.658187,0.609925,0.613155,0.588141,0.931803,0.678580,0.516993,0.573831,0.516993,0.455783,0.080355,0.569785,0.550921,0.474467,0.671330,0.691425,0.494584,0.977768,0.483007,0.755385,0.097803,0.472256,0.633061,51.088000,0.658187,96.558872,49.324000
without_preference,extreme,39,1039,10.482000,5.948000,9.424000,5.948000,3.476000,0.970000,0.628870,0.567455,0.571664,0.547458,0.930533,0.690515,0.535341,0.586662,0.535341,0.447739,0.077371,0.567858,0.563779,0.475795,0.662326,0.689681,0.480126,0.977647,0.464659,0.742013,0.095397,0.461713,0.618943,47.584000,0.628870,96.034260,49.286000
without_preference,extreme,40,1040,10.436000,5.962000,9.182000,5.962000,3.220000,1.192000,0.650869,0.570345,0.573692,0.550851,0.928041,0.696780,0.523366,0.586580,0.523366,0.439498,0.075805,0.557887,0.537422,0.454138,0.667722,0.696536,0.484017,0.977705,0.476634,0.745746,0.092699,0.451978,0.594210,47.696000,0.650869,96.390021,49.412000
without_preference,extreme,41,1041,10.550000,5.828000,9.244000,5.828000,3.416000,1.234000,0.629686,0.552304,0.555568,0.533209,0.924470,0.702019,0.527483,0.587654,0.527483,0.427016,0.074495,0.547250,0.522415,0.455325,0.664127,0.691908,0.479915,0.977513,0.472517,0.741664,0.093888,0.455530,0.610714,46.624000,0.629686,96.050046,49.332000
without_preference,extreme,42,1042,10.536000,6.126000,9.552000,6.126000,3.426000,0.926000,0.641451,0.581792,0.584647,0.561308,0.937550,0.706710,0.527357,0.583357,0.527357,0.426973,0.073322,0.552210,0.536981,0.473138,0.668511,0.693738,0.489566,0.977751,0.472643,0.751690,0.095963,0.470513,0.620836,49.008000,0.641451,95.660320,49.480000
without_preference,extreme,43,1043,10.510000,5.900000,9.218000,5.900000,3.318000,1.218000,0.642721,0.561165,0.564953,0.542052,0.915468,0.688471,0.519053,0.582813,0.519053,0.443763,0.077882,0.559473,0.537386,0.448584,0.666430,0.692340,0.482096,0.977795,0.480947,0.743142,0.092717,0.448276,0.603374,47.200000,0.642721,97.116838,49.318000
without_preference,extreme,44,1044,10.654000,6.262000,9.708000,6.262000,3.446000,0.854000,0.645763,0.588623,0.593127,0.567921,0.934531,0.687092,0.519587,0.579841,0.519587,0.448532,0.078227,0.566267,0.548975,0.468866,0.667646,0.691378,0.486267,0.977859,0.480413,0.746950,0.097566,0.471326,0.630442,50.096000,0.645763,96.152849,49.192000
without_preference,extreme,45,1045,10.512000,6.044000,9.498000,6.044000,3.454000,0.932000,0.634930,0.573959,0.578471,0.553883,0.927270,0.695906,0.529833,0.583816,0.529833,0.444318,0.076024,0.561292,0.546211,0.473069,0.665042,0.692964,0.482241,0.977837,0.470167,0.744320,0.095077,0.459825,0.619476,48.352000,0.634930,96.488894,49.370000
without_preference,extreme,46,1046,10.532000,6.080000,9.436000,6.080000,3.356000,1.018000,0.644855,0.576355,0.580513,0.556249,0.934828,0.693742,0.524368,0.580409,0.524368,0.448627,0.076564,0.564518,0.546745,0.464348,0.666736,0.691322,0.485635,0.977733,0.475632,0.747335,0.095355,0.463105,0.613674,48.640000,0.644855,96.608393,49.356000
without_preference,extreme,47,1047,10.490000,6.114000,9.446000,6.114000,3.332000,0.952000,0.646969,0.582176,0.587532,0.561780,0.936189,0.685949,0.512789,0.574738,0.512789,0.453354,0.078513,0.569603,0.555786,0.457033,0.671117,0.692704,0.491582,0.977705,0.487211,0.751837,0.095329,0.461973,0.618098,48.912000,0.646969,96.509334,49.348000
without_preference,extreme,48,1048,10.540000,6.064000,9.524000,6.064000,3.460000,0.922000,0.637176,0.575811,0.580697,0.555468,0.926728,0.694826,0.515052,0.575388,0.515052,0.450787,0.076294,0.565605,0.548229,0.459871,0.667232,0.689715,0.484982,0.977621,0.484948,0.744656,0.096973,0.466974,0.627595,48.512000,0.637176,95.987400,49.124000
without_preference,extreme,49,1049,10.508000,5.846000,9.312000,5.846000,3.466000,1.162000,0.627631,0.557431,0.558789,0.538253,0.929263,0.697393,0.528817,0.587730,0.528817,0.435082,0.075652,0.556673,0.542728,0.462837,0.663740,0.693379,0.477758,0.977828,0.471183,0.740787,0.094157,0.454781,0.601761,46.768000,0.627631,95.529471,49.562000
without_preference,high,0,1000,7.022000,4.984000,6.802000,4.984000,1.818000,0.220000,0.731814,0.709810,0.709810,0.688264,0.872814,0.687301,0.466829,0.533138,0.466829,0.493476,0.078175,0.592776,0.600139,0.449835,0.710682,0.747751,0.529835,0.981836,0.533171,0.796388,0.063025,0.266437,0.356540,39.872000,0.731814,96.737061,50.000000
without_preference,high,1,1001,7.028000,4.840000,6.704000,4.840000,1.864000,0.324000,0.722605,0.688893,0.688893,0.668393,0.870244,0.700367,0.458137,0.530079,0.458137,0.485371,0.074908,0.579355,0.575450,0.433631,0.710027,0.747119,0.524893,0.981926,0.541863,0.791317,0.061958,0.261704,0.348418,38.720000,0.722605,96.820495,50.000000
without_preference,high,2,1002,6.992000,4.800000,6.652000,4.800000,1.852000,0.340000,0.722395,0.685976,0.685976,0.665387,0.872695,0.699264,0.468668,0.535785,0.468668,0.484978,0.075184,0.582697,0.588024,0.441864,0.706918,0.746535,0.521734,0.981739,0.531332,0.788570,0.061655,0.263694,0.348905,38.400000,0.722395,96.973916,50.000000
without_preference,high,3,1003,6.988000,4.848000,6.656000,4.848000,1.808000,0.332000,0.729038,0.694702,0.694702,0.673740,0.834761,0.709445,0.463081,0.537861,0.463081,0.487029,0.072639,0.583804,0.606996,0.438304,0.707958,0.746850,0.522467,0.981717,0.536919,0.787739,0.061430,0.265328,0.348244,38.784000,0.729038,96.115969,50.000000
without_preference,high,4,1004,7.028000,4.860000,6.662000,4.860000,1.802000,0.366000,0.728374,0.689869,0.689869,0.669406,0.870852,0.704549,0.477078,0.546562,0.477078,0.476069,0.073863,0.577027,0.580581,0.449294,0.705650,0.748505,0.520485,0.981921,0.522922,0.787568,0.060996,0.260429,0.347262,38.880000,0.728374,95.427126,50.000000
without_preference,high,5,1005,7.050000,5.032000,6.840000,5.032000,1.808000,0.210000,0.736448,0.714333,0.714333,0.692583,0.853924,0.696051,0.467763,0.532585,0.467763,0.495672,0.075987,0.591655,0.605700,0.452089,0.708998,0.747487,0.526214,0.981810,0.532237,0.792510,0.063026,0.268379,0.359588,40.256000,0.736448,96.051814,49.996000
without_preference,high,6,1006,7.038000,4.814000,6.706000,4.814000,1.892000,0.332000,0.719760,0.686060,0.686060,0.665486,0.885291,0.692487,0.472862,0.538845,0.472862,0.482630,0.076878,0.585577,0.598925,0.447584,0.705433,0.747285,0.518898,0.981815,0.527138,0.786306,0.061950,0.263323,0.351931,38.512000,0.719760,96.068788,50.000000
without_preference,high,7,1007,6.986000,4.892000,6.746000,4.892000,1.854000,0.240000,0.726586,0.701036,0.701036,0.679761,0.864527,0.703384,0.468444,0.534621,0.468444,0.473774,0.074154,0.576049,0.573508,0.450460,0.707199,0.747412,0.522096,0.981821,0.531556,0.788001,0.062011,0.263698,0.356122,39.136000,0.726586,95.541251,50.000000
without_preference,high,8,1008,6.970000,4.824000,6.604000,4.824000,1.780000,0.366000,0.731260,0.692798,0.692798,0.672237,0.870764,0.700950,0.465091,0.536053,0.465091,0.472259,0.074762,0.576896,0.584346,0.438082,0.709647,0.749308,0.525383,0.981848,0.534909,0.791771,0.060883,0.261835,0.341527,38.592000,0.731260,95.339125,50.000000
without_preference,high,9,1009,7.028000,4.716000,6.654000,4.716000,1.938000,0.374000,0.707833,0.670690,0.670690,0.650839,0.850628,0.708723,0.471146,0.544006,0.471146,0.478718,0.072819,0.582089,0.610662,0.442458,0.705445,0.746351,0.518783,0.982031,0.528854,0.786153,0.061004,0.259199,0.343267,37.728000,0.707833,95.534260,50.000000
without_preference,high,10,1010,6.936000,4.826000,6.664000,4.826000,1.838000,0.272000,0.725017,0.696274,0.696274,0.675404,0.874694,0.703719,0.482481,0.545580,0.482481,0.477720,0.074070,0.580789,0.596747,0.460979,0.704381,0.746436,0.520639,0.981883,0.517519,0.788638,0.061636,0.260836,0.348202,38.608000,0.725017,97.123503,50.000000
without_preference,high,11,1011,6.982000,4.880000,6.836000,4.880000,1.956000,0.146000,0.713207,0.697869,0.697869,0.676513,0.862602,0.701036,0.472940,0.535367,0.472940,0.478241,0.074741,0.578980,0.585808,0.461851,0.706104,0.746794,0.521098,0.981812,0.527060,0.788300,0.063416,0.269432,0.356670,39.040000,0.713207,96.360313,49.996000
without_preference,high,12,1012,6.988000,4.866000,6.702000,4.866000,1.836000,0.284000,0.725540,0.695810,0.696060,0.674723,0.875049,0.704516,0.458027,0.533092,0.458027,0.476855,0.073871,0.579226,0.588268,0.436371,0.709347,0.748839,0.522158,0.981738,0.541973,0.788092,0.062167,0.262687,0.353998,38.928000,0.725540,96.680496,49.994000
without_preference,high,13,1013,7.006000,4.818000,6.642000,4.818000,1.824000,0.364000,0.723812,0.686833,0.686833,0.666561,0.863531,0.698824,0.463824,0.534365,0.463824,0.479292,0.075294,0.581909,0.583127,0.435829,0.708769,0.750022,0.521719,0.981999,0.536176,0.788776,0.061047,0.261271,0.339952,38.544000,0.723812,96.719240,50.000000
without_preference,high,14,1014,6.924000,4.800000,6.588000,4.800000,1.788000,0.336000,0.727317,0.691595,0.691595,0.671211,0.867234,0.699137,0.464141,0.538085,0.464141,0.483356,0.075216,0.580406,0.579175,0.438739,0.706669,0.747362,0.519190,0.982038,0.535859,0.784259,0.060529,0.255178,0.340567,38.400000,0.727317,96.237025,50.000000
without_preference,high,15,1015,7.054000,4.822000,6.736000,4.822000,1.914000,0.318000,0.717186,0.684464,0.684464,0.663967,0.874323,0.700411,0.473888,0.538092,0.473888,0.465255,0.074897,0.568442,0.555602,0.449874,0.704472,0.746869,0.517292,0.981854,0.526112,0.784362,0.062178,0.263183,0.352003,38.576000,0.717186,96.537343,50.000000
without_preference,high,16,1016,6.938000,4.904000,6.640000,4.904000,1.736000,0.298000,0.736607,0.705702,0.705702,0.684483,0.867511,0.692407,0.465941,0.531671,0.465941,0.497497,0.076898,0.592289,0.609315,0.442989,0.709632,0.749858,0.525215,0.981859,0.534059,0.791825,0.061002,0.260065,0.348352,39.232000,0.736607,97.451267,50.000000
without_preference,high,17,1017,7.034000,4.732000,6.728000,4.732000,1.996000,0.306000,0.702374,0.671571,0.671571,0.651331,0.860230,0.700208,0.472961,0.541859,0.472961,0.476746,0.074948,0.579295,0.591962,0.449030,0.703096,0.745712,0.514443,0.981775,0.527039,0.780988,0.062104,0.266048,0.352602,37.856000,0.702374,96.692142,50.000000
without_preference,high,18,1018,7.102000,4.966000,6.812000,4.966000,1.846000,0.290000,0.730360,0.701000,0.701000,0.680086,0.872644,0.709558,0.469823,0.539170,0.469823,0.486763,0.072611,0.583416,0.604069,0.447580,0.708426,0.747913,0.524760,0.982063,0.530177,0.792114,0.062269,0.259463,0.357285,39.728000,0.730360,97.448407,49.990000
without_preference,high,19,1019,6.960000,4.770000,6.636000,4.770000,1.866000,0.324000,0.715812,0.683655,0.683655,0.663050,0.886334,0.706860,0.470670,0.540679,0.470670,0.478725,0.073285,0.577329,0.588148,0.445401,0.705793,0.746012,0.520292,0.981745,0.529330,0.786606,0.061824,0.261451,0.349477,38.160000,0.715812,97.542543,50.000000
without_preference,high,20,1020,6.994000,4.766000,6.582000,4.766000,1.816000,0.412000,0.724186,0.680060,0.680060,0.659899,0.869615,0.710238,0.470213,0.538723,0.470213,0.471880,0.072441,0.571185,0.569839,0.438694,0.706570,0.746767,0.521375,0.981838,0.529787,0.788015,0.060785,0.257540,0.343471,38.128000,0.724186,95.768013,49.988000
without_preference,high,21,1021,6.992000,4.922000,6.758000,4.922000,1.836000,0.234000,0.727590,0.704321,0.704321,0.682987,0.844982,0.701799,0.460742,0.533348,0.460742,0.479275,0.074550,0.582552,0.607064,0.443398,0.709596,0.747408,0.525253,0.981844,0.539258,0.790456,0.062653,0.267062,0.350876,39.376000,0.727590,97.133905,50.000000
without_preference,high,22,1022,6.998000,4.884000,6.670000,4.884000,1.786000,0.328000,0.732031,0.698024,0.698024,0.677384,0.863920,0.696096,0.468005,0.536549,0.468005,0.484916,0.075976,0.585270,0.595256,0.441882,0.707848,0.748297,0.522714,0.982051,0.531995,0.788931,0.061748,0.258064,0.344326,39.072000,0.732031,97.244953,50.000000
without_preference,high,23,1023,7.050000,4.874000,6.624000,4.874000,1.750000,0.426000,0.736705,0.691690,0.691690,0.671037,0.885474,0.696452,0.458179,0.530445,0.458179,0.489393,0.075887,0.587677,0.594878,0.426454,0.712322,0.749771,0.528662,0.981746,0.541821,0.795867,0.061079,0.261373,0.349459,38.992000,0.736705,96.098405,50.000000
without_preference,high,24,1024,7.056000,4.660000,6.654000,4.660000,1.994000,0.402000,0.701298,0.660655,0.660655,0.641093,0.881942,0.699433,0.467601,0.539443,0.467601,0.470721,0.075142,0.575743,0.572418,0.437080,0.702064,0.744971,0.510090,0.981888,0.532399,0.776358,0.061674,0.258778,0.348693,37.280000,0.701298,96.611232,50.000000
without_preference,high,25,1025,7.040000,4.888000,6.684000,4.888000,1.796000,0.356000,0.731040,0.694964,0.694964,0.674370,0.863599,0.707359,0.457006,0.533089,0.457006,0.492704,0.073160,0.585192,0.601473,0.430994,0.710469,0.748905,0.524814,0.981944,0.542994,0.789948,0.061334,0.262618,0.345450,39.104000,0.731040,96.234198,50.000000
without_preference,high,26,1026,7.060000,4.874000,6.756000,4.874000,1.882000,0.304000,0.719898,0.688167,0.688167,0.667443,0.864468,0.699537,0.464467,0.536879,0.464467,0.484339,0.075116,0.584635,0.597486,0.441528,0.707414,0.748496,0.520342,0.981820,0.535533,0.785848,0.062310,0.264130,0.355590,38.992000,0.719898,96.588389,49.994000
without_preference,high,27,1027,6.986000,4.944000,6.774000,4.944000,1.830000,0.212000,0.730533,0.708571,0.708571,0.686967,0.865113,0.697287,0.474250,0.535851,0.474250,0.490278,0.075678,0.590466,0.618558,0.457852,0.706183,0.746847,0.521791,0.981761,0.525750,0.789118,0.062677,0.266043,0.357023,39.552000,0.730533,95.877726,50.000000
without_preference,high,28,1028,7.056000,4.828000,6.698000,4.828000,1.870000,0.358000,0.721281,0.684345,0.684345,0.663940,0.874647,0.705836,0.459755,0.536840,0.459755,0.471576,0.073541,0.575632,0.591121,0.433501,0.710463,0.750215,0.524111,0.981843,0.540245,0.791517,0.061841,0.263535,0.348671,38.624000,0.721281,95.592973,50.000000
without_preference,high,29,1029,7.004000,4.896000,6.766000,4.896000,1.870000,0.238000,0.722819,0.697250,0.697250,0.676085,0.858478,0.700620,0.465548,0.534125,0.465548,0.472132,0.074845,0.575477,0.573338,0.446739,0.708762,0.746206,0.525369,0.981791,0.534452,0.792159,0.062844,0.263916,0.357107,39.168000,0.722819,95.845775,49.994000
without_preference,high,30,1030,7.016000,4.894000,6.620000,4.894000,1.726000,0.396000,0.740788,0.698726,0.698726,0.677936,0.863695,0.697543,0.450392,0.528393,0.450392,0.498168,0.075614,0.592302,0.611446,0.421540,0.713277,0.749003,0.528969,0.981820,0.549608,0.794604,0.061227,0.259515,0.347374,39.152000,0.740788,96.045999,50.000000
without_preference,high,31,1031,7.006000,4.782000,6.728000,4.782000,1.946000,0.278000,0.710240,0.681250,0.681250,0.660650,0.878887,0.708140,0.478434,0.537594,0.478434,0.466339,0.072965,0.570426,0.563222,0.456238,0.702801,0.744927,0.516174,0.981711,0.521566,0.783751,0.062485,0.265314,0.355453,38.256000,0.710240,96.375697,50.000000
without_preference,high,32,1032,7.032000,4.926000,6.794000,4.926000,1.868000,0.238000,0.723531,0.699202,0.699202,0.678134,0.880497,0.698025,0.468270,0.534472,0.468270,0.480538,0.075494,0.576792,0.564720,0.449627,0.707721,0.747338,0.523479,0.981911,0.531730,0.789152,0.062735,0.267940,0.351938,39.408000,0.723531,97.192711,50.000000
without_preference,high,33,1033,6.934000,4.600000,6.504000,4.600000,1.904000,0.430000,0.705669,0.662369,0.662369,0.642582,0.859257,0.707461,0.464527,0.535582,0.464527,0.469632,0.073135,0.572307,0.569440,0.432663,0.703704,0.745119,0.513293,0.981612,0.535473,0.778886,0.060157,0.258023,0.345395,36.800000,0.705669,95.362440,49.990000
without_preference,high,34,1034,7.014000,4.716000,6.610000,4.716000,1.894000,0.404000,0.718131,0.674512,0.674512,0.654464,0.847273,0.708441,0.469110,0.539379,0.469110,0.477709,0.072890,0.576829,0.580975,0.438202,0.705001,0.743913,0.519033,0.981762,0.530890,0.785457,0.061059,0.256771,0.353233,37.728000,0.718131,96.621670,49.996000
without_preference,high,35,1035,6.962000,4.696000,6.506000,4.696000,1.810000,0.454000,0.722007,0.674310,0.674452,0.654410,0.858712,0.700302,0.469654,0.541083,0.469654,0.480227,0.074925,0.581477,0.593409,0.435251,0.703667,0.745613,0.514827,0.981788,0.530346,0.780746,0.060561,0.257529,0.338820,37.568000,0.722007,95.811015,49.980000
without_preference,high,36,1036,6.998000,4.696000,6.580000,4.696000,1.884000,0.418000,0.714888,0.671429,0.671429,0.651582,0.867839,0.698886,0.458847,0.534738,0.458847,0.469934,0.075278,0.574278,0.577548,0.427925,0.705867,0.747442,0.514831,0.981938,0.541153,0.779932,0.060247,0.257176,0.343494,37.568000,0.714888,96.288464,50.000000
without_preference,high,37,1037,6.998000,4.866000,6.662000,4.866000,1.796000,0.336000,0.731098,0.695690,0.695690,0.674835,0.880526,0.710455,0.475020,0.542243,0.475020,0.479172,0.072386,0.580165,0.603336,0.449617,0.707246,0.747752,0.524112,0.981760,0.524980,0.791664,0.061924,0.262816,0.348805,38.928000,0.731098,96.695368,50.000000
without_preference,high,38,1038,7.018000,4.844000,6.738000,4.844000,1.894000,0.280000,0.720367,0.691024,0.691024,0.670141,0.872369,0.690417,0.466680,0.538380,0.466680,0.487734,0.077396,0.585497,0.589663,0.445396,0.705893,0.746688,0.518504,0.981759,0.533320,0.784462,0.062240,0.264424,0.356262,38.752000,0.720367,96.219136,50.000000
without_preference,high,39,1039,6.944000,4.854000,6.654000,4.854000,1.800000,0.290000,0.729264,0.698917,0.698917,0.677845,0.884441,0.703212,0.474724,0.537375,0.474724,0.479990,0.074197,0.585752,0.613004,0.452019,0.706358,0.745952,0.522850,0.981790,0.525276,0.790694,0.061829,0.262254,0.348694,38.832000,0.729264,96.539560,50.000000
without_preference,high,40,1040,6.958000,4.724000,6.582000,4.724000,1.858000,0.376000,0.718083,0.678274,0.678274,0.658183,0.877910,0.706979,0.467729,0.539195,0.467729,0.475429,0.073255,0.575593,0.580475,0.438536,0.705773,0.748096,0.517313,0.981932,0.532271,0.783857,0.060747,0.254752,0.345476,37.792000,0.718083,96.517598,50.000000
without_preference,high,41,1041,6.994000,4.746000,6.640000,4.746000,1.894000,0.354000,0.715117,0.677881,0.677881,0.657691,0.886436,0.699593,0.476178,0.544623,0.476178,0.480459,0.075102,0.581633,0.593761,0.448643,0.702635,0.744373,0.515361,0.981840,0.523822,0.782380,0.060950,0.259822,0.348805,37.968000,0.715117,97.485572,49.990000
without_preference,high,42,1042,6.988000,4.818000,6.618000,4.818000,1.800000,0.370000,0.730717,0.690298,0.690298,0.669733,0.877654,0.706105,0.471350,0.537298,0.471350,0.481446,0.073474,0.582133,0.594734,0.443048,0.705938,0.746915,0.519948,0.981815,0.528650,0.787042,0.061120,0.259703,0.348276,38.544000,0.730717,97.008565,50.000000
without_preference,high,43,1043,6.980000,4.776000,6.692000,4.776000,1.916000,0.288000,0.712702,0.684488,0.684488,0.663785,0.847959,0.690016,0.461845,0.531820,0.461845,0.482380,0.077496,0.579877,0.562428,0.440094,0.706543,0.745015,0.519454,0.981795,0.538155,0.785010,0.062313,0.264815,0.348812,38.208000,0.712702,96.418183,49.996000
without_preference,high,44,1044,6.986000,4.742000,6.692000,4.742000,1.950000,0.294000,0.707929,0.679512,0.679512,0.659012,0.865720,0.712033,0.471680,0.540722,0.471680,0.468719,0.071992,0.571249,0.581273,0.449354,0.702969,0.743780,0.515103,0.981835,0.528320,0.781221,0.062031,0.260417,0.353264,37.936000,0.707929,96.729099,50.000000
without_preference,high,45,1045,6.970000,4.784000,6.712000,4.784000,1.928000,0.258000,0.712826,0.687048,0.687048,0.666184,0.850845,0.700377,0.465148,0.536638,0.465148,0.482490,0.074906,0.580015,0.576331,0.445968,0.707343,0.747941,0.520438,0.981761,0.534852,0.786959,0.062236,0.265298,0.352609,38.272000,0.712826,97.143563,50.000000
without_preference,high,46,1046,7.008000,4.822000,6.614000,4.822000,1.792000,0.392000,0.731014,0.688702,0.688845,0.668345,0.884513,0.705217,0.465981,0.538959,0.465981,0.475440,0.073696,0.578616,0.588340,0.434925,0.708844,0.750660,0.522464,0.981924,0.534019,0.789400,0.060475,0.259061,0.343470,38.576000,0.731014,95.569196,49.994000
without_preference,high,47,1047,7.004000,4.832000,6.700000,4.832000,1.868000,0.302000,0.721271,0.689679,0.690012,0.669017,0.884187,0.702030,0.454918,0.525858,0.454918,0.479404,0.074493,0.580783,0.589654,0.432429,0.709495,0.746561,0.523017,0.981822,0.545082,0.788443,0.061839,0.264558,0.348149,38.656000,0.721271,97.075637,49.996000
without_preference,high,48,1048,7.004000,4.962000,6.738000,4.962000,1.776000,0.266000,0.737469,0.709524,0.709524,0.688042,0.882814,0.697475,0.454054,0.530485,0.454054,0.487825,0.075631,0.583467,0.582125,0.434814,0.712270,0.747307,0.529172,0.981761,0.545946,0.794836,0.062379,0.267107,0.353529,39.696000,0.737469,96.950801,50.000000
without_preference,high,49,1049,7.020000,4.972000,6.658000,4.972000,1.686000,0.362000,0.746998,0.708655,0.708655,0.687592,0.869087,0.699838,0.455986,0.531533,0.455986,0.493402,0.075040,0.590671,0.614285,0.429320,0.713465,0.749613,0.531311,0.981850,0.544014,0.797156,0.061654,0.261573,0.346997,39.776000,0.746998,96.870925,50.000000
without_preference,low,0,1000,1.498000,1.234000,1.496000,1.234000,0.262000,0.002000,0.834000,0.834000,0.834000,0.818017,0.783582,0.799215,0.330414,0.380060,0.330414,0.577157,0.050196,0.614325,0.662016,0.330414,0.751339,0.810135,0.529280,0.986758,0.667586,0.797759,0.010817,0.034511,0.047308,9.872000,0.834000,88.730860,50.000000
without_preference,low,1,1001,1.494000,1.226000,1.492000,1.226000,0.266000,0.002000,0.830000,0.829000,0.829000,0.813061,0.720656,0.794287,0.315371,0.377359,0.315371,0.576808,0.051428,0.613197,0.657037,0.314973,0.755307,0.810186,0.531542,0.988768,0.684629,0.799414,0.010820,0.034708,0.046151,9.808000,0.830000,88.279132,50.000000
without_preference,low,2,1002,1.490000,1.188000,1.490000,1.188000,0.302000,0.000000,0.799000,0.799000,0.799000,0.784042,0.773139,0.795577,0.323774,0.384656,0.323774,0.556747,0.051106,0.596338,0.623397,0.323774,0.749844,0.809560,0.521229,0.988974,0.676226,0.789625,0.010783,0.034781,0.043947,9.504000,0.799000,86.292706,50.000000
without_preference,low,3,1003,1.508000,1.216000,1.508000,1.216000,0.292000,0.000000,0.803000,0.803000,0.803000,0.787841,0.752382,0.790074,0.331798,0.381387,0.331798,0.574788,0.052482,0.611034,0.637877,0.331798,0.751078,0.811769,0.525960,0.988885,0.668202,0.795151,0.010790,0.034840,0.046436,9.728000,0.803000,85.302608,50.000000
without_preference,low,4,1004,1.522000,1.218000,1.522000,1.218000,0.304000,0.000000,0.800000,0.800000,0.800000,0.784825,0.730517,0.785623,0.320867,0.368255,0.320867,0.577003,0.053594,0.612067,0.623574,0.320867,0.750611,0.813253,0.519134,0.988846,0.679133,0.788084,0.010781,0.035336,0.047315,9.744000,0.800000,84.501355,50.000000
without_preference,low,5,1005,1.494000,1.220000,1.488000,1.220000,0.268000,0.006000,0.827000,0.825000,0.825000,0.809313,0.703022,0.798310,0.310958,0.365573,0.310958,0.570033,0.050422,0.606656,0.633650,0.310320,0.755900,0.813234,0.528142,0.988871,0.689042,0.797907,0.010554,0.034492,0.045240,9.760000,0.827000,87.217850,50.000000
without_preference,low,6,1006,1.502000,1.206000,1.502000,1.206000,0.296000,0.000000,0.802000,0.802000,0.802000,0.787010,0.759477,0.791716,0.331490,0.382482,0.331490,0.570813,0.052071,0.610612,0.646184,0.331490,0.750743,0.812136,0.524644,0.988995,0.668510,0.793866,0.010673,0.034836,0.045090,9.648000,0.802000,83.491195,50.000000
without_preference,low,7,1007,1.502000,1.216000,1.502000,1.216000,0.286000,0.000000,0.810000,0.810000,0.810000,0.794546,0.731071,0.788150,0.327337,0.386871,0.327337,0.572472,0.052962,0.610091,0.638624,0.327337,0.748885,0.811033,0.519654,0.988890,0.672663,0.787163,0.010795,0.034393,0.046297,9.728000,0.810000,85.045751,50.000000
without_preference,low,8,1008,1.470000,1.200000,1.470000,1.200000,0.270000,0.000000,0.811000,0.811000,0.811000,0.795625,0.729567,0.799042,0.314194,0.368187,0.314194,0.579548,0.050239,0.613478,0.651366,0.314194,0.755571,0.811064,0.530602,0.988902,0.685806,0.799473,0.010515,0.033742,0.045239,9.600000,0.811000,85.708267,50.000000
without_preference,low,9,1009,1.524000,1.248000,1.522000,1.248000,0.274000,0.002000,0.826000,0.825000,0.825000,0.809020,0.751535,0.800595,0.314932,0.365011,0.314932,0.578718,0.049851,0.613171,0.653963,0.314832,0.755858,0.813008,0.530501,0.988586,0.685068,0.799148,0.011011,0.036292,0.047411,9.984000,0.826000,88.353304,50.000000
without_preference,low,10,1010,1.512000,1.262000,1.512000,1.262000,0.250000,0.000000,0.843000,0.843000,0.843000,0.826766,0.742211,0.801419,0.324091,0.382138,0.324091,0.578287,0.049645,0.613864,0.668733,0.324091,0.754503,0.813743,0.530353,0.988738,0.675909,0.798995,0.010771,0.034849,0.047475,10.096000,0.843000,88.949711,50.000000
without_preference,low,11,1011,1.486000,1.220000,1.486000,1.220000,0.266000,0.000000,0.826000,0.826000,0.826000,0.810091,0.777057,0.786884,0.317497,0.363571,0.317497,0.585557,0.053279,0.619091,0.646259,0.317497,0.754278,0.812979,0.527753,0.988711,0.682503,0.795817,0.010590,0.034214,0.046776,9.760000,0.826000,86.190444,50.000000
without_preference,low,12,1012,1.464000,1.196000,1.462000,1.196000,0.266000,0.002000,0.821000,0.820000,0.820000,0.804308,0.749551,0.805789,0.314641,0.364079,0.314641,0.576419,0.048553,0.609118,0.641367,0.314148,0.754542,0.814372,0.526186,0.988840,0.685359,0.794183,0.010474,0.033554,0.045087,9.568000,0.821000,86.061898,50.000000
without_preference,low,13,1013,1.496000,1.244000,1.496000,1.244000,0.252000,0.000000,0.826000,0.826000,0.826000,0.810346,0.770019,0.798366,0.306729,0.350112,0.306729,0.585790,0.050409,0.619695,0.653477,0.306729,0.757995,0.814735,0.530871,0.988871,0.693271,0.800109,0.010688,0.034559,0.046268,9.952000,0.826000,85.089980,50.000000
without_preference,low,14,1014,1.508000,1.204000,1.506000,1.204000,0.302000,0.002000,0.797000,0.797000,0.797000,0.781920,0.728210,0.784365,0.333155,0.389442,0.333155,0.565120,0.053909,0.603634,0.623851,0.333155,0.747332,0.810667,0.519843,0.986910,0.664845,0.788000,0.010415,0.035235,0.046283,9.632000,0.797000,83.198627,50.000000
without_preference,low,15,1015,1.514000,1.306000,1.514000,1.306000,0.208000,0.000000,0.864000,0.864000,0.864000,0.847549,0.746178,0.802932,0.313668,0.363302,0.313668,0.590906,0.049267,0.621993,0.662276,0.313668,0.760395,0.814607,0.539998,0.988849,0.686332,0.809510,0.010998,0.034821,0.047139,10.448000,0.864000,89.674437,50.000000
without_preference,low,16,1016,1.512000,1.264000,1.512000,1.264000,0.248000,0.000000,0.835000,0.835000,0.835000,0.819124,0.736119,0.801734,0.307509,0.358092,0.307509,0.580881,0.049567,0.613999,0.647064,0.307509,0.758968,0.813131,0.534941,0.988786,0.692491,0.804060,0.010919,0.034927,0.047064,10.112000,0.835000,86.937382,50.000000
without_preference,low,17,1017,1.506000,1.240000,1.504000,1.240000,0.264000,0.002000,0.818000,0.818000,0.818000,0.802685,0.697150,0.796076,0.314827,0.378073,0.314827,0.569494,0.050981,0.606761,0.636606,0.314827,0.752183,0.811295,0.524321,0.987027,0.683173,0.791644,0.010615,0.034256,0.045140,9.920000,0.818000,86.064515,50.000000
without_preference,low,18,1018,1.492000,1.192000,1.492000,1.192000,0.300000,0.000000,0.800000,0.800000,0.800000,0.784759,0.703868,0.792761,0.307786,0.359031,0.307786,0.561577,0.051810,0.598949,0.606767,0.307786,0.757457,0.815598,0.529425,0.988856,0.692214,0.798442,0.010468,0.034395,0.045974,9.536000,0.800000,83.632904,50.000000
without_preference,low,19,1019,1.504000,1.228000,1.504000,1.228000,0.276000,0.000000,0.818000,0.818000,0.818000,0.802628,0.722628,0.804336,0.324831,0.386065,0.324831,0.566609,0.048916,0.604238,0.644817,0.324831,0.752940,0.812405,0.527034,0.988876,0.675169,0.796875,0.010697,0.034920,0.045754,9.824000,0.818000,86.207921,50.000000
without_preference,low,20,1020,1.480000,1.194000,1.480000,1.194000,0.286000,0.000000,0.806000,0.806000,0.806000,0.790927,0.753184,0.797174,0.322071,0.378658,0.322071,0.570197,0.050706,0.607301,0.653647,0.322071,0.753585,0.813962,0.527369,0.988944,0.677929,0.794876,0.010483,0.034005,0.044956,9.552000,0.806000,84.610273,50.000000
without_preference,low,21,1021,1.492000,1.210000,1.492000,1.210000,0.282000,0.000000,0.822000,0.822000,0.822000,0.806509,0.696899,0.792503,0.331167,0.382121,0.331167,0.578077,0.051874,0.614733,0.647773,0.331167,0.750788,0.811795,0.525163,0.988881,0.668833,0.793804,0.010599,0.034648,0.045869,9.680000,0.822000,87.923238,50.000000
without_preference,low,22,1022,1.500000,1.216000,1.500000,1.216000,0.284000,0.000000,0.810000,0.810000,0.810000,0.794863,0.810372,0.787626,0.322067,0.373926,0.322067,0.585470,0.053094,0.624679,0.665717,0.322067,0.753147,0.813982,0.525240,0.988997,0.677933,0.794997,0.010701,0.033795,0.045302,9.728000,0.810000,84.737982,50.000000
without_preference,low,23,1023,1.460000,1.184000,1.458000,1.184000,0.274000,0.002000,0.809000,0.808000,0.808000,0.792835,0.766008,0.793169,0.311311,0.358394,0.311311,0.575908,0.051708,0.612959,0.639413,0.311104,0.757195,0.814605,0.530467,0.988915,0.688689,0.800604,0.010298,0.033970,0.044221,9.472000,0.809000,82.291438,50.000000
without_preference,low,24,1024,1.510000,1.244000,1.510000,1.244000,0.266000,0.000000,0.825000,0.825000,0.825000,0.809417,0.735490,0.793418,0.323852,0.369546,0.323852,0.576485,0.051645,0.609704,0.630666,0.323852,0.757264,0.816048,0.535196,0.988927,0.676148,0.804835,0.010815,0.034339,0.046485,9.952000,0.825000,86.272364,50.000000
without_preference,low,25,1025,1.482000,1.198000,1.482000,1.198000,0.284000,0.000000,0.808000,0.808000,0.808000,0.792470,0.771786,0.793103,0.332640,0.390466,0.332640,0.577184,0.051724,0.617392,0.669178,0.332640,0.746606,0.808306,0.517431,0.988774,0.667360,0.786419,0.010434,0.034139,0.046435,9.584000,0.808000,84.694907,50.000000
without_preference,low,26,1026,1.528000,1.246000,1.528000,1.246000,0.282000,0.000000,0.810000,0.810000,0.810000,0.794616,0.757737,0.797623,0.319487,0.372308,0.319487,0.571339,0.050594,0.605137,0.637653,0.319487,0.754162,0.810902,0.529843,0.988828,0.680513,0.797671,0.011214,0.035518,0.047130,9.968000,0.810000,85.909006,50.000000
without_preference,low,27,1027,1.488000,1.206000,1.488000,1.206000,0.282000,0.000000,0.819000,0.819000,0.819000,0.803300,0.742519,0.798687,0.322252,0.376473,0.322252,0.574011,0.050328,0.609767,0.644918,0.322252,0.754558,0.814649,0.529181,0.988688,0.677748,0.797590,0.010543,0.035027,0.047124,9.648000,0.819000,85.831867,50.000000
without_preference,low,28,1028,1.472000,1.148000,1.472000,1.148000,0.324000,0.000000,0.776000,0.776000,0.776000,0.761364,0.768300,0.794256,0.319713,0.375703,0.319713,0.558494,0.051436,0.599472,0.630225,0.319713,0.752249,0.810021,0.524780,0.988976,0.680287,0.794491,0.010573,0.032957,0.045581,9.184000,0.776000,82.788024,50.000000
without_preference,low,29,1029,1.536000,1.260000,1.536000,1.260000,0.276000,0.000000,0.822000,0.822000,0.822000,0.806501,0.725267,0.793080,0.326252,0.380593,0.326252,0.570607,0.051730,0.606669,0.628939,0.326252,0.754650,0.814481,0.530457,0.988961,0.673748,0.800446,0.010984,0.035279,0.047207,10.080000,0.822000,86.479646,50.000000
without_preference,low,30,1030,1.466000,1.198000,1.466000,1.198000,0.268000,0.000000,0.809000,0.809000,0.809000,0.793496,0.739140,0.790244,0.325269,0.376404,0.325269,0.575876,0.052439,0.612407,0.645876,0.325269,0.752665,0.812792,0.526728,0.988802,0.674731,0.795496,0.010603,0.033728,0.045636,9.584000,0.809000,83.658243,50.000000
without_preference,low,31,1031,1.456000,1.146000,1.456000,1.146000,0.310000,0.000000,0.787000,0.787000,0.787000,0.772020,0.759623,0.789602,0.319554,0.367158,0.319554,0.563576,0.052600,0.602372,0.618676,0.319554,0.749371,0.809527,0.518594,0.988773,0.680446,0.786339,0.010475,0.033842,0.045217,9.168000,0.787000,84.095779,50.000000
without_preference,low,32,1032,1.480000,1.242000,1.480000,1.242000,0.238000,0.000000,0.844000,0.844000,0.844000,0.828115,0.745009,0.799962,0.319470,0.371495,0.319470,0.578704,0.050009,0.613511,0.659142,0.319470,0.756065,0.813816,0.531985,0.988955,0.680530,0.801229,0.010593,0.033773,0.044687,9.936000,0.844000,88.084079,50.000000
without_preference,low,33,1033,1.494000,1.214000,1.494000,1.214000,0.280000,0.000000,0.811000,0.811000,0.811000,0.795872,0.771820,0.797910,0.314383,0.368163,0.314383,0.578117,0.050522,0.613087,0.657645,0.314383,0.752783,0.810867,0.524267,0.989017,0.685617,0.791595,0.010717,0.034033,0.045490,9.712000,0.811000,85.375813,50.000000
without_preference,low,34,1034,1.510000,1.250000,1.510000,1.250000,0.260000,0.000000,0.827000,0.827000,0.827000,0.811349,0.796102,0.802408,0.322421,0.380967,0.322421,0.579700,0.049398,0.616001,0.672001,0.322421,0.749704,0.808775,0.521092,0.988816,0.677579,0.789082,0.010817,0.035261,0.046356,10.000000,0.827000,86.418226,50.000000
without_preference,low,35,1035,1.528000,1.258000,1.526000,1.258000,0.268000,0.002000,0.819000,0.819000,0.819000,0.803435,0.756664,0.802644,0.317373,0.368854,0.317373,0.582836,0.049339,0.618177,0.666956,0.317373,0.754545,0.812556,0.529803,0.986870,0.680627,0.799109,0.010843,0.034918,0.047677,10.064000,0.819000,85.855264,50.000000
without_preference,low,36,1036,1.488000,1.182000,1.486000,1.182000,0.304000,0.002000,0.796000,0.796000,0.796000,0.780613,0.737135,0.783526,0.320256,0.383330,0.320256,0.567200,0.054119,0.605467,0.622398,0.320256,0.745747,0.809894,0.511196,0.986735,0.677744,0.778583,0.010602,0.034967,0.046685,9.456000,0.796000,84.929195,50.000000
without_preference,low,37,1037,1.484000,1.204000,1.484000,1.204000,0.280000,0.000000,0.814000,0.814000,0.814000,0.798652,0.758458,0.796460,0.324503,0.384231,0.324503,0.574122,0.050885,0.615532,0.671895,0.324503,0.752747,0.816042,0.523717,0.988957,0.675497,0.793669,0.010297,0.034030,0.045744,9.632000,0.814000,83.439083,50.000000
without_preference,low,38,1038,1.484000,1.190000,1.484000,1.190000,0.294000,0.000000,0.804000,0.804000,0.804000,0.788590,0.759531,0.789598,0.318084,0.371753,0.318084,0.568802,0.052601,0.605329,0.631222,0.318084,0.754297,0.811410,0.528767,0.988745,0.681916,0.797748,0.010755,0.034033,0.047026,9.520000,0.804000,85.432272,50.000000
without_preference,low,39,1039,1.502000,1.252000,1.502000,1.252000,0.250000,0.000000,0.833000,0.833000,0.833000,0.817283,0.758786,0.801230,0.325267,0.371850,0.325267,0.580678,0.049693,0.615139,0.654037,0.325267,0.755761,0.815071,0.532705,0.988891,0.674733,0.802213,0.010680,0.035082,0.045437,10.016000,0.833000,85.929798,50.000000
without_preference,low,40,1040,1.498000,1.258000,1.496000,1.258000,0.238000,0.002000,0.838000,0.838000,0.838000,0.821957,0.759726,0.800713,0.313113,0.371019,0.313113,0.581524,0.049822,0.617144,0.669406,0.312443,0.755294,0.811339,0.529193,0.988814,0.686887,0.798244,0.010613,0.034715,0.046218,10.064000,0.838000,87.799422,50.000000
without_preference,low,41,1041,1.490000,1.214000,1.490000,1.214000,0.276000,0.000000,0.816000,0.816000,0.816000,0.800595,0.764534,0.789989,0.321789,0.378912,0.321789,0.571089,0.052503,0.609435,0.641521,0.321789,0.754807,0.812503,0.530528,0.988949,0.678211,0.800144,0.010572,0.034155,0.046162,9.712000,0.816000,86.537118,50.000000
without_preference,low,42,1042,1.498000,1.256000,1.498000,1.256000,0.242000,0.000000,0.838000,0.838000,0.838000,0.822171,0.713083,0.800803,0.322555,0.377184,0.322555,0.574007,0.049799,0.609457,0.650048,0.322555,0.754793,0.813847,0.530608,0.988852,0.677445,0.798572,0.010797,0.034220,0.046091,10.048000,0.838000,87.920536,50.000000
without_preference,low,43,1043,1.532000,1.250000,1.532000,1.250000,0.282000,0.000000,0.820000,0.820000,0.820000,0.804281,0.739024,0.795327,0.323827,0.378568,0.323827,0.574312,0.051168,0.607748,0.628800,0.323827,0.752685,0.812911,0.525823,0.988723,0.676173,0.795264,0.010958,0.035474,0.048165,10.000000,0.820000,88.015808,50.000000
without_preference,low,44,1044,1.474000,1.226000,1.474000,1.226000,0.248000,0.000000,0.837000,0.837000,0.837000,0.821029,0.781747,0.792818,0.313351,0.361901,0.313351,0.583356,0.051795,0.616349,0.653350,0.313351,0.757760,0.816332,0.532145,0.988794,0.686649,0.801036,0.010473,0.033685,0.046653,9.808000,0.837000,86.581329,50.000000
without_preference,low,45,1045,1.516000,1.188000,1.516000,1.188000,0.328000,0.000000,0.783000,0.783000,0.783000,0.768411,0.726625,0.784122,0.322117,0.373651,0.322117,0.568246,0.053969,0.603757,0.608522,0.322117,0.749093,0.814053,0.515672,0.988979,0.677883,0.783380,0.010719,0.034353,0.046073,9.504000,0.783000,83.672098,50.000000
without_preference,low,46,1046,1.508000,1.222000,1.508000,1.222000,0.286000,0.000000,0.806000,0.806000,0.806000,0.790813,0.736945,0.792865,0.321250,0.383190,0.321250,0.566684,0.051784,0.603477,0.624651,0.321250,0.750602,0.811613,0.521005,0.988957,0.678750,0.788544,0.010662,0.034847,0.045797,9.776000,0.806000,84.394616,50.000000
without_preference,low,47,1047,1.508000,1.192000,1.508000,1.192000,0.316000,0.000000,0.785000,0.785000,0.785000,0.770311,0.753529,0.789338,0.317986,0.376873,0.317986,0.560075,0.052666,0.599404,0.619157,0.317986,0.748316,0.809777,0.514826,0.989004,0.682014,0.782816,0.010718,0.034966,0.045161,9.536000,0.785000,83.328328,50.000000
without_preference,low,48,1048,1.490000,1.208000,1.490000,1.208000,0.282000,0.000000,0.817000,0.817000,0.817000,0.801280,0.758827,0.789889,0.319276,0.364879,0.319276,0.568479,0.052528,0.605198,0.622673,0.319276,0.753891,0.813277,0.527017,0.988793,0.680724,0.795679,0.010649,0.034451,0.046607,9.664000,0.817000,85.171537,50.000000
without_preference,low,49,1049,1.524000,1.272000,1.524000,1.272000,0.252000,0.000000,0.842000,0.842000,0.842000,0.826442,0.769925,0.796456,0.325067,0.371820,0.325067,0.593859,0.050886,0.629504,0.692958,0.325067,0.755223,0.817025,0.529785,0.989104,0.674933,0.799215,0.010623,0.034284,0.045901,10.176000,0.842000,87.264797,50.000000
without_preference,medium,0,1000,3.958000,3.012000,3.932000,3.012000,0.920000,0.026000,0.766233,0.761067,0.761067,0.742268,0.829005,0.718989,0.389687,0.451418,0.389687,0.532946,0.070253,0.601808,0.617787,0.386897,0.735887,0.784462,0.533343,0.985496,0.610313,0.800954,0.032850,0.119813,0.162068,24.096000,0.766233,95.769649,50.000000
without_preference,medium,1,1001,4.014000,3.106000,3.970000,3.106000,0.864000,0.044000,0.783567,0.774600,0.774600,0.755578,0.811329,0.724141,0.393891,0.460701,0.393891,0.542770,0.068965,0.610789,0.639038,0.388925,0.735937,0.782627,0.536089,0.985514,0.606109,0.804835,0.033653,0.122285,0.161336,24.848000,0.783567,96.890549,50.000000
without_preference,medium,2,1002,4.022000,3.102000,3.986000,3.102000,0.884000,0.036000,0.776867,0.770133,0.770133,0.750947,0.859163,0.715377,0.393419,0.453715,0.393419,0.547406,0.071156,0.619340,0.644208,0.389561,0.737079,0.782991,0.538543,0.985374,0.606581,0.807476,0.033578,0.122363,0.164930,24.816000,0.776867,96.990998,50.000000
without_preference,medium,3,1003,3.978000,2.970000,3.940000,2.970000,0.970000,0.038000,0.753467,0.746667,0.746667,0.728204,0.813057,0.718406,0.396416,0.458157,0.396416,0.522795,0.070398,0.596859,0.603821,0.392386,0.733381,0.781380,0.531927,0.985395,0.603584,0.799773,0.033067,0.122132,0.162589,23.760000,0.753467,95.861775,50.000000
without_preference,medium,4,1004,3.940000,3.032000,3.920000,3.032000,0.888000,0.020000,0.771433,0.767867,0.767867,0.748873,0.830276,0.714908,0.391762,0.451502,0.391762,0.535886,0.071273,0.607310,0.621737,0.389566,0.737161,0.784788,0.536829,0.985463,0.608238,0.805514,0.032989,0.120218,0.161089,24.256000,0.771433,95.700469,50.000000
without_preference,medium,5,1005,3.992000,3.138000,3.978000,3.138000,0.840000,0.014000,0.791700,0.788633,0.788633,0.768971,0.846535,0.715328,0.380838,0.437493,0.380838,0.542608,0.071168,0.612777,0.634964,0.379356,0.743053,0.787583,0.545435,0.985361,0.619162,0.813910,0.033424,0.123919,0.163583,25.104000,0.791700,96.135174,50.000000
without_preference,medium,6,1006,4.070000,3.170000,4.058000,3.170000,0.888000,0.012000,0.783800,0.781300,0.781300,0.762026,0.809211,0.720591,0.394996,0.455542,0.394996,0.533392,0.069852,0.600302,0.604539,0.393607,0.738209,0.784439,0.541245,0.985543,0.605004,0.809648,0.034072,0.123614,0.165772,25.360000,0.783800,96.637088,50.000000
without_preference,medium,7,1007,4.026000,3.100000,4.002000,3.100000,0.902000,0.024000,0.772933,0.769100,0.769100,0.750057,0.837847,0.722470,0.395340,0.456407,0.395340,0.529480,0.069382,0.602202,0.625095,0.392669,0.738598,0.784960,0.541826,0.985460,0.604660,0.810766,0.033765,0.122386,0.164245,24.800000,0.772933,96.754081,50.000000
without_preference,medium,8,1008,4.022000,3.014000,3.990000,3.014000,0.976000,0.032000,0.755900,0.749267,0.749267,0.730917,0.831194,0.717554,0.399008,0.460036,0.399008,0.532252,0.070611,0.604327,0.627794,0.395148,0.732925,0.783013,0.530184,0.985588,0.600992,0.799040,0.033383,0.121903,0.161685,24.112000,0.755900,95.637476,50.000000
without_preference,medium,9,1009,3.968000,3.018000,3.912000,3.018000,0.894000,0.056000,0.770667,0.759200,0.759200,0.740601,0.818528,0.726265,0.402793,0.473932,0.402793,0.525556,0.068434,0.596910,0.617837,0.396391,0.733068,0.783565,0.532223,0.985490,0.597207,0.800136,0.032718,0.119942,0.160181,24.144000,0.770667,95.975200,50.000000
without_preference,medium,10,1010,3.988000,3.134000,3.974000,3.134000,0.840000,0.014000,0.788333,0.785733,0.785733,0.766171,0.815026,0.717254,0.397042,0.462775,0.397042,0.530083,0.070686,0.602676,0.619806,0.395679,0.737161,0.784642,0.538803,0.985409,0.602958,0.808457,0.033383,0.121883,0.165234,25.072000,0.788333,95.008553,50.000000
without_preference,medium,11,1011,3.982000,3.098000,3.972000,3.098000,0.874000,0.010000,0.774667,0.773100,0.773100,0.753686,0.850151,0.716292,0.398271,0.465435,0.398271,0.531725,0.070927,0.605216,0.630302,0.397202,0.734334,0.782684,0.534165,0.985311,0.601729,0.802270,0.033892,0.122204,0.165635,24.784000,0.774667,95.370980,50.000000
without_preference,medium,12,1012,3.954000,3.066000,3.928000,3.066000,0.862000,0.026000,0.779000,0.772967,0.772967,0.753976,0.839340,0.729890,0.394181,0.461879,0.394181,0.522816,0.067528,0.598852,0.637006,0.390849,0.738250,0.784105,0.541106,0.985538,0.605819,0.809827,0.032857,0.120210,0.159992,24.528000,0.779000,95.568450,50.000000
without_preference,medium,13,1013,3.984000,3.066000,3.936000,3.066000,0.870000,0.048000,0.778900,0.769400,0.769400,0.750488,0.829184,0.720300,0.387662,0.453418,0.387662,0.531606,0.069925,0.603770,0.634723,0.382451,0.738699,0.783878,0.539718,0.985468,0.612338,0.808300,0.032995,0.121377,0.161320,24.528000,0.778900,97.156026,50.000000
without_preference,medium,14,1014,3.972000,3.070000,3.916000,3.070000,0.846000,0.056000,0.789567,0.778067,0.778067,0.758942,0.849210,0.724088,0.386202,0.454005,0.386202,0.530193,0.068978,0.602011,0.634572,0.380413,0.740816,0.784887,0.543840,0.985496,0.613798,0.812339,0.032977,0.119897,0.160364,24.560000,0.789567,96.258156,50.000000
without_preference,medium,15,1015,4.070000,3.070000,4.050000,3.070000,0.980000,0.020000,0.758800,0.755700,0.755700,0.736999,0.852484,0.719869,0.403595,0.461382,0.403595,0.512621,0.070033,0.591258,0.592788,0.401049,0.732695,0.782764,0.531621,0.985485,0.596405,0.800847,0.034041,0.124122,0.166108,24.560000,0.758800,95.437656,50.000000
without_preference,medium,16,1016,4.020000,3.074000,3.986000,3.074000,0.912000,0.034000,0.771833,0.765833,0.765833,0.746908,0.825487,0.724819,0.397860,0.458761,0.397860,0.526183,0.068795,0.596295,0.607483,0.394313,0.735942,0.783318,0.537451,0.985414,0.602140,0.805967,0.033774,0.122983,0.163148,24.592000,0.771833,96.461379,50.000000
without_preference,medium,17,1017,4.020000,3.124000,4.004000,3.124000,0.880000,0.016000,0.781433,0.778067,0.778067,0.758784,0.825792,0.723953,0.392495,0.451276,0.392495,0.534533,0.069012,0.602332,0.609187,0.390643,0.739267,0.786617,0.541435,0.985471,0.607505,0.809686,0.033358,0.123868,0.163527,24.992000,0.781433,95.046233,50.000000
without_preference,medium,18,1018,4.002000,3.122000,3.972000,3.122000,0.850000,0.030000,0.785300,0.780833,0.780833,0.761402,0.825028,0.719063,0.391792,0.455776,0.391792,0.540491,0.070234,0.611706,0.638382,0.389075,0.741036,0.786106,0.545633,0.985423,0.608208,0.814896,0.033787,0.121315,0.164630,24.976000,0.785300,96.350219,50.000000
without_preference,medium,19,1019,3.984000,3.134000,3.956000,3.134000,0.822000,0.028000,0.791867,0.786467,0.786467,0.767055,0.840203,0.721879,0.393897,0.458033,0.393897,0.529266,0.069530,0.603222,0.626771,0.391158,0.738785,0.785318,0.541524,0.985502,0.606103,0.810208,0.033255,0.121461,0.161691,25.072000,0.791867,97.404549,50.000000
without_preference,medium,20,1020,3.980000,3.034000,3.936000,3.034000,0.902000,0.044000,0.770133,0.762200,0.762200,0.743537,0.849312,0.720904,0.390703,0.450141,0.390703,0.525691,0.069774,0.599208,0.615710,0.385040,0.737397,0.783935,0.537848,0.985550,0.609297,0.805847,0.032886,0.118980,0.161889,24.272000,0.770133,95.709568,50.000000
without_preference,medium,21,1021,4.072000,3.244000,4.062000,3.244000,0.818000,0.010000,0.802167,0.800667,0.800667,0.781045,0.837677,0.727413,0.384643,0.442766,0.384643,0.531712,0.068147,0.597135,0.600748,0.383866,0.744985,0.788646,0.551141,0.985646,0.615357,0.819644,0.033745,0.122846,0.164411,25.952000,0.802167,94.929379,50.000000
without_preference,medium,22,1022,3.940000,2.988000,3.902000,2.988000,0.914000,0.038000,0.765967,0.758500,0.758500,0.739690,0.811515,0.718447,0.396045,0.460365,0.396045,0.536110,0.070388,0.607151,0.630377,0.391647,0.733330,0.781100,0.531692,0.985405,0.603955,0.799866,0.032781,0.120106,0.161240,23.904000,0.765967,95.289954,50.000000
without_preference,medium,23,1023,4.066000,3.050000,4.026000,3.050000,0.976000,0.040000,0.761767,0.753700,0.753700,0.734874,0.807367,0.715416,0.397155,0.458960,0.397155,0.524473,0.071146,0.595902,0.586802,0.392637,0.734160,0.782477,0.533072,0.985253,0.602845,0.801968,0.034019,0.127160,0.165173,24.400000,0.761767,95.941221,50.000000
without_preference,medium,24,1024,4.052000,3.064000,4.022000,3.064000,0.958000,0.030000,0.760033,0.754333,0.754333,0.735720,0.843812,0.718032,0.393873,0.454703,0.393873,0.529164,0.070492,0.598069,0.595589,0.390121,0.735911,0.784999,0.534529,0.985536,0.606127,0.802769,0.033666,0.122856,0.164336,24.512000,0.760033,95.258242,50.000000
without_preference,medium,25,1025,3.978000,3.132000,3.942000,3.132000,0.810000,0.036000,0.793867,0.787167,0.787167,0.767505,0.845666,0.728767,0.394255,0.460864,0.394255,0.538895,0.067808,0.611926,0.664516,0.390551,0.739771,0.784831,0.544622,0.985307,0.605745,0.813360,0.033116,0.123256,0.162283,25.056000,0.793867,95.783239,50.000000
without_preference,medium,26,1026,3.976000,3.140000,3.960000,3.140000,0.820000,0.016000,0.795700,0.791367,0.791367,0.771789,0.791373,0.718478,0.390053,0.450508,0.390053,0.546604,0.070381,0.611324,0.628745,0.387792,0.741485,0.786639,0.546163,0.985504,0.609947,0.814176,0.033028,0.121133,0.163447,25.120000,0.795700,95.304263,50.000000
without_preference,medium,27,1027,4.002000,3.104000,3.994000,3.104000,0.890000,0.008000,0.776433,0.775133,0.775133,0.755984,0.828454,0.716582,0.391893,0.455151,0.391893,0.530296,0.070854,0.602746,0.618277,0.390938,0.736722,0.784562,0.536083,0.985490,0.608107,0.804353,0.033328,0.123593,0.162799,24.832000,0.776433,95.754747,50.000000
without_preference,medium,28,1028,4.034000,3.068000,4.002000,3.068000,0.934000,0.032000,0.768900,0.761967,0.761967,0.743208,0.822603,0.719959,0.385374,0.449560,0.385374,0.537960,0.070010,0.607330,0.634134,0.381887,0.740104,0.786569,0.539914,0.985506,0.614626,0.809655,0.033195,0.122907,0.164273,24.544000,0.768900,95.099287,50.000000
without_preference,medium,29,1029,4.060000,3.132000,4.024000,3.132000,0.892000,0.036000,0.778900,0.771800,0.771800,0.752714,0.849687,0.711341,0.399111,0.458572,0.399111,0.531133,0.072165,0.602261,0.614592,0.394802,0.735031,0.783683,0.535793,0.985448,0.600889,0.803322,0.034296,0.124253,0.163405,25.056000,0.778900,96.188244,50.000000
without_preference,medium,30,1030,4.104000,3.174000,4.056000,3.174000,0.882000,0.048000,0.783233,0.774333,0.774333,0.755505,0.847028,0.709638,0.385371,0.448590,0.385371,0.534184,0.072590,0.607240,0.616377,0.380758,0.741903,0.785986,0.545520,0.985615,0.614629,0.813839,0.033896,0.124435,0.163378,25.392000,0.783233,96.550246,50.000000
without_preference,medium,31,1031,4.002000,3.124000,3.982000,3.124000,0.858000,0.020000,0.780767,0.776967,0.776967,0.757508,0.830672,0.719995,0.393641,0.457949,0.393641,0.529342,0.070001,0.599000,0.601461,0.391683,0.738101,0.782963,0.541341,0.985382,0.606359,0.810135,0.033993,0.122008,0.164454,24.992000,0.780767,96.318436,50.000000
without_preference,medium,32,1032,3.976000,3.018000,3.950000,3.018000,0.932000,0.026000,0.760267,0.754900,0.754900,0.736271,0.819059,0.732187,0.393337,0.459848,0.393337,0.516666,0.066953,0.591996,0.613000,0.390756,0.736576,0.783228,0.536999,0.985470,0.606663,0.805945,0.033086,0.121790,0.160931,24.144000,0.760267,94.983742,50.000000
without_preference,medium,33,1033,4.022000,3.118000,3.986000,3.118000,0.868000,0.036000,0.779867,0.773800,0.773800,0.754595,0.836966,0.729842,0.381670,0.450095,0.381670,0.534163,0.067540,0.601727,0.618178,0.377794,0.740163,0.784785,0.540666,0.985416,0.618330,0.808366,0.033485,0.122154,0.164779,24.944000,0.779867,95.996995,50.000000
without_preference,medium,34,1034,3.962000,2.988000,3.890000,2.988000,0.902000,0.072000,0.767267,0.752467,0.752467,0.734017,0.815046,0.722291,0.405949,0.471507,0.405949,0.527078,0.069427,0.600929,0.622503,0.396981,0.733974,0.782573,0.536392,0.985406,0.594051,0.804908,0.032854,0.121190,0.158045,23.904000,0.767267,97.065856,50.000000
without_preference,medium,35,1035,4.050000,3.190000,4.034000,3.190000,0.844000,0.016000,0.787400,0.784967,0.784967,0.765254,0.823442,0.721354,0.385059,0.454183,0.385059,0.537423,0.069661,0.603044,0.611366,0.383566,0.742244,0.786305,0.546251,0.985283,0.614941,0.814395,0.034022,0.125078,0.168624,25.520000,0.787400,96.000334,50.000000
without_preference,medium,36,1036,3.964000,3.082000,3.938000,3.082000,0.856000,0.026000,0.783667,0.778633,0.778633,0.759262,0.832726,0.723922,0.383225,0.458000,0.383225,0.533606,0.069020,0.601773,0.621183,0.380711,0.740832,0.785611,0.542586,0.985370,0.616775,0.810049,0.032871,0.123109,0.160824,24.656000,0.783667,96.671543,50.000000
without_preference,medium,37,1037,3.972000,3.196000,3.960000,3.196000,0.764000,0.012000,0.805033,0.802800,0.802800,0.782734,0.827642,0.733260,0.390085,0.453689,0.390085,0.531828,0.066685,0.598553,0.607268,0.388769,0.742212,0.788419,0.546235,0.985408,0.609915,0.815604,0.033060,0.121223,0.163921,25.568000,0.805033,94.551017,50.000000
without_preference,medium,38,1038,3.972000,3.106000,3.948000,3.106000,0.842000,0.024000,0.788100,0.783033,0.783033,0.763728,0.844165,0.714562,0.390363,0.447185,0.390363,0.539660,0.071359,0.609952,0.630543,0.387537,0.739705,0.785765,0.542215,0.985466,0.609637,0.810569,0.033405,0.122449,0.160598,24.848000,0.788100,95.495440,50.000000
without_preference,medium,39,1039,4.036000,3.064000,3.998000,3.064000,0.934000,0.038000,0.766700,0.759600,0.759600,0.740656,0.843773,0.721371,0.402425,0.468083,0.402425,0.517111,0.069657,0.595124,0.631168,0.398251,0.733480,0.782659,0.533222,0.985354,0.597575,0.802559,0.033835,0.122435,0.166635,24.512000,0.766700,95.619866,50.000000
without_preference,medium,40,1040,4.006000,3.096000,3.972000,3.096000,0.876000,0.034000,0.779967,0.774500,0.774500,0.755411,0.859520,0.727583,0.391951,0.459080,0.391951,0.526326,0.068104,0.600396,0.625113,0.388285,0.738048,0.786235,0.538173,0.985490,0.608049,0.806793,0.032839,0.123728,0.160438,24.768000,0.779967,95.010825,50.000000
without_preference,medium,41,1041,3.990000,3.072000,3.970000,3.072000,0.898000,0.020000,0.774300,0.769533,0.769533,0.750425,0.838466,0.718565,0.389361,0.451094,0.389361,0.531615,0.070359,0.597113,0.592254,0.387057,0.737467,0.784661,0.537173,0.985396,0.610639,0.804766,0.033235,0.123730,0.163046,24.576000,0.774300,95.832056,50.000000
without_preference,medium,42,1042,4.030000,3.152000,4.012000,3.152000,0.860000,0.018000,0.784133,0.780900,0.780900,0.761410,0.856807,0.712185,0.389228,0.446230,0.389228,0.543618,0.071954,0.610496,0.614844,0.387299,0.739413,0.784597,0.541967,0.985326,0.610772,0.810094,0.033740,0.124540,0.166097,25.216000,0.784133,96.696483,50.000000
without_preference,medium,43,1043,3.984000,3.044000,3.936000,3.044000,0.892000,0.048000,0.774400,0.764633,0.764633,0.745524,0.818067,0.712825,0.392993,0.453088,0.392993,0.527779,0.071794,0.595892,0.585473,0.388098,0.735198,0.783325,0.533766,0.985238,0.607007,0.801712,0.033416,0.123421,0.163097,24.352000,0.774400,96.183650,50.000000
without_preference,medium,44,1044,4.010000,3.090000,3.984000,3.090000,0.894000,0.026000,0.777167,0.771433,0.771433,0.752220,0.823542,0.721454,0.403165,0.464411,0.403165,0.518790,0.069636,0.592154,0.602721,0.400293,0.736319,0.784648,0.539468,0.985393,0.596835,0.808648,0.033805,0.123225,0.163709,24.720000,0.777167,96.387353,50.000000
without_preference,medium,45,1045,4.072000,3.166000,4.036000,3.166000,0.870000,0.036000,0.787033,0.778667,0.778667,0.759379,0.821996,0.721517,0.396674,0.467823,0.396674,0.538510,0.069621,0.610941,0.654320,0.392408,0.739286,0.785643,0.543628,0.985407,0.603326,0.812740,0.034053,0.124772,0.165466,25.328000,0.787033,96.642014,50.000000
without_preference,medium,46,1046,3.966000,3.080000,3.922000,3.080000,0.842000,0.044000,0.785767,0.776233,0.776233,0.757150,0.844100,0.722969,0.390105,0.455435,0.390105,0.518864,0.069258,0.593242,0.607443,0.385031,0.737844,0.783852,0.538658,0.985435,0.609895,0.807106,0.032975,0.121430,0.159913,24.640000,0.785767,95.839463,50.000000
without_preference,medium,47,1047,3.976000,3.018000,3.956000,3.018000,0.938000,0.020000,0.763900,0.760400,0.760400,0.741773,0.847986,0.723751,0.390164,0.458482,0.390164,0.519915,0.069062,0.594475,0.608883,0.388082,0.736206,0.783936,0.534146,0.985584,0.609836,0.803062,0.032919,0.122126,0.159293,24.144000,0.763900,95.937875,50.000000
without_preference,medium,48,1048,4.068000,3.084000,4.008000,3.084000,0.924000,0.060000,0.774567,0.763700,0.763700,0.744445,0.850723,0.723966,0.398753,0.463274,0.398753,0.534190,0.069008,0.607780,0.648134,0.391725,0.735237,0.782659,0.536292,0.985104,0.601247,0.805582,0.034191,0.126442,0.169024,24.672000,0.774567,96.593105,50.000000
without_preference,medium,49,1049,4.062000,3.186000,4.036000,3.186000,0.850000,0.026000,0.789767,0.785333,0.785333,0.766110,0.835836,0.718494,0.389447,0.450660,0.389447,0.542662,0.070376,0.612964,0.635523,0.386611,0.741041,0.786812,0.544189,0.985625,0.610553,0.813127,0.033331,0.122581,0.164351,25.488000,0.789767,96.702108,50.000000
without_privacy_gate,extreme,0,1000,10.596000,6.802000,10.482000,6.802000,3.680000,0.000000,0.649718,0.643097,0.649718,0.618745,0.929951,0.700568,0.557457,0.584598,0.557457,0.434962,0.074858,0.557819,0.545482,0.550936,0.709329,0.693028,0.693404,0.977761,0.442543,0.756086,0.105631,0.514592,0.678801,54.416000,0.649718,96.189669,49.144000
without_privacy_gate,extreme,1,1001,10.442000,6.628000,10.350000,6.628000,3.722000,0.000000,0.639352,0.634089,0.639352,0.610173,0.924436,0.707080,0.553187,0.582265,0.553187,0.429348,0.073230,0.548964,0.520585,0.547996,0.710608,0.693676,0.694875,0.977912,0.446813,0.756293,0.104247,0.501393,0.669909,53.024000,0.639352,97.097142,49.114000
without_privacy_gate,extreme,2,1002,10.522000,6.776000,10.446000,6.776000,3.670000,0.000000,0.648452,0.644060,0.648452,0.619675,0.932790,0.712954,0.554654,0.587209,0.554654,0.427088,0.071762,0.555779,0.559706,0.550170,0.711506,0.692306,0.697841,0.977799,0.445346,0.761592,0.105211,0.510584,0.677965,54.208000,0.648452,97.112288,49.434000
without_privacy_gate,extreme,3,1003,10.448000,6.632000,10.354000,6.632000,3.722000,0.000000,0.639423,0.634115,0.639423,0.610139,0.937050,0.689451,0.553648,0.584228,0.553648,0.445071,0.077637,0.566162,0.563842,0.548581,0.708943,0.693333,0.690192,0.977799,0.446352,0.753698,0.104466,0.505381,0.671758,53.056000,0.639423,96.139393,49.060000
without_privacy_gate,extreme,4,1004,10.494000,6.580000,10.402000,6.580000,3.822000,0.000000,0.632312,0.626823,0.632312,0.603030,0.932209,0.700583,0.561965,0.590046,0.561965,0.430472,0.074854,0.555115,0.533260,0.556733,0.706516,0.691382,0.688760,0.977716,0.438035,0.752698,0.105720,0.510227,0.677286,52.640000,0.632312,96.696865,49.136000
without_privacy_gate,extreme,5,1005,10.442000,6.672000,10.346000,6.672000,3.674000,0.000000,0.644992,0.639248,0.644992,0.614982,0.937124,0.708731,0.558067,0.585344,0.558067,0.432649,0.072817,0.553812,0.538068,0.552394,0.708965,0.692949,0.692739,0.977737,0.441933,0.755553,0.105171,0.506113,0.673916,53.376000,0.644992,97.377509,49.168000
without_privacy_gate,extreme,6,1006,10.522000,6.796000,10.432000,6.796000,3.636000,0.000000,0.651448,0.646159,0.651448,0.621688,0.934230,0.700281,0.547232,0.581698,0.547232,0.435279,0.074930,0.557841,0.548471,0.542521,0.711981,0.693005,0.696463,0.977804,0.452768,0.757687,0.105201,0.508574,0.678565,54.368000,0.651448,96.472573,49.098000
without_privacy_gate,extreme,7,1007,10.496000,6.572000,10.398000,6.572000,3.826000,0.000000,0.632767,0.627134,0.632767,0.603350,0.936405,0.705638,0.555129,0.585551,0.555129,0.428760,0.073590,0.551124,0.527466,0.549607,0.705576,0.688776,0.685222,0.977744,0.444871,0.749254,0.104930,0.505905,0.682004,52.576000,0.632767,96.574137,48.928000
without_privacy_gate,extreme,8,1008,10.440000,6.642000,10.368000,6.642000,3.726000,0.000000,0.641841,0.637551,0.641841,0.613268,0.922597,0.709732,0.562345,0.590694,0.562345,0.421206,0.072567,0.545384,0.519657,0.558228,0.707043,0.694278,0.688112,0.977728,0.437655,0.752261,0.104805,0.504542,0.679938,53.136000,0.641841,96.149097,49.208000
without_privacy_gate,extreme,9,1009,10.474000,6.748000,10.366000,6.748000,3.618000,0.000000,0.649817,0.643477,0.649817,0.619163,0.936668,0.703830,0.557885,0.586080,0.557885,0.436193,0.074042,0.558370,0.551507,0.551517,0.710640,0.692856,0.696717,0.977835,0.442115,0.760178,0.104500,0.506358,0.670436,53.984000,0.649817,97.122359,49.314000
without_privacy_gate,extreme,10,1010,10.516000,6.828000,10.424000,6.828000,3.596000,0.000000,0.656146,0.650365,0.656146,0.625637,0.930934,0.702932,0.555402,0.582631,0.555402,0.433615,0.074267,0.557970,0.548131,0.549998,0.710933,0.694280,0.695214,0.977723,0.444598,0.759193,0.105327,0.510712,0.678798,54.624000,0.656146,96.560603,49.148000
without_privacy_gate,extreme,11,1011,10.456000,6.670000,10.376000,6.670000,3.706000,0.000000,0.642181,0.637544,0.642181,0.613657,0.930301,0.700570,0.548219,0.582451,0.548219,0.433371,0.074857,0.555342,0.541410,0.543649,0.710704,0.695134,0.691550,0.978029,0.451781,0.753791,0.104269,0.500522,0.667312,53.360000,0.642181,95.817085,49.150000
without_privacy_gate,extreme,12,1012,10.422000,6.718000,10.362000,6.718000,3.644000,0.000000,0.650086,0.646322,0.650086,0.621724,0.934020,0.700220,0.552711,0.584377,0.552711,0.437465,0.074945,0.555742,0.535112,0.549396,0.710448,0.694883,0.692611,0.977750,0.447289,0.756030,0.104911,0.506428,0.675404,53.744000,0.650086,97.418901,49.340000
without_privacy_gate,extreme,13,1013,10.408000,6.570000,10.304000,6.570000,3.734000,0.000000,0.638535,0.632611,0.638535,0.608623,0.925064,0.696663,0.548713,0.577876,0.548713,0.433193,0.075834,0.554659,0.528720,0.542649,0.708257,0.691617,0.687695,0.977738,0.451287,0.750893,0.104105,0.503744,0.672195,52.560000,0.638535,96.541169,49.098000
without_privacy_gate,extreme,14,1014,10.464000,6.636000,10.368000,6.636000,3.732000,0.000000,0.640547,0.634556,0.640547,0.610672,0.922164,0.713840,0.553286,0.581732,0.553286,0.422767,0.071540,0.544566,0.518918,0.547701,0.709310,0.693668,0.690968,0.977936,0.446714,0.753803,0.103713,0.503914,0.670375,53.088000,0.640547,96.435706,49.334000
without_privacy_gate,extreme,15,1015,10.586000,6.616000,10.458000,6.616000,3.842000,0.000000,0.630702,0.623463,0.630702,0.600037,0.927215,0.697607,0.552567,0.579108,0.552567,0.428638,0.075598,0.554506,0.535598,0.545146,0.708618,0.691244,0.689960,0.977897,0.447433,0.754357,0.105798,0.503512,0.681082,52.928000,0.630702,96.707168,48.942000
without_privacy_gate,extreme,16,1016,10.440000,6.748000,10.352000,6.748000,3.604000,0.000000,0.650053,0.644647,0.650053,0.620179,0.929474,0.711880,0.553751,0.584550,0.553751,0.420097,0.072030,0.547229,0.531595,0.548705,0.710549,0.692196,0.695772,0.977752,0.446249,0.757938,0.104224,0.505655,0.675871,53.984000,0.650053,97.127442,49.354000
without_privacy_gate,extreme,17,1017,10.608000,6.752000,10.526000,6.752000,3.774000,0.000000,0.641067,0.636417,0.641067,0.612164,0.932183,0.707250,0.551788,0.583585,0.551788,0.428158,0.073188,0.551146,0.526452,0.547286,0.709468,0.692907,0.691823,0.977659,0.448212,0.753662,0.106754,0.519863,0.684713,54.016000,0.641067,96.405015,49.264000
without_privacy_gate,extreme,18,1018,10.450000,6.822000,10.342000,6.822000,3.520000,0.000000,0.659625,0.652777,0.659625,0.628044,0.924513,0.683068,0.534920,0.566283,0.534920,0.452999,0.079233,0.569819,0.555716,0.529020,0.717566,0.697016,0.704124,0.977755,0.465080,0.762036,0.104140,0.505553,0.673845,54.576000,0.659625,95.755343,49.148000
without_privacy_gate,extreme,19,1019,10.510000,6.662000,10.410000,6.662000,3.748000,0.000000,0.640417,0.634167,0.640417,0.610029,0.932733,0.700381,0.554778,0.583729,0.554778,0.431417,0.074905,0.557248,0.546261,0.548931,0.708486,0.691370,0.690896,0.977654,0.445222,0.754561,0.105167,0.512676,0.679587,53.296000,0.640417,97.287202,49.006000
without_privacy_gate,extreme,20,1020,10.468000,6.642000,10.406000,6.642000,3.764000,0.000000,0.639017,0.635359,0.639017,0.611330,0.928054,0.703951,0.563161,0.590125,0.563161,0.435500,0.074012,0.559542,0.559258,0.559574,0.706293,0.691409,0.687435,0.977852,0.436839,0.754139,0.104559,0.507809,0.674473,53.136000,0.639017,95.800106,49.358000
without_privacy_gate,extreme,21,1021,10.540000,6.562000,10.394000,6.562000,3.832000,0.000000,0.629782,0.621590,0.629782,0.598070,0.919363,0.697693,0.546386,0.576857,0.546386,0.430729,0.075577,0.548321,0.511652,0.538101,0.706900,0.687906,0.686713,0.977668,0.453614,0.747991,0.105563,0.509410,0.679648,52.496000,0.629782,96.912500,48.762000
without_privacy_gate,extreme,22,1022,10.486000,6.572000,10.396000,6.572000,3.824000,0.000000,0.632273,0.627098,0.632273,0.603532,0.923957,0.707250,0.556472,0.583820,0.556472,0.426147,0.073187,0.551511,0.528790,0.551383,0.709145,0.692927,0.691637,0.977974,0.443528,0.756306,0.104751,0.503247,0.669350,52.576000,0.632273,96.605071,49.198000
without_privacy_gate,extreme,23,1023,10.544000,6.706000,10.432000,6.706000,3.726000,0.000000,0.642510,0.635798,0.642510,0.611581,0.939888,0.706767,0.556749,0.585767,0.556749,0.431609,0.073308,0.558741,0.556052,0.550452,0.709608,0.691134,0.694855,0.977600,0.443251,0.758435,0.105820,0.511833,0.686385,53.648000,0.642510,95.764772,49.020000
without_privacy_gate,extreme,24,1024,10.456000,6.684000,10.348000,6.684000,3.664000,0.000000,0.646102,0.639199,0.646102,0.615101,0.914793,0.687270,0.547307,0.580524,0.547307,0.444108,0.078182,0.560137,0.537135,0.541274,0.710546,0.692246,0.694022,0.977838,0.452693,0.753640,0.104648,0.503935,0.670042,53.472000,0.646102,96.940909,48.748000
without_privacy_gate,extreme,25,1025,10.452000,6.722000,10.356000,6.722000,3.634000,0.000000,0.648821,0.643189,0.648821,0.618834,0.934927,0.693768,0.546588,0.577148,0.546588,0.442617,0.076558,0.560589,0.547099,0.541186,0.713325,0.694924,0.698212,0.977767,0.453412,0.759612,0.104188,0.505067,0.675509,53.776000,0.648821,96.083158,49.156000
without_privacy_gate,extreme,26,1026,10.444000,6.672000,10.374000,6.672000,3.702000,0.000000,0.643977,0.639740,0.643977,0.615436,0.932565,0.693144,0.551165,0.582189,0.551165,0.436527,0.076714,0.559281,0.545306,0.546895,0.710212,0.693651,0.692913,0.977733,0.448835,0.754734,0.103976,0.508354,0.678746,53.376000,0.643977,95.919196,49.260000
without_privacy_gate,extreme,27,1027,10.504000,6.730000,10.420000,6.730000,3.690000,0.000000,0.644985,0.639769,0.644985,0.615431,0.930663,0.701937,0.556315,0.587695,0.556315,0.431019,0.074516,0.554054,0.532981,0.551394,0.709625,0.693280,0.693238,0.977732,0.443685,0.756551,0.104999,0.511190,0.678330,53.840000,0.644985,95.921191,49.384000
without_privacy_gate,extreme,28,1028,10.480000,6.648000,10.408000,6.648000,3.760000,0.000000,0.638733,0.634532,0.638733,0.610473,0.934407,0.690603,0.555266,0.586174,0.555266,0.436296,0.077349,0.564044,0.563258,0.551199,0.709701,0.691997,0.694069,0.977808,0.444734,0.756909,0.105485,0.505515,0.679086,53.184000,0.638733,95.950707,49.144000
without_privacy_gate,extreme,29,1029,10.552000,6.746000,10.448000,6.746000,3.702000,0.000000,0.644540,0.638383,0.644540,0.614113,0.940378,0.703389,0.550296,0.581091,0.550296,0.432336,0.074153,0.551876,0.528622,0.544393,0.710627,0.692122,0.694973,0.977713,0.449704,0.756178,0.105582,0.512095,0.682059,53.968000,0.644540,97.207841,49.106000
without_privacy_gate,extreme,30,1030,10.462000,6.886000,10.390000,6.886000,3.504000,0.000000,0.662219,0.658139,0.662219,0.633145,0.941554,0.697704,0.544891,0.575700,0.544891,0.446614,0.075574,0.565427,0.550252,0.540867,0.716020,0.696312,0.703757,0.977810,0.455109,0.764337,0.104486,0.506479,0.676263,55.088000,0.662219,96.286891,49.136000
without_privacy_gate,extreme,31,1031,10.528000,6.762000,10.448000,6.762000,3.686000,0.000000,0.645838,0.641333,0.645838,0.616933,0.934215,0.696572,0.553816,0.583765,0.553816,0.441680,0.075857,0.559777,0.538827,0.549405,0.711797,0.694703,0.696916,0.977686,0.446184,0.759852,0.105537,0.515137,0.679558,54.096000,0.645838,95.902189,49.112000
without_privacy_gate,extreme,32,1032,10.544000,6.732000,10.422000,6.732000,3.690000,0.000000,0.646264,0.639469,0.646264,0.615316,0.927737,0.693683,0.553767,0.581136,0.553767,0.442125,0.076579,0.561181,0.542613,0.547292,0.710134,0.692068,0.694885,0.977815,0.446233,0.756796,0.105038,0.506671,0.679649,53.856000,0.646264,95.838087,49.148000
without_privacy_gate,extreme,33,1033,10.466000,6.690000,10.402000,6.690000,3.712000,0.000000,0.643765,0.639540,0.643765,0.615429,0.936135,0.690755,0.548893,0.580710,0.548893,0.439163,0.077311,0.562625,0.547954,0.545113,0.710418,0.694818,0.691376,0.977948,0.451107,0.753590,0.104016,0.503552,0.673997,53.520000,0.643765,96.283242,49.226000
without_privacy_gate,extreme,34,1034,10.472000,6.644000,10.362000,6.644000,3.718000,0.000000,0.641203,0.634628,0.641203,0.610436,0.934741,0.695199,0.565887,0.590815,0.565887,0.438769,0.076200,0.563525,0.564797,0.559405,0.704298,0.690416,0.685623,0.977633,0.434113,0.749185,0.104656,0.510020,0.679986,53.152000,0.641203,97.374100,49.088000
without_privacy_gate,extreme,35,1035,10.466000,6.712000,10.388000,6.712000,3.676000,0.000000,0.646489,0.642159,0.646489,0.617728,0.925231,0.697765,0.557043,0.585331,0.557043,0.442516,0.075559,0.557938,0.542999,0.552609,0.707027,0.692024,0.687917,0.977757,0.442957,0.750849,0.105541,0.504250,0.680346,53.696000,0.646489,96.377873,49.148000
without_privacy_gate,extreme,36,1036,10.464000,6.818000,10.352000,6.818000,3.534000,0.000000,0.658934,0.652134,0.658934,0.627574,0.929223,0.695822,0.550890,0.580150,0.550890,0.447456,0.076045,0.565474,0.559816,0.544771,0.710984,0.692257,0.696161,0.977870,0.449110,0.756950,0.104131,0.506734,0.666959,54.544000,0.658934,96.294905,48.856000
without_privacy_gate,extreme,37,1037,10.556000,6.778000,10.514000,6.778000,3.736000,0.000000,0.645192,0.642285,0.645192,0.618087,0.931914,0.711827,0.557096,0.588190,0.557096,0.421700,0.072043,0.548618,0.516854,0.554666,0.709177,0.693493,0.692251,0.978012,0.442904,0.755324,0.105454,0.506071,0.678990,54.224000,0.645192,96.727759,49.498000
without_privacy_gate,extreme,38,1038,10.580000,6.734000,10.466000,6.734000,3.732000,0.000000,0.643544,0.636933,0.643544,0.612824,0.935529,0.696349,0.554692,0.584924,0.554692,0.431665,0.075913,0.555099,0.532234,0.548193,0.708456,0.691481,0.691659,0.977738,0.445308,0.753008,0.106068,0.509177,0.686342,53.872000,0.643544,96.450373,48.880000
without_privacy_gate,extreme,39,1039,10.536000,6.754000,10.442000,6.754000,3.688000,0.000000,0.645845,0.639967,0.645845,0.615933,0.933366,0.693864,0.549852,0.581887,0.549852,0.441140,0.076534,0.561815,0.549090,0.544522,0.710605,0.692965,0.694177,0.977987,0.450148,0.754984,0.104840,0.508494,0.669111,54.032000,0.645845,96.564775,49.156000
without_privacy_gate,extreme,40,1040,10.524000,6.680000,10.434000,6.680000,3.754000,0.000000,0.639424,0.634294,0.639424,0.610259,0.927792,0.708280,0.552283,0.582985,0.552283,0.423979,0.072930,0.546071,0.512079,0.547069,0.709082,0.692516,0.690495,0.977809,0.447717,0.754115,0.105273,0.510814,0.674898,53.440000,0.639424,97.096283,49.318000
without_privacy_gate,extreme,41,1041,10.594000,6.668000,10.476000,6.668000,3.808000,0.000000,0.635861,0.629215,0.635861,0.605279,0.919742,0.697247,0.551164,0.583578,0.551164,0.430651,0.075688,0.556222,0.548675,0.544782,0.707120,0.689480,0.687592,0.977663,0.448836,0.750299,0.105724,0.514552,0.685395,53.344000,0.635861,97.275868,49.032000
without_privacy_gate,extreme,42,1042,10.528000,6.698000,10.464000,6.698000,3.766000,0.000000,0.640497,0.636780,0.640497,0.612551,0.939593,0.706865,0.557214,0.586325,0.557214,0.424623,0.073284,0.551540,0.532565,0.553651,0.708775,0.692512,0.691328,0.977725,0.442786,0.756180,0.105275,0.514899,0.681047,53.584000,0.640497,96.469077,49.342000
without_privacy_gate,extreme,43,1043,10.524000,6.598000,10.400000,6.598000,3.802000,0.000000,0.633743,0.626004,0.633743,0.602305,0.932915,0.694783,0.555482,0.581865,0.555482,0.434413,0.076304,0.554222,0.527056,0.548440,0.707090,0.691870,0.687446,0.977745,0.444518,0.750564,0.104605,0.508198,0.677543,52.784000,0.633743,97.075796,49.198000
without_privacy_gate,extreme,44,1044,10.508000,6.748000,10.408000,6.748000,3.660000,0.000000,0.648692,0.643001,0.648692,0.618521,0.939187,0.692933,0.542383,0.574684,0.542383,0.442313,0.076767,0.564535,0.560730,0.536797,0.712791,0.692274,0.697479,0.977679,0.457617,0.757691,0.105394,0.506516,0.686032,53.984000,0.648692,96.650585,49.232000
without_privacy_gate,extreme,45,1045,10.478000,6.616000,10.408000,6.616000,3.792000,0.000000,0.635615,0.631746,0.635615,0.607786,0.926463,0.705474,0.563587,0.592137,0.563587,0.430668,0.073631,0.552705,0.529152,0.559777,0.706195,0.692416,0.687740,0.977775,0.436413,0.751971,0.104767,0.508390,0.677467,52.928000,0.635615,95.669198,49.322000
without_privacy_gate,extreme,46,1046,10.598000,6.764000,10.494000,6.764000,3.730000,0.000000,0.644591,0.638725,0.644591,0.614534,0.935696,0.707255,0.548998,0.577875,0.548998,0.431775,0.073186,0.550712,0.526441,0.543356,0.710915,0.692227,0.694974,0.977750,0.451002,0.756394,0.106243,0.512715,0.684651,54.112000,0.644591,96.375513,48.898000
without_privacy_gate,extreme,47,1047,10.516000,6.716000,10.414000,6.716000,3.698000,0.000000,0.644640,0.638483,0.644640,0.614357,0.931050,0.695006,0.547660,0.579909,0.547660,0.437460,0.076249,0.559022,0.539577,0.542055,0.710140,0.690970,0.694079,0.977813,0.452340,0.753630,0.105633,0.506938,0.677784,53.728000,0.644640,97.220797,49.002000
without_privacy_gate,extreme,48,1048,10.470000,6.762000,10.346000,6.762000,3.584000,0.000000,0.652500,0.644745,0.652500,0.620178,0.929653,0.693821,0.538077,0.570169,0.538077,0.447425,0.076545,0.565493,0.560055,0.531183,0.713163,0.691641,0.696984,0.977643,0.461923,0.757361,0.104018,0.508665,0.678728,54.096000,0.652500,96.780680,48.928000
without_privacy_gate,extreme,49,1049,10.540000,6.814000,10.442000,6.814000,3.628000,0.000000,0.652403,0.646410,0.652403,0.621997,0.935226,0.703927,0.549803,0.579416,0.549803,0.428320,0.074018,0.547684,0.513955,0.544124,0.711122,0.694502,0.694211,0.977859,0.450197,0.755556,0.105061,0.506717,0.679133,54.512000,0.652403,96.703316,49.168000
without_privacy_gate,high,0,1000,7.002000,5.134000,7.002000,5.134000,1.868000,0.000000,0.732893,0.732893,0.732893,0.710089,0.876534,0.700807,0.480268,0.534884,0.480268,0.480520,0.074798,0.581609,0.591759,0.480268,0.758469,0.754000,0.744994,0.981830,0.519732,0.799260,0.065277,0.275834,0.365012,41.072000,0.732893,96.197077,50.000000
without_privacy_gate,high,1,1001,6.940000,5.066000,6.940000,5.066000,1.874000,0.000000,0.727655,0.727655,0.727655,0.705124,0.887624,0.701600,0.478038,0.529158,0.478038,0.485752,0.074600,0.578396,0.572829,0.478038,0.755998,0.752708,0.737590,0.981917,0.521962,0.794141,0.063538,0.272664,0.360235,40.528000,0.727655,96.189652,50.000000
without_privacy_gate,high,2,1002,7.018000,5.038000,7.018000,5.038000,1.980000,0.000000,0.717821,0.717821,0.717821,0.695327,0.877628,0.703365,0.498308,0.545601,0.498308,0.468528,0.074159,0.574293,0.577102,0.498308,0.748099,0.748518,0.727297,0.981715,0.501692,0.787927,0.064933,0.279034,0.368892,40.304000,0.717821,96.216181,50.000000
without_privacy_gate,high,3,1003,6.940000,5.052000,6.940000,5.052000,1.888000,0.000000,0.728179,0.728179,0.728179,0.705459,0.867899,0.706382,0.494156,0.545213,0.494156,0.477786,0.073405,0.581865,0.602429,0.494156,0.752846,0.752417,0.736415,0.981812,0.505844,0.793507,0.063955,0.274983,0.361195,40.416000,0.728179,96.302987,50.000000
without_privacy_gate,high,4,1004,6.992000,5.082000,6.992000,5.082000,1.910000,0.000000,0.726060,0.726060,0.726060,0.703297,0.893035,0.707529,0.484030,0.535248,0.484030,0.467846,0.073118,0.573787,0.585794,0.484030,0.754612,0.752454,0.736611,0.981695,0.515970,0.793770,0.065170,0.274845,0.371198,40.656000,0.726060,97.252089,49.994000
without_privacy_gate,high,5,1005,6.980000,5.090000,6.980000,5.090000,1.890000,0.000000,0.730440,0.730440,0.730440,0.707758,0.867236,0.712774,0.488119,0.541129,0.488119,0.478062,0.071806,0.582846,0.616219,0.488119,0.753649,0.751975,0.735563,0.981968,0.511881,0.794001,0.063680,0.268768,0.366925,40.720000,0.730440,95.638904,50.000000
without_privacy_gate,high,6,1006,7.018000,5.044000,7.018000,5.044000,1.974000,0.000000,0.721036,0.721036,0.721036,0.698447,0.892602,0.703801,0.490263,0.544970,0.490263,0.467826,0.074050,0.574780,0.582541,0.490263,0.751411,0.750847,0.731113,0.981755,0.509737,0.790748,0.065059,0.278080,0.367753,40.352000,0.721036,96.202732,50.000000
without_privacy_gate,high,7,1007,6.982000,4.920000,6.980000,4.920000,2.060000,0.000000,0.704655,0.704512,0.704655,0.682516,0.857421,0.711691,0.489946,0.540487,0.489946,0.462616,0.072077,0.568753,0.575025,0.489786,0.750142,0.750315,0.728420,0.981793,0.510054,0.787253,0.064775,0.275074,0.365459,39.360000,0.704655,96.159588,49.996000
without_privacy_gate,high,8,1008,7.046000,5.194000,7.046000,5.194000,1.852000,0.000000,0.737952,0.737952,0.737952,0.715201,0.862692,0.705431,0.481304,0.535744,0.481304,0.466252,0.073642,0.569849,0.567698,0.481304,0.757515,0.755091,0.742816,0.982023,0.518696,0.795467,0.064531,0.273847,0.364154,41.552000,0.737952,95.871826,50.000000
without_privacy_gate,high,9,1009,6.994000,5.152000,6.994000,5.152000,1.842000,0.000000,0.736060,0.736060,0.736060,0.713043,0.870310,0.706837,0.480966,0.536337,0.480966,0.477542,0.073291,0.580849,0.597019,0.480966,0.759084,0.753667,0.746055,0.981783,0.519034,0.802837,0.064393,0.274305,0.369300,41.216000,0.736060,96.917185,50.000000
without_privacy_gate,high,10,1010,7.028000,5.154000,7.028000,5.154000,1.874000,0.000000,0.731821,0.731821,0.731821,0.708896,0.877627,0.700487,0.485080,0.539237,0.485080,0.483443,0.074878,0.582248,0.590592,0.485080,0.754642,0.750915,0.738277,0.981736,0.514920,0.795305,0.065520,0.277561,0.369785,41.232000,0.731821,96.211587,50.000000
without_privacy_gate,high,11,1011,7.002000,5.172000,7.002000,5.172000,1.830000,0.000000,0.737548,0.737548,0.737548,0.714496,0.874841,0.707322,0.481489,0.538654,0.481489,0.481531,0.073169,0.582988,0.603250,0.481489,0.755448,0.751844,0.738974,0.981754,0.518511,0.794053,0.064792,0.274789,0.369899,41.376000,0.737548,96.080686,49.996000
without_privacy_gate,high,12,1012,6.966000,5.118000,6.966000,5.118000,1.848000,0.000000,0.734893,0.734893,0.734893,0.712055,0.876156,0.701846,0.493733,0.545141,0.493733,0.481798,0.074539,0.583546,0.597178,0.493733,0.752631,0.751650,0.736580,0.981838,0.506267,0.792825,0.064014,0.274756,0.362982,40.944000,0.734893,98.165256,50.000000
without_privacy_gate,high,13,1013,7.016000,5.186000,7.016000,5.186000,1.830000,0.000000,0.737560,0.737560,0.737560,0.714633,0.868515,0.703190,0.477806,0.530399,0.477806,0.479959,0.074203,0.575180,0.557945,0.477806,0.757418,0.752470,0.741995,0.981856,0.522194,0.797017,0.065021,0.274323,0.366640,41.488000,0.737560,96.583227,50.000000
without_privacy_gate,high,14,1014,6.946000,5.088000,6.946000,5.088000,1.858000,0.000000,0.732143,0.732143,0.732143,0.709486,0.869580,0.709903,0.484374,0.532134,0.484374,0.466546,0.072524,0.570349,0.568048,0.484374,0.755802,0.752488,0.740256,0.981954,0.515626,0.796077,0.063953,0.269247,0.363059,40.704000,0.732143,96.299242,50.000000
without_privacy_gate,high,15,1015,7.034000,5.136000,7.034000,5.136000,1.898000,0.000000,0.729429,0.729429,0.729429,0.706738,0.871949,0.692520,0.476099,0.534922,0.476099,0.476095,0.076870,0.578963,0.579864,0.476099,0.754918,0.751162,0.735006,0.981834,0.523901,0.791831,0.065335,0.276456,0.366576,41.088000,0.729429,96.565771,50.000000
without_privacy_gate,high,16,1016,6.970000,5.070000,6.970000,5.070000,1.900000,0.000000,0.727976,0.727976,0.727976,0.705244,0.879022,0.713748,0.495145,0.540573,0.495145,0.468352,0.071563,0.573641,0.592494,0.495145,0.751654,0.750175,0.735440,0.981781,0.504855,0.792406,0.065144,0.276919,0.361596,40.560000,0.727976,97.649468,50.000000
without_privacy_gate,high,17,1017,7.000000,5.092000,7.000000,5.092000,1.908000,0.000000,0.726702,0.726702,0.726702,0.704011,0.877570,0.717961,0.489643,0.541835,0.489643,0.463897,0.070510,0.571572,0.589536,0.489643,0.754295,0.751716,0.739572,0.981812,0.510357,0.794645,0.064910,0.274287,0.368088,40.736000,0.726702,97.121277,50.000000
without_privacy_gate,high,18,1018,7.052000,5.110000,7.050000,5.110000,1.940000,0.000000,0.725929,0.725750,0.725929,0.703280,0.869531,0.719411,0.486589,0.539985,0.486589,0.466252,0.070147,0.569098,0.575350,0.486447,0.752901,0.751447,0.734185,0.981924,0.513411,0.790745,0.065149,0.274952,0.367134,40.880000,0.725929,97.014806,49.992000
without_privacy_gate,high,19,1019,7.052000,5.162000,7.052000,5.162000,1.890000,0.000000,0.731024,0.731024,0.731024,0.708388,0.882869,0.713109,0.499804,0.548177,0.499804,0.466615,0.071723,0.574513,0.596570,0.499804,0.751317,0.749426,0.735607,0.981950,0.500196,0.795902,0.065233,0.275218,0.367232,41.296000,0.731024,96.400276,50.000000
without_privacy_gate,high,20,1020,6.950000,5.028000,6.950000,5.028000,1.922000,0.000000,0.722369,0.722369,0.722369,0.699833,0.872247,0.715824,0.492493,0.541461,0.492493,0.465613,0.071044,0.568012,0.572081,0.492493,0.750792,0.750495,0.731125,0.981800,0.507507,0.789787,0.064376,0.274601,0.363312,40.224000,0.722369,96.617017,50.000000
without_privacy_gate,high,21,1021,6.992000,5.150000,6.992000,5.150000,1.842000,0.000000,0.736321,0.736321,0.736321,0.713371,0.872403,0.704107,0.476935,0.536505,0.476935,0.478889,0.073973,0.581260,0.602979,0.476935,0.756119,0.747914,0.740690,0.981868,0.523065,0.797671,0.065170,0.272557,0.365244,41.200000,0.736321,97.330070,50.000000
without_privacy_gate,high,22,1022,6.972000,5.060000,6.972000,5.060000,1.912000,0.000000,0.724393,0.724393,0.724393,0.701924,0.873712,0.708203,0.488420,0.537120,0.488420,0.468777,0.072949,0.578962,0.607394,0.488420,0.754359,0.751602,0.737666,0.981914,0.511580,0.796433,0.063748,0.271392,0.364921,40.480000,0.724393,97.061742,49.998000
without_privacy_gate,high,23,1023,7.062000,5.110000,7.062000,5.110000,1.952000,0.000000,0.723536,0.723536,0.723536,0.701049,0.893568,0.716982,0.493516,0.544806,0.493516,0.464428,0.070754,0.575245,0.603097,0.493516,0.753355,0.752808,0.736523,0.981852,0.506484,0.795081,0.064962,0.279013,0.367405,40.880000,0.723536,96.478870,50.000000
without_privacy_gate,high,24,1024,7.044000,5.084000,7.044000,5.084000,1.960000,0.000000,0.723060,0.723060,0.723060,0.700624,0.901639,0.709391,0.498436,0.546927,0.498436,0.466023,0.072652,0.572156,0.578145,0.498436,0.750053,0.750375,0.732325,0.981895,0.501564,0.789798,0.065544,0.275104,0.367697,40.672000,0.723060,96.681086,50.000000
without_privacy_gate,high,25,1025,7.010000,5.110000,7.010000,5.110000,1.900000,0.000000,0.728298,0.728298,0.728298,0.705854,0.850493,0.714378,0.490833,0.539505,0.490833,0.474741,0.071406,0.572508,0.573326,0.490833,0.753579,0.751678,0.737480,0.982011,0.509167,0.794195,0.064724,0.272993,0.362157,40.880000,0.728298,97.049588,50.000000
without_privacy_gate,high,26,1026,6.972000,5.110000,6.972000,5.110000,1.862000,0.000000,0.731762,0.731762,0.731762,0.709123,0.874686,0.713219,0.489198,0.540719,0.489198,0.472406,0.071695,0.575882,0.587655,0.489198,0.755584,0.753803,0.739218,0.981948,0.510802,0.798793,0.064230,0.273717,0.359995,40.880000,0.731762,94.952891,50.000000
without_privacy_gate,high,27,1027,7.018000,5.044000,7.018000,5.044000,1.974000,0.000000,0.717262,0.717262,0.717262,0.694816,0.852774,0.699984,0.483047,0.534372,0.483047,0.481551,0.075004,0.581716,0.595764,0.483047,0.752929,0.751616,0.732807,0.981793,0.516953,0.789059,0.065153,0.274084,0.370802,40.352000,0.717262,96.554834,50.000000
without_privacy_gate,high,28,1028,7.028000,5.074000,7.028000,5.074000,1.954000,0.000000,0.721286,0.721286,0.721286,0.698854,0.890938,0.720276,0.493934,0.541317,0.493934,0.459285,0.069931,0.566822,0.577145,0.493934,0.751541,0.750844,0.732801,0.981857,0.506066,0.792852,0.064452,0.274616,0.369324,40.592000,0.721286,95.505542,50.000000
without_privacy_gate,high,29,1029,7.024000,5.150000,7.024000,5.150000,1.874000,0.000000,0.733988,0.733988,0.733988,0.711090,0.881947,0.695584,0.479262,0.535357,0.479262,0.473997,0.076104,0.577693,0.575303,0.479262,0.756523,0.751889,0.739395,0.981807,0.520738,0.797586,0.064849,0.274999,0.370383,41.200000,0.733988,96.295779,49.998000
without_privacy_gate,high,30,1030,6.996000,5.220000,6.996000,5.220000,1.776000,0.000000,0.746798,0.746798,0.746798,0.723448,0.867887,0.693196,0.472496,0.532451,0.472496,0.497840,0.076701,0.591062,0.604668,0.472496,0.761836,0.754749,0.750534,0.981767,0.527504,0.803118,0.065170,0.274956,0.368432,41.760000,0.746798,95.981302,50.000000
without_privacy_gate,high,31,1031,6.994000,5.128000,6.994000,5.128000,1.866000,0.000000,0.733298,0.733298,0.733298,0.710445,0.872554,0.701308,0.481907,0.532359,0.481907,0.477092,0.074673,0.577819,0.585459,0.481907,0.755808,0.752975,0.739296,0.981872,0.518093,0.794195,0.065054,0.273385,0.365670,41.024000,0.733298,96.687968,50.000000
without_privacy_gate,high,32,1032,7.038000,5.130000,7.038000,5.130000,1.908000,0.000000,0.727440,0.727440,0.727440,0.704699,0.868349,0.711183,0.485534,0.542871,0.485534,0.470234,0.072204,0.572571,0.573757,0.485534,0.755266,0.751881,0.740113,0.981758,0.514466,0.795422,0.065382,0.280025,0.366384,41.040000,0.727440,97.301758,50.000000
without_privacy_gate,high,33,1033,7.024000,5.100000,7.024000,5.100000,1.924000,0.000000,0.726167,0.726167,0.726167,0.703535,0.877522,0.695407,0.482832,0.536663,0.482832,0.478062,0.076148,0.582746,0.588974,0.482832,0.755155,0.751201,0.738333,0.981806,0.517168,0.795509,0.065228,0.276240,0.367363,40.800000,0.726167,96.580884,50.000000
without_privacy_gate,high,34,1034,7.034000,5.094000,7.034000,5.094000,1.940000,0.000000,0.724429,0.724429,0.724429,0.701905,0.858762,0.699178,0.485977,0.541164,0.485977,0.482439,0.075206,0.585174,0.601238,0.485977,0.752732,0.750225,0.733517,0.981863,0.514023,0.792110,0.064963,0.276004,0.366585,40.752000,0.724429,95.473590,50.000000
without_privacy_gate,high,35,1035,7.004000,5.092000,7.004000,5.092000,1.912000,0.000000,0.727643,0.727643,0.727643,0.704725,0.861837,0.701652,0.484410,0.535496,0.484410,0.475854,0.074587,0.578408,0.582311,0.484410,0.754183,0.750810,0.737036,0.981655,0.515590,0.793786,0.065419,0.276861,0.370071,40.736000,0.727643,97.656927,49.998000
without_privacy_gate,high,36,1036,6.990000,5.084000,6.990000,5.084000,1.906000,0.000000,0.727952,0.727952,0.727952,0.705205,0.876246,0.711555,0.480914,0.536791,0.480914,0.461405,0.072111,0.566031,0.565789,0.480914,0.754691,0.750509,0.737504,0.981789,0.519086,0.793082,0.064548,0.275635,0.365707,40.672000,0.727952,96.905808,49.998000
without_privacy_gate,high,37,1037,6.998000,5.120000,6.998000,5.120000,1.878000,0.000000,0.731143,0.731143,0.731143,0.708389,0.886881,0.709296,0.476757,0.535061,0.476757,0.477125,0.072676,0.581134,0.604573,0.476757,0.757857,0.752673,0.741888,0.981807,0.523243,0.798452,0.065170,0.276231,0.364311,40.960000,0.731143,96.468207,50.000000
without_privacy_gate,high,38,1038,6.982000,5.138000,6.982000,5.138000,1.844000,0.000000,0.735060,0.735060,0.735060,0.712185,0.879828,0.703110,0.485930,0.536674,0.485930,0.476022,0.074223,0.575259,0.569451,0.485930,0.756338,0.753318,0.741564,0.981836,0.514070,0.797837,0.064667,0.273335,0.365567,41.104000,0.735060,96.406027,50.000000
without_privacy_gate,high,39,1039,7.004000,5.172000,7.004000,5.172000,1.832000,0.000000,0.739238,0.739238,0.739238,0.716129,0.890699,0.698936,0.483182,0.534100,0.483182,0.487184,0.075266,0.587169,0.605420,0.483182,0.754857,0.751278,0.737058,0.981776,0.516818,0.795674,0.064847,0.275726,0.367145,41.376000,0.739238,97.057047,50.000000
without_privacy_gate,high,40,1040,6.996000,5.098000,6.994000,5.098000,1.896000,0.000000,0.728452,0.728167,0.728452,0.705435,0.886127,0.707527,0.485841,0.541154,0.485841,0.467380,0.073118,0.570251,0.571435,0.485643,0.752197,0.750029,0.731788,0.981809,0.514159,0.791451,0.064943,0.273434,0.368865,40.784000,0.728452,96.980664,49.996000
without_privacy_gate,high,41,1041,7.028000,5.014000,7.028000,5.014000,2.014000,0.000000,0.712833,0.712833,0.712833,0.690446,0.889885,0.697229,0.487994,0.541156,0.487994,0.477621,0.075693,0.578577,0.583700,0.487994,0.751715,0.751046,0.731725,0.981698,0.512006,0.789210,0.065547,0.279210,0.368825,40.112000,0.712833,96.878249,50.000000
without_privacy_gate,high,42,1042,7.070000,5.182000,7.070000,5.182000,1.888000,0.000000,0.733679,0.733679,0.733679,0.710617,0.897930,0.711110,0.487130,0.537687,0.487130,0.466951,0.072223,0.572266,0.571704,0.487130,0.755031,0.751684,0.739334,0.981657,0.512870,0.797072,0.065753,0.281087,0.373272,41.456000,0.733679,96.659190,49.982000
without_privacy_gate,high,43,1043,6.990000,4.966000,6.990000,4.966000,2.024000,0.000000,0.710905,0.710905,0.710905,0.688648,0.878289,0.708275,0.495917,0.542891,0.495917,0.460482,0.072931,0.567351,0.554157,0.495917,0.748246,0.748158,0.726498,0.981742,0.504083,0.788060,0.064660,0.278400,0.364359,39.728000,0.710905,97.220028,50.000000
without_privacy_gate,high,44,1044,7.022000,5.136000,7.022000,5.136000,1.886000,0.000000,0.731095,0.731095,0.731095,0.708171,0.875713,0.706131,0.493002,0.544219,0.493002,0.465720,0.073467,0.572565,0.590872,0.493002,0.751786,0.750184,0.734780,0.981760,0.506998,0.791946,0.064920,0.274214,0.372805,41.088000,0.731095,97.045085,50.000000
without_privacy_gate,high,45,1045,6.968000,5.098000,6.968000,5.098000,1.870000,0.000000,0.732310,0.732310,0.732310,0.709286,0.853738,0.706450,0.487908,0.539325,0.487908,0.473893,0.073388,0.574490,0.579349,0.487908,0.753349,0.751472,0.735712,0.981693,0.512092,0.792909,0.064469,0.275170,0.368612,40.784000,0.732310,96.370947,50.000000
without_privacy_gate,high,46,1046,7.034000,5.044000,7.034000,5.044000,1.990000,0.000000,0.718881,0.718881,0.718881,0.696759,0.883282,0.713341,0.491433,0.544303,0.491433,0.466557,0.071665,0.574223,0.598445,0.491433,0.754333,0.753550,0.738083,0.982062,0.508567,0.795345,0.064356,0.272262,0.363987,40.352000,0.718881,95.994527,50.000000
without_privacy_gate,high,47,1047,7.018000,5.190000,7.018000,5.190000,1.828000,0.000000,0.739786,0.739786,0.739786,0.716664,0.889188,0.709032,0.486497,0.542625,0.486497,0.477509,0.072742,0.582351,0.612808,0.486497,0.757372,0.753312,0.744362,0.981798,0.513503,0.800926,0.065039,0.274662,0.369930,41.520000,0.739786,96.467194,50.000000
without_privacy_gate,high,48,1048,6.946000,5.110000,6.946000,5.110000,1.836000,0.000000,0.736393,0.736393,0.736393,0.713631,0.878237,0.704871,0.483773,0.535167,0.483773,0.478109,0.073782,0.578900,0.587401,0.483773,0.756868,0.754193,0.741373,0.981957,0.516227,0.797537,0.064748,0.272053,0.358756,40.880000,0.736393,96.233076,50.000000
without_privacy_gate,high,49,1049,7.098000,5.102000,7.098000,5.102000,1.996000,0.000000,0.717679,0.717679,0.717679,0.695326,0.849068,0.715889,0.484529,0.540575,0.484529,0.471708,0.071028,0.573784,0.585440,0.484529,0.753474,0.748796,0.736865,0.981845,0.515471,0.793045,0.065530,0.276489,0.373577,40.816000,0.717679,96.326770,49.980000
without_privacy_gate,low,0,1000,1.480000,1.216000,1.480000,1.216000,0.264000,0.000000,0.830000,0.830000,0.830000,0.814226,0.777568,0.797647,0.327385,0.380367,0.327385,0.579994,0.050588,0.616148,0.658887,0.327385,0.800738,0.814461,0.744143,0.988824,0.672615,0.793360,0.010636,0.034214,0.046355,9.728000,0.830000,87.748163,50.000000
without_privacy_gate,low,1,1001,1.494000,1.248000,1.494000,1.248000,0.246000,0.000000,0.841000,0.841000,0.841000,0.824835,0.742090,0.796971,0.312783,0.363215,0.312783,0.577833,0.050757,0.612642,0.643502,0.312783,0.809335,0.816986,0.758241,0.988762,0.687217,0.807401,0.010831,0.034762,0.046209,9.984000,0.841000,89.288474,50.000000
without_privacy_gate,low,2,1002,1.490000,1.212000,1.490000,1.212000,0.278000,0.000000,0.815000,0.815000,0.815000,0.799725,0.764873,0.796599,0.320020,0.385469,0.320020,0.568160,0.050850,0.606274,0.649097,0.320020,0.802271,0.813830,0.745198,0.988974,0.679980,0.794692,0.010783,0.034781,0.043947,9.696000,0.815000,86.988856,50.000000
without_privacy_gate,low,3,1003,1.508000,1.220000,1.508000,1.220000,0.288000,0.000000,0.805000,0.805000,0.805000,0.789817,0.736277,0.785301,0.334442,0.387542,0.334442,0.572162,0.053675,0.609665,0.630632,0.334442,0.798276,0.813291,0.739785,0.988885,0.665558,0.793348,0.010790,0.034840,0.046436,9.760000,0.805000,85.404946,50.000000
without_privacy_gate,low,4,1004,1.522000,1.246000,1.522000,1.246000,0.276000,0.000000,0.820000,0.820000,0.820000,0.804404,0.737836,0.787051,0.323612,0.373666,0.323612,0.580300,0.053237,0.616391,0.636713,0.323612,0.801653,0.817355,0.742789,0.988846,0.676388,0.792039,0.010781,0.035336,0.047315,9.968000,0.820000,85.758879,50.000000
without_privacy_gate,low,5,1005,1.514000,1.226000,1.514000,1.226000,0.288000,0.000000,0.813000,0.813000,0.813000,0.797423,0.660139,0.792487,0.319173,0.382446,0.319173,0.563270,0.051878,0.601042,0.623506,0.319173,0.800307,0.811352,0.740810,0.988770,0.680827,0.792243,0.010904,0.035122,0.046715,9.808000,0.813000,86.475113,50.000000
without_privacy_gate,low,6,1006,1.502000,1.222000,1.502000,1.222000,0.280000,0.000000,0.811000,0.811000,0.811000,0.795888,0.758069,0.795975,0.329035,0.383308,0.329035,0.575878,0.051006,0.615001,0.660565,0.329035,0.801409,0.816156,0.744570,0.988995,0.670965,0.795475,0.010673,0.034836,0.045090,9.776000,0.811000,83.607398,50.000000
without_privacy_gate,low,7,1007,1.502000,1.224000,1.502000,1.224000,0.278000,0.000000,0.816000,0.816000,0.816000,0.800440,0.751953,0.793210,0.328093,0.384254,0.328093,0.564751,0.051698,0.601498,0.626778,0.328093,0.801440,0.816489,0.744572,0.988890,0.671907,0.794264,0.010795,0.034393,0.046297,9.792000,0.816000,84.930158,50.000000
without_privacy_gate,low,8,1008,1.470000,1.216000,1.470000,1.216000,0.254000,0.000000,0.822000,0.822000,0.822000,0.806422,0.739319,0.797585,0.321014,0.366491,0.321014,0.582690,0.050604,0.616774,0.656197,0.321014,0.801896,0.813299,0.745186,0.988902,0.678986,0.794412,0.010515,0.033742,0.045239,9.728000,0.822000,86.963210,50.000000
without_privacy_gate,low,9,1009,1.518000,1.238000,1.518000,1.238000,0.280000,0.000000,0.820000,0.820000,0.820000,0.804372,0.755968,0.799935,0.320968,0.367052,0.320968,0.575762,0.050016,0.609644,0.647173,0.320968,0.804698,0.814179,0.752409,0.988766,0.679032,0.800211,0.011004,0.035496,0.046936,9.904000,0.820000,88.013183,50.000000
without_privacy_gate,low,10,1010,1.512000,1.286000,1.512000,1.286000,0.226000,0.000000,0.856000,0.856000,0.856000,0.839536,0.749284,0.804207,0.323435,0.381718,0.323435,0.585002,0.048948,0.619472,0.683660,0.323435,0.806319,0.816710,0.755646,0.988738,0.676565,0.803897,0.010771,0.034849,0.047475,10.288000,0.856000,89.736446,50.000000
without_privacy_gate,low,11,1011,1.486000,1.214000,1.486000,1.214000,0.272000,0.000000,0.823000,0.823000,0.823000,0.807142,0.764203,0.788464,0.317371,0.360506,0.317371,0.584587,0.052884,0.620319,0.659470,0.317371,0.804143,0.815896,0.747228,0.988711,0.682629,0.797391,0.010590,0.034214,0.046776,9.712000,0.823000,86.018663,50.000000
without_privacy_gate,low,12,1012,1.462000,1.208000,1.462000,1.208000,0.254000,0.000000,0.828000,0.828000,0.828000,0.811954,0.739282,0.805658,0.316230,0.366474,0.316230,0.575355,0.048586,0.608798,0.648666,0.316230,0.802880,0.815586,0.743936,0.988713,0.683770,0.793570,0.010462,0.034289,0.045360,9.664000,0.828000,87.386150,50.000000
without_privacy_gate,low,13,1013,1.496000,1.244000,1.496000,1.244000,0.252000,0.000000,0.828000,0.828000,0.828000,0.812303,0.733167,0.796886,0.309405,0.365314,0.309405,0.582271,0.050779,0.618216,0.656534,0.309405,0.806160,0.815876,0.748848,0.988871,0.690595,0.799233,0.010688,0.034559,0.046268,9.952000,0.828000,85.509405,50.000000
without_privacy_gate,low,14,1014,1.520000,1.256000,1.520000,1.256000,0.264000,0.000000,0.821000,0.821000,0.821000,0.805621,0.746660,0.790573,0.324811,0.376495,0.324811,0.583198,0.052357,0.620013,0.655630,0.324811,0.804474,0.819076,0.748457,0.989026,0.675189,0.799561,0.010766,0.034928,0.046208,10.048000,0.821000,85.664758,50.000000
without_privacy_gate,low,15,1015,1.514000,1.308000,1.514000,1.308000,0.206000,0.000000,0.867000,0.867000,0.867000,0.850537,0.787493,0.802849,0.312748,0.362689,0.312748,0.592501,0.049288,0.624795,0.677474,0.312748,0.810508,0.817617,0.761391,0.988849,0.687252,0.809064,0.010998,0.034821,0.047139,10.464000,0.867000,91.143680,50.000000
without_privacy_gate,low,16,1016,1.512000,1.266000,1.512000,1.266000,0.246000,0.000000,0.837000,0.837000,0.837000,0.821080,0.749811,0.799210,0.312573,0.367220,0.312573,0.575749,0.050198,0.611306,0.645805,0.312573,0.805830,0.815251,0.751070,0.988786,0.687427,0.798588,0.010919,0.034927,0.047064,10.128000,0.837000,87.788351,50.000000
without_privacy_gate,low,17,1017,1.484000,1.204000,1.484000,1.204000,0.280000,0.000000,0.810000,0.810000,0.810000,0.794688,0.681996,0.796578,0.332355,0.387334,0.332355,0.563140,0.050856,0.601742,0.635628,0.332355,0.797565,0.815909,0.736411,0.988893,0.667645,0.787119,0.010589,0.034368,0.044981,9.632000,0.810000,83.858242,50.000000
without_privacy_gate,low,18,1018,1.492000,1.198000,1.492000,1.198000,0.294000,0.000000,0.804000,0.804000,0.804000,0.788699,0.707181,0.795281,0.310174,0.362914,0.310174,0.562729,0.051180,0.599497,0.609418,0.310174,0.804575,0.816644,0.743987,0.988856,0.689826,0.795712,0.010468,0.034395,0.045974,9.584000,0.804000,84.678754,50.000000
without_privacy_gate,low,19,1019,1.504000,1.228000,1.504000,1.228000,0.276000,0.000000,0.815000,0.815000,0.815000,0.799691,0.724109,0.806072,0.325224,0.386209,0.325224,0.559080,0.048482,0.598578,0.644278,0.325224,0.804203,0.815320,0.751332,0.988876,0.674776,0.800924,0.010697,0.034920,0.045754,9.824000,0.815000,85.853826,50.000000
without_privacy_gate,low,20,1020,1.480000,1.208000,1.480000,1.208000,0.272000,0.000000,0.816000,0.816000,0.816000,0.800724,0.713100,0.798290,0.329120,0.379166,0.329120,0.575235,0.050428,0.609652,0.649252,0.329120,0.801345,0.815379,0.745296,0.988944,0.670880,0.795553,0.010483,0.034005,0.044956,9.664000,0.816000,85.914976,50.000000
without_privacy_gate,low,21,1021,1.492000,1.224000,1.492000,1.224000,0.268000,0.000000,0.832000,0.832000,0.832000,0.816332,0.700736,0.796427,0.330962,0.385665,0.330962,0.585564,0.050893,0.620277,0.665033,0.330962,0.799073,0.814410,0.740638,0.988881,0.669038,0.791649,0.010599,0.034648,0.045869,9.792000,0.832000,88.519653,50.000000
without_privacy_gate,low,22,1022,1.500000,1.224000,1.500000,1.224000,0.276000,0.000000,0.816000,0.816000,0.816000,0.800758,0.771750,0.788508,0.322640,0.373845,0.322640,0.582774,0.052873,0.621110,0.659650,0.322640,0.803600,0.817635,0.746321,0.988997,0.677360,0.797422,0.010701,0.033795,0.045302,9.792000,0.816000,85.027381,50.000000
without_privacy_gate,low,23,1023,1.458000,1.196000,1.458000,1.196000,0.262000,0.000000,0.818000,0.818000,0.818000,0.802677,0.775369,0.798399,0.311147,0.362853,0.311147,0.576069,0.050400,0.611093,0.646063,0.311147,0.807859,0.819545,0.752074,0.988933,0.688853,0.800697,0.010280,0.033940,0.044126,9.568000,0.818000,82.941756,50.000000
without_privacy_gate,low,24,1024,1.510000,1.244000,1.510000,1.244000,0.266000,0.000000,0.824000,0.824000,0.824000,0.808394,0.740246,0.794791,0.322093,0.370905,0.322093,0.572914,0.051302,0.606972,0.631204,0.322093,0.807916,0.818544,0.756775,0.988927,0.677907,0.807388,0.010815,0.034339,0.046485,9.952000,0.824000,86.663471,50.000000
without_privacy_gate,low,25,1025,1.482000,1.202000,1.482000,1.202000,0.280000,0.000000,0.813000,0.813000,0.813000,0.797387,0.786373,0.793745,0.334971,0.387151,0.334971,0.570178,0.051564,0.611017,0.655999,0.334971,0.796734,0.813025,0.736700,0.988774,0.665029,0.789294,0.010434,0.034139,0.046435,9.616000,0.813000,85.000708,50.000000
without_privacy_gate,low,26,1026,1.528000,1.240000,1.528000,1.240000,0.288000,0.000000,0.803000,0.803000,0.803000,0.787733,0.762099,0.794555,0.317401,0.369797,0.317401,0.563571,0.051361,0.599991,0.630048,0.317401,0.806563,0.815577,0.754335,0.988828,0.682599,0.802879,0.011214,0.035518,0.047130,9.920000,0.803000,85.620597,50.000000
without_privacy_gate,low,27,1027,1.488000,1.216000,1.488000,1.216000,0.272000,0.000000,0.825000,0.825000,0.825000,0.809168,0.736939,0.800405,0.319559,0.381946,0.319559,0.575419,0.049899,0.609998,0.650588,0.319559,0.804577,0.816621,0.748669,0.988688,0.680441,0.799071,0.010543,0.035027,0.047124,9.728000,0.825000,86.229602,50.000000
without_privacy_gate,low,28,1028,1.472000,1.148000,1.472000,1.148000,0.324000,0.000000,0.775000,0.775000,0.775000,0.760405,0.772138,0.792277,0.319143,0.373924,0.319143,0.556996,0.051931,0.599194,0.634543,0.319143,0.801843,0.813831,0.742862,0.988976,0.680857,0.794356,0.010573,0.032957,0.045581,9.184000,0.775000,83.369541,50.000000
without_privacy_gate,low,29,1029,1.536000,1.262000,1.536000,1.262000,0.274000,0.000000,0.824000,0.824000,0.824000,0.808519,0.739919,0.792481,0.322042,0.374905,0.322042,0.573393,0.051880,0.609453,0.637390,0.322042,0.806047,0.818255,0.752844,0.988961,0.677958,0.801809,0.010984,0.035279,0.047207,10.096000,0.824000,86.920503,50.000000
without_privacy_gate,low,30,1030,1.466000,1.208000,1.466000,1.208000,0.258000,0.000000,0.815000,0.815000,0.815000,0.799371,0.742657,0.792024,0.318639,0.373842,0.318639,0.579169,0.051994,0.615575,0.654369,0.318639,0.803416,0.816383,0.746383,0.988802,0.681361,0.794517,0.010603,0.033728,0.045636,9.664000,0.815000,84.590821,50.000000
without_privacy_gate,low,31,1031,1.456000,1.148000,1.456000,1.148000,0.308000,0.000000,0.785000,0.785000,0.785000,0.770070,0.762724,0.790627,0.325668,0.378291,0.325668,0.559991,0.052343,0.602016,0.632483,0.325668,0.796686,0.812497,0.733244,0.988773,0.674332,0.785190,0.010475,0.033842,0.045217,9.184000,0.785000,82.807709,50.000000
without_privacy_gate,low,32,1032,1.480000,1.258000,1.480000,1.258000,0.222000,0.000000,0.854000,0.854000,0.854000,0.837946,0.770024,0.801126,0.319124,0.364097,0.319124,0.586258,0.049718,0.619909,0.669569,0.319124,0.807310,0.817658,0.757130,0.988955,0.680876,0.801759,0.010593,0.033773,0.044687,10.064000,0.854000,88.698191,50.000000
without_privacy_gate,low,33,1033,1.494000,1.228000,1.494000,1.228000,0.266000,0.000000,0.820000,0.820000,0.820000,0.804666,0.739752,0.798033,0.315405,0.374130,0.315405,0.581634,0.050492,0.616053,0.660770,0.315405,0.803447,0.815345,0.745568,0.989017,0.684595,0.794072,0.010717,0.034033,0.045490,9.824000,0.820000,86.272299,50.000000
without_privacy_gate,low,34,1034,1.510000,1.252000,1.510000,1.252000,0.258000,0.000000,0.829000,0.829000,0.829000,0.813266,0.782846,0.799214,0.318878,0.375039,0.318878,0.583411,0.050196,0.618316,0.667406,0.318878,0.801879,0.812695,0.744427,0.988816,0.681122,0.794276,0.010817,0.035261,0.046356,10.016000,0.829000,86.996840,50.000000
without_privacy_gate,low,35,1035,1.532000,1.268000,1.532000,1.268000,0.264000,0.000000,0.825000,0.825000,0.825000,0.809303,0.737396,0.806277,0.321126,0.380950,0.321126,0.577487,0.048431,0.612793,0.663712,0.321126,0.805090,0.816204,0.750222,0.988848,0.678874,0.802184,0.010853,0.035036,0.047947,10.144000,0.825000,87.325960,50.000000
without_privacy_gate,low,36,1036,1.480000,1.176000,1.480000,1.176000,0.304000,0.000000,0.795000,0.795000,0.795000,0.779880,0.741174,0.780166,0.316548,0.372494,0.316548,0.569313,0.054959,0.606924,0.614533,0.316548,0.798804,0.815233,0.733047,0.988831,0.683452,0.784421,0.010623,0.033689,0.046533,9.408000,0.795000,84.062514,50.000000
without_privacy_gate,low,37,1037,1.484000,1.210000,1.484000,1.210000,0.274000,0.000000,0.818000,0.818000,0.818000,0.802536,0.745971,0.797167,0.321114,0.380802,0.321114,0.574525,0.050708,0.613754,0.667722,0.321114,0.804158,0.819266,0.746012,0.988957,0.678886,0.796977,0.010297,0.034030,0.045744,9.680000,0.818000,84.581817,50.000000
without_privacy_gate,low,38,1038,1.484000,1.194000,1.484000,1.194000,0.290000,0.000000,0.803000,0.803000,0.803000,0.787601,0.757869,0.793076,0.317618,0.371295,0.317618,0.568179,0.051731,0.605676,0.639161,0.317618,0.804963,0.816104,0.750064,0.988745,0.682382,0.798392,0.010755,0.034033,0.047026,9.552000,0.803000,85.350943,50.000000
without_privacy_gate,low,39,1039,1.502000,1.262000,1.502000,1.262000,0.240000,0.000000,0.840000,0.840000,0.840000,0.824134,0.772904,0.802302,0.319605,0.368736,0.319605,0.588113,0.049425,0.621111,0.663663,0.319605,0.804873,0.819210,0.747521,0.988891,0.680395,0.797908,0.010680,0.035082,0.045437,10.096000,0.840000,86.393644,50.000000
without_privacy_gate,low,40,1040,1.498000,1.254000,1.498000,1.254000,0.244000,0.000000,0.839000,0.839000,0.839000,0.822882,0.770888,0.800726,0.313343,0.370146,0.313343,0.582483,0.049819,0.618969,0.673976,0.313343,0.805490,0.814471,0.748846,0.988774,0.686657,0.801596,0.010601,0.035000,0.046368,10.032000,0.839000,88.261168,50.000000
without_privacy_gate,low,41,1041,1.490000,1.232000,1.490000,1.232000,0.258000,0.000000,0.825000,0.825000,0.825000,0.809459,0.758417,0.794409,0.318127,0.371803,0.318127,0.578166,0.051398,0.614593,0.655009,0.318127,0.805321,0.816080,0.750655,0.988949,0.681873,0.800097,0.010572,0.034155,0.046162,9.856000,0.825000,86.915334,50.000000
without_privacy_gate,low,42,1042,1.498000,1.270000,1.498000,1.270000,0.228000,0.000000,0.846000,0.846000,0.846000,0.829998,0.723175,0.802664,0.322059,0.381044,0.322059,0.580106,0.049334,0.615083,0.663994,0.322059,0.804208,0.815325,0.750144,0.988852,0.677941,0.799387,0.010797,0.034220,0.046091,10.160000,0.846000,88.325111,50.000000
without_privacy_gate,low,43,1043,1.532000,1.254000,1.532000,1.254000,0.278000,0.000000,0.823000,0.823000,0.823000,0.807202,0.759668,0.794268,0.319650,0.365241,0.319650,0.575662,0.051433,0.608720,0.630652,0.319650,0.802669,0.816922,0.745259,0.988723,0.680350,0.791726,0.010958,0.035474,0.048165,10.032000,0.823000,88.023276,50.000000
without_privacy_gate,low,44,1044,1.474000,1.224000,1.474000,1.224000,0.250000,0.000000,0.835000,0.835000,0.835000,0.819086,0.775994,0.792078,0.312580,0.365428,0.312580,0.582277,0.051980,0.615028,0.645654,0.312580,0.807565,0.819157,0.752900,0.988794,0.687420,0.800045,0.010473,0.033685,0.046653,9.792000,0.835000,86.134272,50.000000
without_privacy_gate,low,45,1045,1.516000,1.188000,1.516000,1.188000,0.328000,0.000000,0.783000,0.783000,0.783000,0.768370,0.714442,0.788420,0.320850,0.375984,0.320850,0.568937,0.052895,0.604392,0.613982,0.320850,0.800364,0.815955,0.739238,0.988979,0.679150,0.788476,0.010719,0.034353,0.046073,9.504000,0.783000,83.689934,50.000000
without_privacy_gate,low,46,1046,1.508000,1.234000,1.508000,1.234000,0.274000,0.000000,0.816000,0.816000,0.816000,0.800639,0.756504,0.793064,0.324054,0.375659,0.324054,0.573705,0.051734,0.610972,0.640299,0.324054,0.801716,0.816551,0.742224,0.988957,0.675946,0.794846,0.010662,0.034847,0.045797,9.872000,0.816000,85.126041,50.000000
without_privacy_gate,low,47,1047,1.508000,1.198000,1.508000,1.198000,0.310000,0.000000,0.790000,0.790000,0.790000,0.775186,0.730141,0.788756,0.314296,0.377418,0.314296,0.557796,0.052811,0.597160,0.618551,0.314296,0.797406,0.813603,0.728897,0.989004,0.685704,0.781857,0.010718,0.034966,0.045161,9.584000,0.790000,82.433253,50.000000
without_privacy_gate,low,48,1048,1.490000,1.214000,1.490000,1.214000,0.276000,0.000000,0.821000,0.821000,0.821000,0.805179,0.737139,0.790583,0.314013,0.362950,0.314013,0.570006,0.052354,0.604526,0.614286,0.314013,0.804022,0.815732,0.745666,0.988793,0.685987,0.795579,0.010649,0.034451,0.046607,9.712000,0.821000,86.194649,50.000000
without_privacy_gate,low,49,1049,1.524000,1.274000,1.524000,1.274000,0.250000,0.000000,0.844000,0.844000,0.844000,0.828396,0.758899,0.794961,0.326390,0.380521,0.326390,0.591589,0.051260,0.629280,0.690532,0.326390,0.805351,0.819999,0.750994,0.989104,0.673610,0.801402,0.010623,0.034284,0.045901,10.192000,0.844000,87.592779,50.000000
without_privacy_gate,medium,0,1000,3.982000,3.078000,3.982000,3.078000,0.904000,0.000000,0.773967,0.773967,0.773967,0.754798,0.829256,0.730170,0.400186,0.458249,0.400186,0.526723,0.067457,0.598382,0.623599,0.400186,0.785331,0.788042,0.755550,0.985528,0.599814,0.805843,0.033249,0.121027,0.163557,24.624000,0.773967,96.566958,50.000000
without_privacy_gate,medium,1,1001,4.006000,3.140000,4.006000,3.140000,0.866000,0.000000,0.785800,0.785800,0.785800,0.766371,0.822648,0.723895,0.399675,0.459121,0.399675,0.533767,0.069026,0.608017,0.641494,0.399675,0.784890,0.786636,0.753234,0.985542,0.600325,0.808101,0.033760,0.122432,0.163716,25.120000,0.785800,94.628039,50.000000
without_privacy_gate,medium,2,1002,4.076000,3.246000,4.076000,3.246000,0.830000,0.000000,0.796933,0.796933,0.796933,0.776879,0.831068,0.717809,0.408038,0.461935,0.408038,0.547916,0.070548,0.617060,0.642100,0.408038,0.784769,0.785205,0.758908,0.985303,0.591962,0.810797,0.034480,0.126481,0.169347,25.968000,0.796933,97.189733,50.000000
without_privacy_gate,medium,3,1003,4.006000,3.138000,4.006000,3.138000,0.868000,0.000000,0.784367,0.784367,0.784367,0.765034,0.816913,0.719635,0.405055,0.457292,0.405055,0.530294,0.070091,0.599831,0.607719,0.405055,0.785397,0.789528,0.755417,0.985542,0.594945,0.808793,0.033491,0.123373,0.162563,25.104000,0.784367,96.020243,50.000000
without_privacy_gate,medium,4,1004,4.030000,3.136000,4.030000,3.136000,0.894000,0.000000,0.775967,0.775967,0.775967,0.756852,0.815949,0.725816,0.398698,0.462043,0.398698,0.543665,0.068546,0.612354,0.652155,0.398698,0.785802,0.788125,0.755871,0.985553,0.601302,0.806588,0.033779,0.122944,0.164254,25.088000,0.775967,95.445481,50.000000
without_privacy_gate,medium,5,1005,4.016000,3.130000,4.016000,3.130000,0.886000,0.000000,0.781933,0.781933,0.781933,0.762606,0.829619,0.721825,0.394587,0.451810,0.394587,0.529971,0.069544,0.604582,0.630299,0.394587,0.788930,0.789664,0.760963,0.985519,0.605413,0.811922,0.033821,0.122800,0.164116,25.040000,0.781933,96.643574,50.000000
without_privacy_gate,medium,6,1006,4.012000,3.162000,4.012000,3.162000,0.850000,0.000000,0.789700,0.789700,0.789700,0.770190,0.847665,0.721467,0.399812,0.456460,0.399812,0.523792,0.069633,0.597129,0.605611,0.399812,0.787940,0.788467,0.760861,0.985516,0.600188,0.813342,0.033681,0.123230,0.162826,25.296000,0.789700,96.253182,50.000000
without_privacy_gate,medium,7,1007,4.034000,3.214000,4.034000,3.214000,0.820000,0.000000,0.794200,0.794200,0.794200,0.774526,0.820544,0.730158,0.388472,0.445809,0.388472,0.530615,0.067461,0.597997,0.618382,0.388472,0.794003,0.791739,0.772205,0.985527,0.611528,0.817788,0.034138,0.122400,0.165502,25.712000,0.794200,96.245689,50.000000
without_privacy_gate,medium,8,1008,3.976000,3.108000,3.976000,3.108000,0.868000,0.000000,0.782367,0.782367,0.782367,0.763135,0.839845,0.721791,0.403039,0.462721,0.403039,0.531316,0.069552,0.603168,0.625511,0.403039,0.784305,0.788157,0.752609,0.985621,0.596961,0.806176,0.033288,0.122105,0.159832,24.864000,0.782367,95.781324,50.000000
without_privacy_gate,medium,9,1009,4.030000,3.100000,4.030000,3.100000,0.930000,0.000000,0.766833,0.766833,0.766833,0.747837,0.817459,0.725412,0.412490,0.469822,0.412490,0.517000,0.068647,0.593496,0.617539,0.412490,0.779200,0.785911,0.744935,0.985514,0.587510,0.799076,0.033710,0.123465,0.163942,24.800000,0.766833,95.987644,50.000000
without_privacy_gate,medium,10,1010,3.972000,3.142000,3.972000,3.142000,0.830000,0.000000,0.788500,0.788500,0.788500,0.768995,0.832110,0.718613,0.389188,0.456019,0.389188,0.534618,0.070347,0.606641,0.627945,0.389188,0.791001,0.790729,0.764312,0.985565,0.610812,0.812663,0.033432,0.120363,0.163377,25.136000,0.788500,95.955334,50.000000
without_privacy_gate,medium,11,1011,3.980000,3.110000,3.980000,3.110000,0.870000,0.000000,0.778933,0.778933,0.778933,0.759287,0.855088,0.716834,0.402655,0.463050,0.402655,0.536993,0.070791,0.606751,0.628249,0.402655,0.782652,0.785381,0.750878,0.985272,0.597345,0.803158,0.033898,0.122791,0.166211,24.880000,0.778933,96.805914,50.000000
without_privacy_gate,medium,12,1012,3.936000,3.062000,3.936000,3.062000,0.874000,0.000000,0.777233,0.777233,0.777233,0.758011,0.843308,0.729927,0.391453,0.455150,0.391453,0.519291,0.067518,0.593932,0.618637,0.391453,0.789380,0.788642,0.762189,0.985499,0.608547,0.811581,0.032939,0.120896,0.160390,24.496000,0.777233,96.596141,50.000000
without_privacy_gate,medium,13,1013,3.976000,3.090000,3.976000,3.090000,0.886000,0.000000,0.774733,0.774733,0.774733,0.755403,0.830063,0.727591,0.403590,0.462467,0.403590,0.529038,0.068102,0.600131,0.628167,0.403590,0.786862,0.788712,0.760385,0.985381,0.596410,0.811017,0.033289,0.123736,0.163901,24.720000,0.774733,96.928200,50.000000
without_privacy_gate,medium,14,1014,4.042000,3.206000,4.042000,3.206000,0.836000,0.000000,0.795967,0.795967,0.795967,0.776302,0.828748,0.729127,0.397323,0.459659,0.397323,0.524085,0.067718,0.595631,0.620357,0.397323,0.791118,0.790215,0.768168,0.985588,0.602677,0.817195,0.034371,0.122964,0.163988,25.648000,0.795967,96.453651,50.000000
without_privacy_gate,medium,15,1015,4.084000,3.132000,4.084000,3.132000,0.952000,0.000000,0.766167,0.766167,0.766167,0.747192,0.842792,0.720341,0.400304,0.453099,0.400304,0.508342,0.069915,0.586363,0.582042,0.400304,0.784795,0.788434,0.752815,0.985494,0.599696,0.805770,0.034031,0.125322,0.166862,25.056000,0.766167,95.413668,50.000000
without_privacy_gate,medium,16,1016,3.922000,2.974000,3.922000,2.974000,0.948000,0.000000,0.760267,0.760267,0.760267,0.741440,0.814283,0.731628,0.410755,0.470474,0.410755,0.510371,0.067093,0.589521,0.619820,0.410755,0.780294,0.784803,0.746923,0.985501,0.589245,0.803119,0.033215,0.120963,0.158752,23.792000,0.760267,95.705692,50.000000
without_privacy_gate,medium,17,1017,4.032000,3.206000,4.032000,3.206000,0.826000,0.000000,0.796600,0.796600,0.796600,0.776806,0.843382,0.722323,0.396859,0.456594,0.396859,0.534917,0.069419,0.601002,0.613757,0.396859,0.789652,0.789919,0.763734,0.985470,0.603141,0.814462,0.033680,0.125642,0.163351,25.648000,0.796600,96.210414,50.000000
without_privacy_gate,medium,18,1018,4.020000,3.236000,4.020000,3.236000,0.784000,0.000000,0.806667,0.806667,0.806667,0.786654,0.847886,0.721338,0.392750,0.456301,0.392750,0.548869,0.069666,0.617069,0.652172,0.392750,0.791231,0.789687,0.766869,0.985532,0.607250,0.815969,0.033857,0.122855,0.164106,25.888000,0.806667,96.613462,50.000000
without_privacy_gate,medium,19,1019,3.974000,3.146000,3.974000,3.146000,0.828000,0.000000,0.789800,0.789800,0.789800,0.769948,0.827760,0.720513,0.393347,0.457298,0.393347,0.528979,0.069872,0.603318,0.637902,0.393347,0.791195,0.789098,0.767403,0.985356,0.606653,0.816791,0.033681,0.121805,0.164867,25.168000,0.789800,96.955737,50.000000
without_privacy_gate,medium,20,1020,3.950000,3.088000,3.950000,3.088000,0.862000,0.000000,0.783967,0.783967,0.783967,0.764592,0.840901,0.717238,0.391264,0.444873,0.391264,0.531229,0.070691,0.603729,0.625719,0.391264,0.789082,0.788000,0.761878,0.985541,0.608736,0.811047,0.033350,0.119884,0.161825,24.704000,0.783967,96.657329,50.000000
without_privacy_gate,medium,21,1021,4.030000,3.068000,4.030000,3.068000,0.962000,0.000000,0.761367,0.761367,0.761367,0.742506,0.824337,0.724370,0.407874,0.461730,0.407874,0.516327,0.068908,0.591749,0.602511,0.407874,0.784430,0.787374,0.755794,0.985528,0.592126,0.808910,0.033456,0.122438,0.166002,24.544000,0.761367,95.571733,50.000000
without_privacy_gate,medium,22,1022,4.012000,3.128000,4.012000,3.128000,0.884000,0.000000,0.778333,0.778333,0.778333,0.759129,0.814729,0.721025,0.405974,0.469681,0.405974,0.531334,0.069744,0.602379,0.619934,0.405974,0.783755,0.787587,0.752565,0.985580,0.594026,0.806857,0.033484,0.121101,0.164450,25.024000,0.778333,96.121102,50.000000
without_privacy_gate,medium,23,1023,4.046000,3.150000,4.046000,3.150000,0.896000,0.000000,0.781767,0.781767,0.781767,0.762192,0.787616,0.725298,0.409515,0.467767,0.409515,0.511400,0.068675,0.589405,0.608382,0.409515,0.784178,0.786787,0.755887,0.985353,0.590485,0.810068,0.033944,0.127033,0.164973,25.200000,0.781767,96.640405,50.000000
without_privacy_gate,medium,24,1024,4.038000,3.066000,4.038000,3.066000,0.972000,0.000000,0.758867,0.758867,0.758867,0.739953,0.816366,0.720468,0.400762,0.460836,0.400762,0.525913,0.069883,0.596532,0.606353,0.400762,0.783434,0.788535,0.749714,0.985439,0.599238,0.802080,0.033607,0.123945,0.166616,24.528000,0.758867,96.235274,50.000000
without_privacy_gate,medium,25,1025,4.026000,3.178000,4.026000,3.178000,0.848000,0.000000,0.789567,0.789567,0.789567,0.769647,0.851940,0.730727,0.401603,0.456918,0.401603,0.540036,0.067318,0.609880,0.653036,0.401603,0.790050,0.788915,0.768059,0.985244,0.598397,0.817719,0.033957,0.126341,0.166539,25.424000,0.789567,97.412091,50.000000
without_privacy_gate,medium,26,1026,4.018000,3.176000,4.018000,3.176000,0.842000,0.000000,0.791533,0.791533,0.791533,0.771919,0.815299,0.724801,0.405386,0.461240,0.405386,0.521507,0.068800,0.595585,0.615398,0.405386,0.786947,0.787929,0.761436,0.985520,0.594614,0.813083,0.033588,0.122726,0.164505,25.408000,0.791533,96.967542,50.000000
without_privacy_gate,medium,27,1027,3.994000,3.106000,3.994000,3.106000,0.888000,0.000000,0.776867,0.776867,0.776867,0.757600,0.837187,0.713361,0.403892,0.462291,0.403892,0.531634,0.071660,0.605157,0.625778,0.403892,0.784517,0.786850,0.754372,0.985498,0.596108,0.808249,0.033286,0.123584,0.162208,24.848000,0.776867,96.031392,50.000000
without_privacy_gate,medium,28,1028,3.976000,3.124000,3.976000,3.124000,0.852000,0.000000,0.784733,0.784733,0.784733,0.765339,0.814393,0.723440,0.400397,0.450412,0.400397,0.539048,0.069140,0.611488,0.656072,0.400397,0.787990,0.790508,0.759723,0.985526,0.599603,0.812336,0.033314,0.121213,0.163245,24.992000,0.784733,94.402999,50.000000
without_privacy_gate,medium,29,1029,4.078000,3.202000,4.078000,3.202000,0.876000,0.000000,0.784900,0.784900,0.784900,0.765310,0.827791,0.714066,0.394287,0.455941,0.394287,0.536499,0.071484,0.605659,0.618892,0.394287,0.789052,0.789202,0.761976,0.985415,0.605713,0.811876,0.034225,0.127386,0.166202,25.616000,0.784900,95.596326,50.000000
without_privacy_gate,medium,30,1030,4.062000,3.210000,4.062000,3.210000,0.852000,0.000000,0.790133,0.790133,0.790133,0.770613,0.853697,0.716819,0.398590,0.455684,0.398590,0.524524,0.070795,0.599989,0.619303,0.398590,0.790460,0.790139,0.766816,0.985490,0.601410,0.816543,0.034209,0.126011,0.164673,25.680000,0.790133,97.024495,50.000000
without_privacy_gate,medium,31,1031,3.936000,2.994000,3.936000,2.994000,0.942000,0.000000,0.760633,0.760633,0.760633,0.741634,0.842878,0.725491,0.402852,0.459569,0.402852,0.512422,0.068627,0.587766,0.590314,0.402852,0.782979,0.784918,0.751140,0.985417,0.597148,0.805590,0.033309,0.120229,0.162758,23.952000,0.760633,97.018966,50.000000
without_privacy_gate,medium,32,1032,3.974000,3.096000,3.974000,3.096000,0.878000,0.000000,0.778367,0.778367,0.778367,0.759101,0.822957,0.731422,0.385637,0.448464,0.385637,0.519876,0.067145,0.593845,0.615352,0.385637,0.791174,0.791053,0.762391,0.985505,0.614363,0.812233,0.033196,0.122667,0.162256,24.768000,0.778367,95.690762,50.000000
without_privacy_gate,medium,33,1033,3.972000,3.116000,3.972000,3.116000,0.856000,0.000000,0.786133,0.786133,0.786133,0.766495,0.830513,0.723907,0.395597,0.459780,0.395597,0.533403,0.069023,0.603780,0.626898,0.395597,0.786725,0.788293,0.756982,0.985407,0.604403,0.807408,0.033505,0.121901,0.164157,24.928000,0.786133,95.388769,50.000000
without_privacy_gate,medium,34,1034,4.052000,3.204000,4.052000,3.204000,0.848000,0.000000,0.791133,0.791133,0.791133,0.771409,0.849041,0.722173,0.399162,0.456089,0.399162,0.533311,0.069457,0.603224,0.620857,0.399162,0.787244,0.788724,0.759628,0.985408,0.600838,0.809838,0.034114,0.125611,0.166539,25.632000,0.791133,96.771709,50.000000
without_privacy_gate,medium,35,1035,4.004000,3.140000,4.004000,3.140000,0.864000,0.000000,0.783200,0.783200,0.783200,0.763679,0.827926,0.725149,0.401726,0.457363,0.401726,0.517762,0.068713,0.590215,0.595477,0.401726,0.786922,0.786851,0.760173,0.985439,0.598274,0.812837,0.033917,0.122389,0.164796,25.120000,0.783200,97.610956,50.000000
without_privacy_gate,medium,36,1036,3.960000,3.048000,3.960000,3.048000,0.912000,0.000000,0.770433,0.770433,0.770433,0.751399,0.844683,0.732228,0.398476,0.462113,0.398476,0.518952,0.066943,0.592569,0.612842,0.398476,0.785349,0.787833,0.754245,0.985518,0.601524,0.806336,0.032948,0.122678,0.160191,24.384000,0.770433,96.258262,50.000000
without_privacy_gate,medium,37,1037,3.998000,3.076000,3.998000,3.076000,0.922000,0.000000,0.765533,0.765533,0.765533,0.746500,0.833201,0.739265,0.400670,0.464648,0.400670,0.512056,0.065184,0.584882,0.598604,0.400670,0.784428,0.787287,0.753632,0.985488,0.599330,0.804762,0.033811,0.120600,0.165435,24.608000,0.765533,96.349226,50.000000
without_privacy_gate,medium,38,1038,4.048000,3.170000,4.048000,3.170000,0.878000,0.000000,0.782600,0.782600,0.782600,0.763211,0.825375,0.716693,0.402591,0.462505,0.402591,0.536118,0.070827,0.609275,0.633848,0.402591,0.786357,0.787434,0.759355,0.985473,0.597409,0.810395,0.034139,0.123870,0.166070,25.360000,0.782600,96.815283,50.000000
without_privacy_gate,medium,39,1039,4.012000,3.194000,4.012000,3.194000,0.818000,0.000000,0.798667,0.798667,0.798667,0.778663,0.831469,0.721013,0.402757,0.463177,0.402757,0.524854,0.069747,0.601112,0.632612,0.402757,0.787725,0.788424,0.762299,0.985387,0.597243,0.813281,0.033899,0.122642,0.166656,25.552000,0.798667,96.229891,50.000000
without_privacy_gate,medium,40,1040,4.006000,3.098000,4.006000,3.098000,0.908000,0.000000,0.775533,0.775533,0.775533,0.756515,0.831068,0.726028,0.405613,0.466212,0.405613,0.530389,0.068493,0.605218,0.647413,0.405613,0.785623,0.789203,0.756365,0.985666,0.594387,0.809862,0.033208,0.120387,0.162737,24.784000,0.775533,95.756784,50.000000
without_privacy_gate,medium,41,1041,4.000000,3.122000,4.000000,3.122000,0.878000,0.000000,0.781900,0.781900,0.781900,0.762554,0.833671,0.722476,0.400797,0.457500,0.400797,0.527308,0.069381,0.598133,0.614994,0.400797,0.787055,0.788926,0.758993,0.985534,0.599203,0.810724,0.033318,0.122808,0.163395,24.976000,0.781900,95.189788,50.000000
without_privacy_gate,medium,42,1042,4.028000,3.140000,4.028000,3.140000,0.888000,0.000000,0.780467,0.780467,0.780467,0.760873,0.829962,0.713193,0.391690,0.449024,0.391690,0.540400,0.071702,0.606846,0.616207,0.391690,0.788357,0.788612,0.760426,0.985320,0.608310,0.808257,0.034051,0.124731,0.167953,25.120000,0.780467,96.004733,50.000000
without_privacy_gate,medium,43,1043,3.992000,3.120000,3.992000,3.120000,0.872000,0.000000,0.781867,0.781867,0.781867,0.762512,0.812575,0.715900,0.397759,0.461650,0.397759,0.527140,0.071025,0.597689,0.603545,0.397759,0.786436,0.788269,0.756417,0.985495,0.602241,0.808544,0.033188,0.122788,0.163035,24.960000,0.781867,95.323949,50.000000
without_privacy_gate,medium,44,1044,4.076000,3.174000,4.076000,3.174000,0.902000,0.000000,0.779100,0.779100,0.779100,0.759721,0.854145,0.714963,0.396665,0.458650,0.396665,0.525125,0.071259,0.598440,0.609346,0.396665,0.786923,0.787839,0.757895,0.985469,0.603335,0.809143,0.034398,0.125072,0.167594,25.392000,0.779100,96.956208,50.000000
without_privacy_gate,medium,45,1045,3.984000,3.168000,3.984000,3.168000,0.816000,0.000000,0.797100,0.797100,0.797100,0.777279,0.827217,0.722921,0.395527,0.462258,0.395527,0.541795,0.069270,0.613463,0.661816,0.395527,0.789850,0.790006,0.763720,0.985485,0.604473,0.814171,0.033341,0.122199,0.163058,25.344000,0.797100,96.708715,50.000000
without_privacy_gate,medium,46,1046,4.034000,3.174000,4.034000,3.174000,0.860000,0.000000,0.784867,0.784867,0.784867,0.765506,0.825347,0.719370,0.397493,0.457396,0.397493,0.526500,0.070157,0.598876,0.616388,0.397493,0.788769,0.790599,0.761001,0.985578,0.602507,0.812198,0.033438,0.122773,0.164314,25.392000,0.784867,95.188401,50.000000
without_privacy_gate,medium,47,1047,3.956000,3.080000,3.956000,3.080000,0.876000,0.000000,0.779033,0.779033,0.779033,0.759724,0.835959,0.717281,0.393710,0.453095,0.393710,0.529471,0.070680,0.601742,0.619428,0.393710,0.786058,0.786724,0.755260,0.985492,0.606290,0.806345,0.033306,0.123206,0.159854,24.640000,0.779033,97.211067,50.000000
without_privacy_gate,medium,48,1048,4.024000,3.156000,4.024000,3.156000,0.868000,0.000000,0.786867,0.786867,0.786867,0.766999,0.853578,0.724478,0.395048,0.456837,0.395048,0.532544,0.068881,0.604555,0.634064,0.395048,0.789312,0.788672,0.763369,0.985224,0.604952,0.813413,0.033819,0.126469,0.167579,25.248000,0.786867,96.653504,50.000000
without_privacy_gate,medium,49,1049,3.968000,3.062000,3.968000,3.062000,0.906000,0.000000,0.769833,0.769833,0.769833,0.750681,0.818963,0.725776,0.405364,0.465618,0.405364,0.525228,0.068556,0.599579,0.626629,0.405364,0.784403,0.788030,0.753764,0.985455,0.594636,0.807925,0.032911,0.121772,0.163618,24.496000,0.769833,95.286058,50.000000
without_reciprocity,extreme,0,1000,10.486000,5.798000,8.956000,5.798000,3.158000,1.490000,0.647461,0.553418,0.555204,0.534712,0.943396,0.729626,0.553619,0.605830,0.553619,0.405236,0.067593,0.559119,0.719157,0.465024,0.631832,0.696183,0.438791,0.977599,0.446381,0.621654,0.090472,0.440313,0.589696,46.384000,0.647461,96.042819,49.508000
without_reciprocity,extreme,1,1001,10.450000,5.828000,8.802000,5.828000,2.974000,1.600000,0.662946,0.557290,0.559483,0.538829,0.945630,0.715916,0.546870,0.601524,0.546870,0.409909,0.071021,0.560583,0.711144,0.452035,0.633608,0.697827,0.438589,0.977729,0.453130,0.622960,0.088818,0.430077,0.574833,46.624000,0.662946,96.298748,49.574000
without_reciprocity,extreme,2,1002,10.600000,5.768000,8.894000,5.768000,3.126000,1.652000,0.646653,0.542852,0.545415,0.524965,0.949334,0.733384,0.546544,0.603421,0.546544,0.398613,0.066654,0.551470,0.695416,0.451323,0.633157,0.697596,0.437614,0.977869,0.453456,0.621470,0.089755,0.428961,0.581440,46.144000,0.646653,96.500064,49.590000
without_reciprocity,extreme,3,1003,10.520000,5.914000,9.020000,5.914000,3.106000,1.458000,0.653878,0.561930,0.564084,0.543161,0.933974,0.716760,0.547352,0.603634,0.547352,0.418075,0.070810,0.561560,0.708575,0.462844,0.633534,0.697507,0.439363,0.977853,0.452648,0.622376,0.091339,0.439694,0.582910,47.312000,0.653878,97.036111,49.516000
without_reciprocity,extreme,4,1004,10.482000,5.708000,8.870000,5.708000,3.162000,1.544000,0.643478,0.544152,0.547435,0.525949,0.940886,0.727094,0.555283,0.607329,0.555283,0.400886,0.068227,0.553684,0.706758,0.462905,0.629607,0.695740,0.432558,0.977669,0.444717,0.618945,0.090043,0.434963,0.582413,45.664000,0.643478,96.748381,49.258000
without_reciprocity,extreme,5,1005,10.532000,5.926000,9.064000,5.926000,3.138000,1.426000,0.654308,0.562132,0.564474,0.543337,0.941684,0.723700,0.553264,0.602026,0.553264,0.412012,0.069075,0.557105,0.701764,0.467868,0.632936,0.698135,0.439801,0.977947,0.446736,0.622973,0.090808,0.440838,0.583253,47.408000,0.654308,95.692483,49.492000
without_reciprocity,extreme,6,1006,10.520000,5.846000,9.008000,5.846000,3.162000,1.470000,0.648551,0.556221,0.558345,0.537561,0.938536,0.730746,0.556220,0.607268,0.556220,0.400143,0.067314,0.552120,0.696265,0.469658,0.631463,0.698959,0.435896,0.977818,0.443780,0.621054,0.090796,0.438490,0.587398,46.768000,0.648551,95.446994,49.622000
without_reciprocity,extreme,7,1007,10.582000,5.668000,8.872000,5.668000,3.204000,1.632000,0.638229,0.534777,0.538653,0.517108,0.938971,0.725331,0.550643,0.604393,0.550643,0.405646,0.068667,0.551163,0.675086,0.454572,0.630564,0.694606,0.434724,0.977700,0.449357,0.619017,0.089617,0.435624,0.576486,45.344000,0.638229,96.644947,49.284000
without_reciprocity,extreme,8,1008,10.492000,5.680000,8.706000,5.680000,3.026000,1.732000,0.650244,0.541179,0.543960,0.523399,0.927273,0.706607,0.539519,0.603205,0.539519,0.419555,0.073348,0.560623,0.686093,0.439113,0.634510,0.696358,0.439227,0.977732,0.460481,0.622616,0.087991,0.425969,0.567346,45.440000,0.650244,96.258964,49.372000
without_reciprocity,extreme,9,1009,10.476000,5.656000,8.854000,5.656000,3.198000,1.532000,0.637037,0.538981,0.543534,0.521029,0.924392,0.717693,0.538779,0.600514,0.538779,0.416476,0.070577,0.555181,0.671584,0.447752,0.633760,0.694414,0.438278,0.977696,0.461221,0.621917,0.089479,0.435533,0.574714,45.248000,0.637037,96.420586,49.198000
without_reciprocity,extreme,10,1010,10.488000,5.780000,9.140000,5.780000,3.360000,1.310000,0.635242,0.552921,0.554878,0.534142,0.929352,0.727085,0.560989,0.606880,0.560989,0.401703,0.068229,0.554840,0.706553,0.482536,0.626344,0.693879,0.426677,0.977713,0.439011,0.615970,0.092210,0.446823,0.595938,46.240000,0.635242,96.617189,49.710000
without_reciprocity,extreme,11,1011,10.544000,5.970000,9.356000,5.970000,3.386000,1.126000,0.638934,0.567597,0.571042,0.548040,0.931498,0.732712,0.564077,0.606837,0.564077,0.402124,0.066822,0.551078,0.689263,0.494222,0.627635,0.694565,0.431894,0.977810,0.435923,0.618610,0.094517,0.452041,0.612466,47.760000,0.638934,97.258176,49.330000
without_reciprocity,extreme,12,1012,10.492000,5.672000,8.856000,5.672000,3.184000,1.590000,0.641476,0.540144,0.542543,0.522217,0.929451,0.729371,0.550334,0.605684,0.550334,0.401288,0.067657,0.554534,0.718465,0.456202,0.630678,0.696350,0.432791,0.977753,0.449666,0.619013,0.088710,0.433331,0.576575,45.376000,0.641476,96.025237,49.618000
without_reciprocity,extreme,13,1013,10.494000,5.518000,8.676000,5.518000,3.158000,1.794000,0.634826,0.525749,0.526899,0.508349,0.929727,0.724474,0.549472,0.607704,0.549472,0.402560,0.068882,0.553710,0.697109,0.444996,0.631644,0.698874,0.433188,0.977683,0.450528,0.619276,0.087453,0.425738,0.567305,44.144000,0.634826,96.044363,49.726000
without_reciprocity,extreme,14,1014,10.522000,5.682000,8.804000,5.682000,3.122000,1.662000,0.646467,0.540654,0.543786,0.522765,0.937454,0.704669,0.547703,0.607486,0.547703,0.421180,0.073833,0.563901,0.701365,0.450056,0.631845,0.695927,0.435195,0.977788,0.452297,0.620845,0.089115,0.432764,0.570581,45.456000,0.646467,96.539130,49.432000
without_reciprocity,extreme,15,1015,10.580000,5.752000,8.970000,5.752000,3.218000,1.560000,0.643927,0.543806,0.546365,0.525714,0.927393,0.722739,0.548020,0.603562,0.548020,0.402938,0.069315,0.554107,0.711074,0.456885,0.632097,0.695430,0.437184,0.977898,0.451980,0.620741,0.090310,0.435561,0.581440,46.016000,0.643927,96.707642,49.342000
without_reciprocity,extreme,16,1016,10.524000,5.750000,8.920000,5.750000,3.170000,1.538000,0.646353,0.545904,0.549250,0.527839,0.922689,0.719676,0.545773,0.601614,0.545773,0.413302,0.070081,0.557790,0.686924,0.454130,0.633211,0.697404,0.437162,0.977825,0.454227,0.621994,0.089923,0.435829,0.577690,46.000000,0.646353,96.520169,49.338000
without_reciprocity,extreme,17,1017,10.478000,5.754000,8.984000,5.754000,3.230000,1.388000,0.641354,0.550311,0.555763,0.531806,0.930243,0.709061,0.538728,0.599069,0.538728,0.417996,0.072735,0.561272,0.699077,0.455761,0.633144,0.693779,0.437022,0.977698,0.461272,0.620901,0.091115,0.442446,0.584057,46.032000,0.641354,96.120113,48.992000
without_reciprocity,extreme,18,1018,10.550000,5.954000,9.252000,5.954000,3.298000,1.284000,0.643877,0.564641,0.565525,0.545402,0.938588,0.730524,0.557619,0.607882,0.557619,0.408795,0.067369,0.557268,0.703446,0.481965,0.631011,0.697941,0.436214,0.977869,0.442381,0.620963,0.092532,0.451830,0.598679,47.632000,0.643877,94.981743,49.792000
without_reciprocity,extreme,19,1019,10.472000,5.718000,9.002000,5.718000,3.284000,1.438000,0.636511,0.545035,0.546532,0.526785,0.942537,0.739483,0.554518,0.604053,0.554518,0.391792,0.065129,0.549733,0.701639,0.469336,0.628987,0.695423,0.430132,0.977787,0.445482,0.618106,0.090483,0.440476,0.584102,45.744000,0.636511,96.100810,49.620000
without_reciprocity,extreme,20,1020,10.524000,5.624000,8.674000,5.624000,3.050000,1.794000,0.648035,0.534409,0.537037,0.517038,0.928791,0.720621,0.542199,0.601923,0.542199,0.416877,0.069845,0.559836,0.702232,0.437108,0.633645,0.697313,0.437050,0.977787,0.457801,0.621361,0.087545,0.425022,0.560894,44.992000,0.648035,96.880704,49.502000
without_reciprocity,extreme,21,1021,10.440000,5.810000,8.922000,5.810000,3.112000,1.458000,0.652224,0.555998,0.559184,0.537521,0.932002,0.716005,0.545946,0.603167,0.545946,0.416685,0.070999,0.562174,0.705013,0.459038,0.633367,0.696772,0.438813,0.977883,0.454054,0.621895,0.090002,0.429324,0.581662,46.480000,0.652224,96.104723,49.568000
without_reciprocity,extreme,22,1022,10.518000,5.756000,8.870000,5.756000,3.114000,1.602000,0.649889,0.546427,0.548871,0.528369,0.917685,0.721902,0.546245,0.606243,0.546245,0.408965,0.069524,0.554535,0.686900,0.453051,0.633061,0.696898,0.437875,0.977802,0.453755,0.621477,0.089875,0.430556,0.578291,46.048000,0.649889,96.991709,49.434000
without_reciprocity,extreme,23,1023,10.498000,5.698000,8.772000,5.698000,3.074000,1.692000,0.648012,0.542628,0.544533,0.524739,0.941743,0.729344,0.549678,0.604155,0.549678,0.405359,0.067664,0.554318,0.693684,0.449850,0.632156,0.696792,0.436847,0.977643,0.450322,0.621192,0.089059,0.433957,0.567639,45.584000,0.648012,96.397481,49.592000
without_reciprocity,extreme,24,1024,10.444000,5.770000,8.772000,5.770000,3.002000,1.592000,0.662132,0.554043,0.558391,0.535671,0.928757,0.716661,0.544315,0.601837,0.544315,0.416019,0.070835,0.557219,0.671134,0.449026,0.633943,0.696062,0.440255,0.977641,0.455685,0.623220,0.089206,0.429187,0.575765,46.160000,0.662132,96.448210,49.378000
without_reciprocity,extreme,25,1025,10.444000,5.772000,8.778000,5.772000,3.006000,1.634000,0.659668,0.552105,0.553643,0.533959,0.930744,0.730779,0.549699,0.608068,0.549699,0.401123,0.067305,0.553259,0.714099,0.453867,0.632374,0.695798,0.438485,0.977759,0.450301,0.621876,0.088780,0.429935,0.569465,46.176000,0.659668,96.519706,49.680000
without_reciprocity,extreme,26,1026,10.468000,5.758000,8.786000,5.758000,3.028000,1.612000,0.655177,0.550185,0.553946,0.532010,0.924632,0.705488,0.534212,0.600814,0.534212,0.420885,0.073628,0.561836,0.696113,0.441086,0.636381,0.695742,0.443097,0.977808,0.465788,0.624324,0.088722,0.427797,0.572318,46.064000,0.655177,95.532720,49.276000
without_reciprocity,extreme,27,1027,10.584000,6.122000,9.420000,6.122000,3.298000,1.126000,0.650606,0.578243,0.580337,0.558320,0.935175,0.720819,0.564176,0.610764,0.564176,0.410154,0.069795,0.556935,0.699603,0.495320,0.629071,0.696447,0.435042,0.977875,0.435824,0.619925,0.094597,0.458498,0.609851,48.976000,0.650606,95.680508,49.550000
without_reciprocity,extreme,28,1028,10.540000,5.738000,8.748000,5.738000,3.010000,1.756000,0.658831,0.544755,0.546822,0.526968,0.938255,0.723222,0.550666,0.605434,0.550666,0.402991,0.069195,0.555950,0.718942,0.447065,0.633313,0.698949,0.438504,0.977755,0.449334,0.623201,0.088219,0.428504,0.568316,45.904000,0.658831,96.174161,49.612000
without_reciprocity,extreme,29,1029,10.452000,5.632000,8.778000,5.632000,3.146000,1.636000,0.640708,0.539013,0.541000,0.521203,0.929429,0.726901,0.554633,0.610907,0.554633,0.401085,0.068275,0.553432,0.705831,0.457705,0.630689,0.698008,0.433128,0.977791,0.445367,0.620124,0.088601,0.432654,0.565674,45.056000,0.640708,95.854660,49.538000
without_reciprocity,extreme,30,1030,10.534000,5.704000,8.760000,5.704000,3.056000,1.764000,0.654686,0.542104,0.542771,0.524369,0.940668,0.734253,0.546833,0.606655,0.546833,0.397555,0.066437,0.552072,0.702504,0.447443,0.632584,0.698984,0.434334,0.977863,0.453167,0.620387,0.088029,0.426426,0.569828,45.632000,0.654686,95.356898,49.796000
without_reciprocity,extreme,31,1031,10.482000,5.894000,9.090000,5.894000,3.196000,1.378000,0.646454,0.561856,0.562600,0.542867,0.933223,0.743626,0.562869,0.608885,0.562869,0.393363,0.064094,0.549073,0.717416,0.481126,0.629026,0.698510,0.432031,0.977823,0.437131,0.618979,0.091570,0.442381,0.589848,47.152000,0.646454,95.426293,49.850000
without_reciprocity,extreme,32,1032,10.452000,5.808000,9.008000,5.808000,3.200000,1.386000,0.646139,0.555080,0.558152,0.536470,0.932746,0.722793,0.557806,0.605314,0.557806,0.406944,0.069302,0.557850,0.707822,0.472837,0.629064,0.695821,0.432341,0.977813,0.442194,0.618220,0.090871,0.434838,0.591601,46.464000,0.646139,96.490493,49.460000
without_reciprocity,extreme,33,1033,10.522000,5.546000,8.486000,5.546000,2.940000,1.978000,0.654573,0.526808,0.529492,0.509894,0.926508,0.708580,0.538624,0.604609,0.538624,0.420226,0.072855,0.561660,0.696306,0.423925,0.635987,0.698945,0.441091,0.977854,0.461376,0.623666,0.085629,0.411040,0.552573,44.368000,0.654573,96.338528,49.488000
without_reciprocity,extreme,34,1034,10.438000,5.658000,8.668000,5.658000,3.010000,1.732000,0.654176,0.543275,0.545017,0.525452,0.929931,0.725524,0.544346,0.603752,0.544346,0.416194,0.068619,0.560058,0.696675,0.443398,0.633993,0.698459,0.438145,0.977729,0.455654,0.622284,0.087456,0.421847,0.567053,45.264000,0.654176,96.377548,49.680000
without_reciprocity,extreme,35,1035,10.460000,5.762000,8.688000,5.762000,2.926000,1.748000,0.663310,0.550474,0.551737,0.532278,0.943344,0.722643,0.551987,0.606354,0.551987,0.412432,0.069339,0.558476,0.704435,0.448545,0.632408,0.697293,0.438418,0.977612,0.448013,0.622112,0.088385,0.426848,0.569312,46.096000,0.663310,97.141819,49.768000
without_reciprocity,extreme,36,1036,10.506000,5.530000,8.548000,5.530000,3.018000,1.906000,0.646950,0.526813,0.529079,0.509888,0.929061,0.727241,0.530129,0.600112,0.530129,0.410630,0.068190,0.558361,0.700002,0.423069,0.635661,0.696114,0.437644,0.977909,0.469871,0.622469,0.086375,0.417598,0.549414,44.240000,0.646950,96.518149,49.554000
without_reciprocity,extreme,37,1037,10.490000,5.632000,8.810000,5.632000,3.178000,1.666000,0.639238,0.537586,0.538123,0.519766,0.942937,0.742900,0.563853,0.610972,0.563853,0.387058,0.064275,0.545025,0.716776,0.465250,0.627298,0.697537,0.428351,0.977784,0.436147,0.616163,0.088920,0.431740,0.570661,45.056000,0.639238,97.138445,49.806000
without_reciprocity,extreme,38,1038,10.590000,5.918000,9.016000,5.918000,3.098000,1.496000,0.660323,0.559148,0.563459,0.540539,0.935268,0.710423,0.551033,0.604422,0.551033,0.416140,0.072394,0.561400,0.703608,0.460300,0.632124,0.694973,0.439093,0.977715,0.448967,0.622316,0.090506,0.441176,0.589935,47.344000,0.660323,96.154983,49.250000
without_reciprocity,extreme,39,1039,10.396000,5.918000,9.080000,5.918000,3.162000,1.284000,0.652605,0.569449,0.570807,0.550017,0.937731,0.737194,0.557452,0.606082,0.557452,0.398419,0.065701,0.550004,0.706776,0.480309,0.631247,0.697399,0.437660,0.977707,0.442548,0.621349,0.091536,0.445934,0.592128,47.344000,0.652605,96.198305,49.734000
without_reciprocity,extreme,40,1040,10.558000,5.698000,8.862000,5.698000,3.164000,1.658000,0.644640,0.540279,0.542286,0.522464,0.938921,0.718618,0.540907,0.602623,0.540907,0.410670,0.070346,0.556159,0.690192,0.446432,0.632609,0.695134,0.434788,0.977826,0.459093,0.620462,0.089343,0.433819,0.574369,45.584000,0.644640,96.543966,49.356000
without_reciprocity,extreme,41,1041,10.484000,5.832000,8.868000,5.832000,3.036000,1.588000,0.659469,0.556061,0.557443,0.537467,0.935595,0.730774,0.556384,0.608236,0.556384,0.401066,0.067307,0.553896,0.700751,0.462986,0.630563,0.697030,0.434973,0.977670,0.443616,0.620411,0.089783,0.435926,0.578563,46.656000,0.659469,96.483884,49.770000
without_reciprocity,extreme,42,1042,10.564000,5.832000,8.928000,5.832000,3.096000,1.544000,0.656716,0.552374,0.557098,0.534015,0.935522,0.713066,0.550977,0.604859,0.550977,0.418607,0.071734,0.562377,0.697712,0.459218,0.632594,0.697307,0.438567,0.977689,0.449023,0.621915,0.090250,0.438343,0.583547,46.656000,0.656716,96.569793,49.232000
without_reciprocity,extreme,43,1043,10.514000,5.710000,8.718000,5.710000,3.008000,1.714000,0.656740,0.543109,0.547899,0.525382,0.922214,0.695003,0.541180,0.600672,0.541180,0.425963,0.076249,0.566008,0.707386,0.440903,0.634654,0.697644,0.439090,0.977809,0.458820,0.623103,0.087595,0.424268,0.569420,45.680000,0.656740,96.138823,49.284000
without_reciprocity,extreme,44,1044,10.462000,5.830000,8.800000,5.830000,2.970000,1.628000,0.661730,0.556096,0.557805,0.537547,0.937254,0.717386,0.561525,0.614087,0.561525,0.411828,0.070654,0.559246,0.693467,0.463626,0.630295,0.698423,0.435694,0.977615,0.438475,0.620717,0.088925,0.432502,0.578144,46.640000,0.661730,96.500259,49.576000
without_reciprocity,extreme,45,1045,10.476000,5.760000,8.974000,5.760000,3.214000,1.464000,0.640193,0.548174,0.550260,0.529717,0.927604,0.724742,0.559933,0.607784,0.559933,0.405991,0.068814,0.556796,0.695617,0.470720,0.629343,0.695978,0.434131,0.977708,0.440067,0.619478,0.090698,0.438308,0.588012,46.080000,0.640193,96.577696,49.672000
without_reciprocity,extreme,46,1046,10.628000,5.750000,8.938000,5.750000,3.188000,1.652000,0.643631,0.539601,0.541345,0.521633,0.944712,0.729904,0.553217,0.609113,0.553217,0.404197,0.067524,0.553177,0.699532,0.456744,0.628887,0.693624,0.431410,0.977660,0.446783,0.617625,0.090427,0.437478,0.587917,46.000000,0.643631,96.133643,49.692000
without_reciprocity,extreme,47,1047,10.476000,5.724000,8.876000,5.724000,3.152000,1.534000,0.643216,0.546655,0.550077,0.528550,0.922706,0.719190,0.548008,0.602962,0.548008,0.410926,0.070203,0.557458,0.694397,0.456401,0.631854,0.696019,0.435502,0.977857,0.451992,0.620574,0.089155,0.433668,0.573816,45.792000,0.643216,96.235185,49.502000
without_reciprocity,extreme,48,1048,10.538000,5.640000,8.806000,5.640000,3.166000,1.706000,0.638338,0.535666,0.536906,0.517975,0.922124,0.726070,0.549288,0.605023,0.549288,0.411153,0.068482,0.553628,0.680621,0.449767,0.632608,0.697505,0.437419,0.977716,0.450712,0.621486,0.088187,0.429405,0.577662,45.120000,0.638338,95.054049,49.710000
without_reciprocity,extreme,49,1049,10.480000,5.648000,8.766000,5.648000,3.118000,1.682000,0.644997,0.537845,0.539568,0.520112,0.930572,0.732838,0.545615,0.603426,0.545615,0.395931,0.066790,0.548432,0.711368,0.448154,0.631620,0.696442,0.433325,0.977774,0.454385,0.619061,0.088554,0.427588,0.571405,45.184000,0.644997,95.803839,49.754000
without_reciprocity,high,0,1000,7.030000,4.578000,6.398000,4.578000,1.820000,0.630000,0.714314,0.650321,0.650536,0.631531,0.902367,0.719367,0.501453,0.564450,0.501453,0.453855,0.070158,0.574734,0.698004,0.450537,0.663694,0.742874,0.465252,0.981840,0.498547,0.643318,0.059286,0.250982,0.335378,36.624000,0.714314,96.251536,49.982000
without_reciprocity,high,1,1001,6.952000,4.616000,6.378000,4.616000,1.762000,0.574000,0.720988,0.661810,0.661810,0.642589,0.863662,0.706058,0.488033,0.556864,0.488033,0.469171,0.073485,0.577901,0.692394,0.442430,0.667745,0.743008,0.470498,0.981862,0.511967,0.646960,0.058468,0.250160,0.333130,36.928000,0.720988,96.340831,50.000000
without_reciprocity,high,2,1002,6.998000,4.512000,6.344000,4.512000,1.832000,0.654000,0.710905,0.644750,0.644750,0.626120,0.871273,0.715210,0.491618,0.561387,0.491618,0.455385,0.071198,0.573641,0.689536,0.439999,0.665815,0.743640,0.465855,0.981791,0.508382,0.644177,0.058458,0.250115,0.332995,36.096000,0.710905,97.487090,50.000000
without_reciprocity,high,3,1003,6.936000,4.612000,6.386000,4.612000,1.774000,0.550000,0.723926,0.665000,0.665000,0.645416,0.883960,0.718188,0.494678,0.558377,0.494678,0.457292,0.070453,0.578902,0.710708,0.449537,0.667286,0.743880,0.472131,0.981645,0.505322,0.647441,0.059205,0.253332,0.336960,36.896000,0.723926,97.208418,49.988000
without_reciprocity,high,4,1004,7.024000,4.648000,6.428000,4.648000,1.780000,0.590000,0.722012,0.660119,0.660688,0.640848,0.862341,0.706673,0.492219,0.560007,0.492219,0.458999,0.073332,0.577939,0.686731,0.443874,0.664871,0.740348,0.465895,0.981714,0.507781,0.644626,0.059697,0.255489,0.335900,37.184000,0.722012,96.378895,49.956000
without_reciprocity,high,5,1005,6.998000,4.724000,6.520000,4.724000,1.796000,0.468000,0.726507,0.675464,0.676550,0.655548,0.875592,0.703651,0.488492,0.555702,0.488492,0.465341,0.074087,0.580702,0.701370,0.450603,0.668610,0.742600,0.473863,0.981791,0.511508,0.648875,0.060261,0.256518,0.342907,37.792000,0.726507,96.074985,49.940000
without_reciprocity,high,6,1006,7.024000,4.612000,6.448000,4.612000,1.836000,0.576000,0.717338,0.658167,0.658167,0.639066,0.880186,0.711474,0.512818,0.568734,0.512818,0.447484,0.072132,0.572677,0.710394,0.464652,0.660922,0.741693,0.463207,0.981851,0.487182,0.642736,0.059878,0.250950,0.338435,36.896000,0.717338,97.281711,50.000000
without_reciprocity,high,7,1007,6.986000,4.728000,6.426000,4.728000,1.698000,0.560000,0.738000,0.677607,0.677607,0.657861,0.896452,0.702215,0.495489,0.561238,0.495489,0.461739,0.074446,0.580443,0.699258,0.450544,0.665939,0.744309,0.467253,0.981863,0.504511,0.645738,0.058919,0.250594,0.338193,37.824000,0.738000,95.750808,50.000000
without_reciprocity,high,8,1008,6.990000,4.634000,6.374000,4.634000,1.740000,0.608000,0.726502,0.664095,0.664898,0.644905,0.863656,0.700593,0.492268,0.559526,0.492268,0.459366,0.074852,0.577754,0.694818,0.442684,0.668348,0.744123,0.473926,0.981923,0.507732,0.648324,0.058612,0.249869,0.332239,37.072000,0.726502,96.051717,49.918000
without_reciprocity,high,9,1009,7.082000,4.668000,6.412000,4.668000,1.744000,0.670000,0.724910,0.657179,0.657179,0.638142,0.903066,0.707031,0.496966,0.565022,0.496966,0.459497,0.073242,0.579441,0.696387,0.444745,0.666053,0.744716,0.468316,0.981750,0.503034,0.645920,0.059037,0.253450,0.337118,37.344000,0.724910,95.409680,49.970000
without_reciprocity,high,10,1010,7.022000,4.656000,6.542000,4.656000,1.886000,0.480000,0.711376,0.662083,0.662083,0.642779,0.894907,0.712795,0.511509,0.566117,0.511509,0.443859,0.071801,0.567042,0.697060,0.471497,0.660842,0.744229,0.459886,0.981990,0.488491,0.641009,0.060032,0.256435,0.336764,37.248000,0.711376,95.801902,50.000000
without_reciprocity,high,11,1011,6.982000,4.856000,6.682000,4.856000,1.826000,0.300000,0.727167,0.695369,0.695369,0.674513,0.874982,0.721158,0.507132,0.560250,0.507132,0.454322,0.069710,0.571527,0.695315,0.481483,0.664033,0.743065,0.468831,0.981867,0.492868,0.645911,0.062014,0.260189,0.350211,38.848000,0.727167,96.453254,49.998000
without_reciprocity,high,12,1012,6.998000,4.604000,6.450000,4.604000,1.846000,0.548000,0.713129,0.658893,0.658893,0.639533,0.899917,0.707028,0.489948,0.556643,0.489948,0.460184,0.073243,0.582406,0.708745,0.445580,0.665075,0.740321,0.465322,0.981781,0.510052,0.644320,0.059939,0.251167,0.341322,36.832000,0.713129,96.838842,49.996000
without_reciprocity,high,13,1013,6.992000,4.476000,6.298000,4.476000,1.822000,0.686000,0.710357,0.639095,0.640040,0.620691,0.865628,0.704776,0.493198,0.560695,0.493198,0.462900,0.073806,0.575938,0.673993,0.435781,0.663735,0.740101,0.463268,0.981743,0.506802,0.642675,0.058168,0.247781,0.332520,35.808000,0.710357,96.582591,49.944000
without_reciprocity,high,14,1014,6.972000,4.596000,6.372000,4.596000,1.776000,0.596000,0.719940,0.658512,0.658738,0.639407,0.874317,0.717988,0.493400,0.556926,0.493400,0.453802,0.070503,0.572789,0.684111,0.445829,0.665091,0.742152,0.465748,0.981771,0.506600,0.644260,0.059257,0.251131,0.333713,36.768000,0.719940,95.882382,49.970000
without_reciprocity,high,15,1015,7.022000,4.548000,6.444000,4.548000,1.896000,0.574000,0.707145,0.649345,0.649917,0.630328,0.889897,0.705148,0.501925,0.562164,0.501925,0.454445,0.073713,0.577261,0.702930,0.455501,0.660243,0.739479,0.457048,0.981726,0.498075,0.639794,0.059882,0.254167,0.340386,36.384000,0.707145,96.934686,49.990000
without_reciprocity,high,16,1016,6.982000,4.640000,6.444000,4.640000,1.804000,0.536000,0.721933,0.664512,0.664655,0.644938,0.883349,0.717953,0.508328,0.564377,0.508328,0.453107,0.070512,0.570940,0.691847,0.464722,0.661495,0.742129,0.462661,0.981661,0.491672,0.641875,0.060145,0.256065,0.339411,37.120000,0.721933,97.145737,49.974000
without_reciprocity,high,17,1017,6.922000,4.440000,6.272000,4.440000,1.832000,0.650000,0.708167,0.640417,0.640417,0.621987,0.890626,0.715054,0.510721,0.563527,0.510721,0.453700,0.071236,0.573613,0.681312,0.454485,0.659509,0.741646,0.457867,0.981769,0.489279,0.639441,0.058170,0.247385,0.328437,35.520000,0.708167,97.284956,49.994000
without_reciprocity,high,18,1018,7.014000,4.566000,6.514000,4.566000,1.948000,0.500000,0.703674,0.653393,0.653393,0.634217,0.882193,0.723775,0.505126,0.558197,0.505126,0.448561,0.069056,0.566393,0.674972,0.463888,0.661482,0.743447,0.459337,0.981874,0.494874,0.640614,0.059928,0.256609,0.339367,36.528000,0.703674,96.645208,50.000000
without_reciprocity,high,19,1019,6.960000,4.654000,6.390000,4.654000,1.736000,0.570000,0.726812,0.668262,0.668262,0.648705,0.875432,0.712784,0.497735,0.559639,0.497735,0.465702,0.071804,0.579687,0.692746,0.451344,0.666345,0.743726,0.470577,0.981709,0.502265,0.647118,0.059570,0.253330,0.336244,37.232000,0.726812,96.150223,49.992000
without_reciprocity,high,20,1020,7.014000,4.556000,6.364000,4.556000,1.808000,0.648000,0.717948,0.650524,0.650702,0.631687,0.861673,0.707120,0.477742,0.559657,0.477742,0.463806,0.073220,0.579581,0.700295,0.428655,0.667917,0.739426,0.468770,0.981723,0.522258,0.646120,0.058936,0.250944,0.334943,36.448000,0.717948,96.815009,49.944000
without_reciprocity,high,21,1021,6.974000,4.672000,6.470000,4.672000,1.798000,0.500000,0.722538,0.669286,0.669552,0.649649,0.861251,0.723341,0.483511,0.556119,0.483511,0.452950,0.069165,0.568307,0.665045,0.443143,0.668825,0.742703,0.471794,0.981876,0.516489,0.647685,0.059814,0.253628,0.337606,37.376000,0.722538,95.429244,49.964000
without_reciprocity,high,22,1022,6.986000,4.602000,6.422000,4.602000,1.820000,0.556000,0.715876,0.659071,0.660010,0.639871,0.854896,0.699639,0.470380,0.548858,0.470380,0.472200,0.075090,0.584724,0.705897,0.426353,0.671225,0.739483,0.475138,0.981845,0.529620,0.649897,0.059034,0.252905,0.335437,36.816000,0.715876,96.206837,49.906000
without_reciprocity,high,23,1023,6.968000,4.456000,6.274000,4.456000,1.818000,0.692000,0.709962,0.639238,0.639505,0.620925,0.881058,0.716950,0.485695,0.556290,0.485695,0.449221,0.070763,0.574435,0.703771,0.431993,0.668615,0.745399,0.470187,0.981821,0.514305,0.646319,0.057861,0.246655,0.327659,35.648000,0.709962,95.463887,49.980000
without_reciprocity,high,24,1024,6.996000,4.506000,6.386000,4.506000,1.880000,0.604000,0.702769,0.644119,0.644560,0.625260,0.887646,0.708344,0.488582,0.556819,0.488582,0.460590,0.072914,0.578956,0.682564,0.441097,0.666688,0.742748,0.467722,0.981772,0.511418,0.645393,0.059596,0.249626,0.337489,36.048000,0.702769,96.396166,49.952000
without_reciprocity,high,25,1025,7.004000,4.440000,6.378000,4.440000,1.938000,0.626000,0.697667,0.634524,0.634524,0.616339,0.872922,0.723869,0.496644,0.559835,0.496644,0.446327,0.069033,0.566103,0.680091,0.445982,0.662203,0.742703,0.457593,0.981948,0.503356,0.639952,0.058515,0.248412,0.331648,35.520000,0.697667,96.028914,50.000000
without_reciprocity,high,26,1026,6.962000,4.464000,6.254000,4.464000,1.790000,0.704000,0.713581,0.640726,0.641069,0.622288,0.873791,0.720041,0.496105,0.562281,0.496105,0.447795,0.069990,0.571249,0.694617,0.438666,0.663607,0.743060,0.461334,0.981805,0.503895,0.642399,0.058031,0.246133,0.327912,35.712000,0.713581,95.939141,49.946000
without_reciprocity,high,27,1027,6.972000,4.530000,6.478000,4.530000,1.948000,0.488000,0.697617,0.648679,0.648929,0.629686,0.874010,0.713593,0.506393,0.561536,0.506393,0.450739,0.071602,0.572690,0.698255,0.465518,0.660782,0.741301,0.459746,0.981935,0.493607,0.640652,0.059550,0.251959,0.338597,36.240000,0.697617,95.281182,49.970000
without_reciprocity,high,28,1028,7.080000,4.676000,6.434000,4.676000,1.758000,0.646000,0.728824,0.660798,0.660798,0.641775,0.898488,0.717431,0.502665,0.562455,0.502665,0.451065,0.070642,0.570348,0.674889,0.451177,0.664346,0.744150,0.466537,0.981829,0.497335,0.644614,0.059955,0.250518,0.337639,37.408000,0.728824,96.824213,50.000000
without_reciprocity,high,29,1029,7.004000,4.646000,6.468000,4.646000,1.822000,0.536000,0.718145,0.663452,0.663452,0.644129,0.875271,0.715068,0.502598,0.562701,0.502598,0.443955,0.071233,0.571216,0.699562,0.459746,0.663238,0.743180,0.463455,0.981844,0.497402,0.643610,0.059466,0.253280,0.339940,37.168000,0.718145,95.783498,50.000000
without_reciprocity,high,30,1030,6.994000,4.530000,6.290000,4.530000,1.760000,0.704000,0.719888,0.647536,0.647536,0.628897,0.870860,0.692932,0.486791,0.555787,0.486791,0.485126,0.076767,0.593825,0.709093,0.430004,0.667449,0.742294,0.469507,0.981761,0.513209,0.646560,0.058102,0.248214,0.330010,36.240000,0.719888,96.084094,49.988000
without_reciprocity,high,31,1031,7.014000,4.518000,6.542000,4.518000,2.024000,0.470000,0.691310,0.644060,0.644202,0.625097,0.874543,0.718778,0.500196,0.560931,0.500196,0.451560,0.070305,0.566484,0.663493,0.461396,0.661756,0.741399,0.459834,0.981799,0.499804,0.640155,0.060935,0.258051,0.341773,36.144000,0.691310,96.324250,49.980000
without_reciprocity,high,32,1032,6.992000,4.730000,6.528000,4.730000,1.798000,0.450000,0.725317,0.677607,0.678602,0.657818,0.884339,0.701453,0.485511,0.554618,0.485511,0.463284,0.074637,0.582422,0.710499,0.449044,0.668970,0.742716,0.473198,0.981983,0.514489,0.648558,0.060672,0.254437,0.337189,37.840000,0.725317,97.186795,49.922000
without_reciprocity,high,33,1033,7.018000,4.504000,6.294000,4.504000,1.790000,0.724000,0.717843,0.642548,0.642548,0.623951,0.854417,0.703243,0.476121,0.552623,0.476121,0.467304,0.074189,0.579221,0.683557,0.420405,0.669001,0.740256,0.470956,0.981662,0.523879,0.646764,0.058128,0.251147,0.330622,36.032000,0.717843,97.583433,49.944000
without_reciprocity,high,34,1034,7.036000,4.578000,6.398000,4.578000,1.820000,0.638000,0.712979,0.649298,0.649298,0.630370,0.881220,0.719969,0.499419,0.560283,0.499419,0.448505,0.070008,0.571593,0.706971,0.448419,0.664514,0.742581,0.467020,0.981685,0.500581,0.644489,0.059256,0.253394,0.337302,36.624000,0.712979,96.489323,50.000000
without_reciprocity,high,35,1035,6.940000,4.454000,6.286000,4.454000,1.832000,0.654000,0.709319,0.642619,0.642619,0.624211,0.884748,0.715080,0.503378,0.563757,0.503378,0.451351,0.071230,0.572462,0.674934,0.449425,0.662508,0.744099,0.460692,0.981951,0.496622,0.642052,0.057981,0.243110,0.328489,35.632000,0.709319,95.926098,50.000000
without_reciprocity,high,36,1036,6.952000,4.440000,6.264000,4.440000,1.824000,0.682000,0.710655,0.639238,0.639524,0.620827,0.867875,0.713619,0.490397,0.558424,0.490397,0.450568,0.071595,0.571203,0.680941,0.435596,0.664862,0.741287,0.464034,0.981753,0.509603,0.643629,0.057953,0.247840,0.329124,35.520000,0.710655,97.224425,49.982000
without_reciprocity,high,37,1037,7.010000,4.602000,6.432000,4.602000,1.830000,0.576000,0.712305,0.654774,0.654964,0.635825,0.887818,0.715544,0.493643,0.563133,0.493643,0.454693,0.071114,0.572761,0.681258,0.446894,0.665295,0.740704,0.467959,0.981935,0.506357,0.645028,0.059779,0.251092,0.334252,36.816000,0.712305,96.746939,49.968000
without_reciprocity,high,38,1038,6.964000,4.500000,6.354000,4.500000,1.854000,0.610000,0.708121,0.646988,0.646988,0.628106,0.888549,0.719329,0.505059,0.562919,0.505059,0.448826,0.070168,0.567052,0.675240,0.454763,0.661607,0.742185,0.461143,0.981667,0.494941,0.641205,0.059032,0.253954,0.331916,36.000000,0.708121,97.135004,49.986000
without_reciprocity,high,39,1039,6.942000,4.642000,6.464000,4.642000,1.822000,0.478000,0.716979,0.668452,0.668452,0.648676,0.884430,0.714237,0.494149,0.556287,0.494149,0.456448,0.071441,0.574765,0.694052,0.454784,0.665203,0.741952,0.466414,0.981780,0.505851,0.645115,0.059789,0.253949,0.341076,37.136000,0.716979,95.478950,49.996000
without_reciprocity,high,40,1040,6.936000,4.426000,6.250000,4.426000,1.824000,0.684000,0.711421,0.639238,0.639452,0.620701,0.872272,0.718842,0.486865,0.555087,0.486865,0.449356,0.070290,0.571413,0.689034,0.431976,0.664663,0.739204,0.464000,0.981629,0.513135,0.642543,0.058466,0.247131,0.331261,35.408000,0.711421,96.731828,49.984000
without_reciprocity,high,41,1041,7.022000,4.612000,6.476000,4.612000,1.864000,0.546000,0.711005,0.655667,0.655667,0.636500,0.865744,0.708240,0.483883,0.559263,0.483883,0.461914,0.072940,0.577211,0.687135,0.440464,0.667897,0.742170,0.470048,0.981849,0.516117,0.645733,0.059960,0.252882,0.340897,36.896000,0.711005,97.313198,50.000000
without_reciprocity,high,42,1042,7.028000,4.592000,6.428000,4.592000,1.836000,0.600000,0.715395,0.654452,0.654452,0.635263,0.897092,0.718734,0.505056,0.564566,0.505056,0.450394,0.070316,0.571835,0.698763,0.456280,0.662478,0.742991,0.462895,0.981647,0.494944,0.642766,0.059499,0.256733,0.339140,36.736000,0.715395,96.725883,50.000000
without_reciprocity,high,43,1043,6.984000,4.410000,6.284000,4.410000,1.874000,0.700000,0.699821,0.631000,0.631000,0.612772,0.880354,0.711336,0.494775,0.560390,0.494775,0.450590,0.072166,0.570485,0.680678,0.438027,0.663618,0.743332,0.460555,0.981808,0.505225,0.641715,0.058120,0.245851,0.332732,35.280000,0.699821,96.867516,50.000000
without_reciprocity,high,44,1044,6.990000,4.594000,6.442000,4.594000,1.848000,0.548000,0.713357,0.656917,0.656917,0.637800,0.872683,0.700103,0.494192,0.557807,0.494192,0.464154,0.074974,0.579904,0.685545,0.450047,0.665534,0.743242,0.466536,0.981938,0.505808,0.644670,0.059310,0.250491,0.337040,36.752000,0.713357,96.674471,49.986000
without_reciprocity,high,45,1045,7.020000,4.706000,6.532000,4.706000,1.826000,0.488000,0.719960,0.670952,0.670952,0.651236,0.854711,0.710771,0.499558,0.565571,0.499558,0.451187,0.072307,0.572381,0.685754,0.461057,0.665310,0.743108,0.469049,0.981794,0.500442,0.645709,0.060787,0.257206,0.341965,37.648000,0.719960,96.587460,49.990000
without_reciprocity,high,46,1046,6.952000,4.566000,6.420000,4.566000,1.854000,0.522000,0.711940,0.657440,0.658369,0.638133,0.840583,0.715692,0.483246,0.558829,0.483246,0.458500,0.071077,0.574592,0.683996,0.440817,0.668220,0.741518,0.471261,0.981831,0.516754,0.646526,0.059138,0.249806,0.338449,36.528000,0.711940,95.654729,49.862000
without_reciprocity,high,47,1047,7.028000,4.632000,6.428000,4.632000,1.796000,0.600000,0.721200,0.658393,0.658393,0.639433,0.849109,0.711137,0.488016,0.557986,0.488016,0.459933,0.072216,0.576330,0.686039,0.440027,0.668307,0.744150,0.470917,0.982069,0.511984,0.647650,0.059034,0.248914,0.333707,37.056000,0.721200,95.714916,49.986000
without_reciprocity,high,48,1048,6.990000,4.488000,6.312000,4.488000,1.824000,0.678000,0.707931,0.641595,0.641595,0.623005,0.893038,0.710688,0.503981,0.563611,0.503981,0.461554,0.072328,0.577481,0.697250,0.447694,0.662838,0.743645,0.462718,0.981806,0.496019,0.642837,0.058645,0.248712,0.330749,35.904000,0.707931,95.811954,50.000000
without_reciprocity,high,49,1049,7.012000,4.620000,6.372000,4.620000,1.752000,0.636000,0.720300,0.658690,0.659024,0.639510,0.875230,0.712889,0.483045,0.557046,0.483045,0.468231,0.071778,0.580652,0.706708,0.432783,0.669178,0.742233,0.473486,0.981844,0.516955,0.647900,0.058995,0.248014,0.336051,36.960000,0.720300,96.114160,49.972000
without_reciprocity,low,0,1000,1.480000,1.216000,1.480000,1.216000,0.264000,0.000000,0.831000,0.831000,0.831000,0.815169,0.749192,0.803833,0.324524,0.393994,0.324524,0.576532,0.049042,0.609817,0.687292,0.324524,0.728769,0.812987,0.507544,0.988824,0.675476,0.676607,0.010636,0.034214,0.046355,9.728000,0.831000,88.033622,50.000000
without_reciprocity,low,1,1001,1.494000,1.236000,1.494000,1.236000,0.258000,0.000000,0.836000,0.836000,0.836000,0.819921,0.738422,0.795478,0.315012,0.387965,0.315012,0.582780,0.051130,0.616837,0.694991,0.315012,0.729152,0.810371,0.505860,0.988762,0.684988,0.676063,0.010831,0.034762,0.046209,9.888000,0.836000,89.650943,50.000000
without_reciprocity,low,2,1002,1.514000,1.200000,1.512000,1.200000,0.312000,0.002000,0.798000,0.797000,0.797000,0.782053,0.726255,0.795381,0.328110,0.403957,0.328110,0.567016,0.051155,0.604223,0.673181,0.327670,0.724787,0.809292,0.499339,0.988982,0.671890,0.673246,0.010704,0.035443,0.045096,9.600000,0.798000,85.203552,50.000000
without_reciprocity,low,3,1003,1.510000,1.204000,1.506000,1.204000,0.302000,0.004000,0.799000,0.798000,0.798000,0.782837,0.669546,0.784788,0.325885,0.395549,0.325885,0.573065,0.053803,0.606758,0.648114,0.325110,0.725094,0.808564,0.500414,0.988862,0.674115,0.672761,0.010899,0.034638,0.046480,9.632000,0.799000,86.799973,50.000000
without_reciprocity,low,4,1004,1.522000,1.222000,1.522000,1.222000,0.300000,0.000000,0.802000,0.802000,0.802000,0.786745,0.744710,0.785928,0.323952,0.387070,0.323952,0.572872,0.053518,0.606689,0.661970,0.323952,0.727541,0.813505,0.502459,0.988846,0.676048,0.674568,0.010781,0.035336,0.047315,9.776000,0.802000,84.710045,50.000000
without_reciprocity,low,5,1005,1.528000,1.242000,1.524000,1.242000,0.282000,0.004000,0.820000,0.818000,0.818000,0.802363,0.674851,0.795814,0.309245,0.383605,0.309245,0.571975,0.051047,0.606470,0.684115,0.308816,0.730546,0.810719,0.506728,0.988787,0.690755,0.676895,0.010878,0.035370,0.047176,9.936000,0.820000,86.870716,50.000000
without_reciprocity,low,6,1006,1.502000,1.204000,1.502000,1.204000,0.298000,0.000000,0.798000,0.798000,0.798000,0.783134,0.704477,0.799942,0.324584,0.392821,0.324584,0.576496,0.050014,0.610531,0.682867,0.324584,0.726726,0.810954,0.502300,0.988995,0.675416,0.674624,0.010673,0.034836,0.045090,9.632000,0.798000,83.203339,50.000000
without_reciprocity,low,7,1007,1.502000,1.200000,1.502000,1.200000,0.302000,0.000000,0.803000,0.803000,0.803000,0.787681,0.739238,0.790141,0.332202,0.404645,0.332202,0.563575,0.052465,0.602671,0.660789,0.332202,0.724521,0.809555,0.500492,0.988890,0.667798,0.673854,0.010795,0.034393,0.046297,9.600000,0.803000,85.173125,50.000000
without_reciprocity,low,8,1008,1.482000,1.218000,1.480000,1.218000,0.262000,0.002000,0.819000,0.818000,0.818000,0.802483,0.718058,0.801541,0.312453,0.381130,0.312453,0.579037,0.049615,0.610936,0.674770,0.311920,0.729712,0.811449,0.505382,0.988883,0.687547,0.675584,0.010635,0.033814,0.045562,9.744000,0.819000,87.032736,50.000000
without_reciprocity,low,9,1009,1.518000,1.242000,1.518000,1.242000,0.276000,0.000000,0.823000,0.823000,0.823000,0.807307,0.744964,0.800507,0.314581,0.381004,0.314581,0.575715,0.049873,0.609047,0.684160,0.314581,0.730891,0.810906,0.510524,0.988766,0.685419,0.678953,0.011004,0.035496,0.046936,9.936000,0.823000,88.292709,50.000000
without_reciprocity,low,10,1010,1.512000,1.248000,1.510000,1.248000,0.262000,0.002000,0.834000,0.834000,0.834000,0.817999,0.728840,0.804419,0.318642,0.393674,0.318642,0.583664,0.048895,0.615956,0.693030,0.318642,0.728054,0.810161,0.506777,0.986784,0.679358,0.676208,0.010787,0.034792,0.047173,9.984000,0.834000,88.816821,50.000000
without_reciprocity,low,11,1011,1.486000,1.202000,1.486000,1.202000,0.284000,0.000000,0.815000,0.815000,0.815000,0.799314,0.689804,0.788282,0.317651,0.385476,0.317651,0.578755,0.052930,0.613574,0.678570,0.317651,0.729601,0.811295,0.507957,0.988711,0.682349,0.677114,0.010590,0.034214,0.046776,9.616000,0.815000,86.208265,50.000000
without_reciprocity,low,12,1012,1.462000,1.204000,1.462000,1.204000,0.258000,0.000000,0.824000,0.824000,0.824000,0.808003,0.722823,0.807653,0.315876,0.383830,0.315876,0.576846,0.048087,0.609653,0.685611,0.315876,0.729766,0.812398,0.506249,0.988713,0.684124,0.676766,0.010462,0.034289,0.045360,9.632000,0.824000,86.455098,50.000000
without_reciprocity,low,13,1013,1.496000,1.222000,1.496000,1.222000,0.274000,0.000000,0.810000,0.810000,0.810000,0.794638,0.702675,0.796124,0.312499,0.380534,0.312499,0.574714,0.050969,0.609641,0.679679,0.312499,0.729615,0.811765,0.503997,0.988871,0.687501,0.676379,0.010688,0.034559,0.046268,9.776000,0.810000,83.922820,50.000000
without_reciprocity,low,14,1014,1.480000,1.196000,1.478000,1.196000,0.282000,0.002000,0.805000,0.804000,0.804000,0.788866,0.691431,0.786338,0.334576,0.405275,0.334576,0.567192,0.053415,0.605561,0.665428,0.334309,0.723631,0.810307,0.498490,0.988964,0.665424,0.672231,0.010603,0.034086,0.044819,9.568000,0.805000,83.318935,50.000000
without_reciprocity,low,15,1015,1.514000,1.294000,1.514000,1.294000,0.220000,0.000000,0.858000,0.858000,0.858000,0.841684,0.725890,0.804082,0.313190,0.377559,0.313190,0.584825,0.048979,0.611845,0.683058,0.313190,0.731914,0.811560,0.512199,0.988849,0.686810,0.680293,0.010998,0.034821,0.047139,10.352000,0.858000,90.654572,50.000000
without_reciprocity,low,16,1016,1.512000,1.266000,1.512000,1.266000,0.246000,0.000000,0.838000,0.838000,0.838000,0.822048,0.731333,0.797630,0.306289,0.371031,0.306289,0.576142,0.050592,0.610746,0.684287,0.306289,0.733556,0.812886,0.512830,0.988786,0.693711,0.680255,0.010919,0.034927,0.047064,10.128000,0.838000,88.005325,50.000000
without_reciprocity,low,17,1017,1.484000,1.196000,1.484000,1.196000,0.288000,0.000000,0.808000,0.808000,0.808000,0.792747,0.669140,0.796429,0.323326,0.393265,0.323326,0.564374,0.050893,0.599129,0.657379,0.323326,0.727654,0.812620,0.503204,0.988893,0.676674,0.675053,0.010589,0.034368,0.044981,9.568000,0.808000,85.358198,50.000000
without_reciprocity,low,18,1018,1.492000,1.196000,1.492000,1.196000,0.296000,0.000000,0.803000,0.803000,0.803000,0.787716,0.710587,0.797441,0.308205,0.377409,0.308205,0.569938,0.050640,0.604170,0.667224,0.308205,0.729152,0.811300,0.500931,0.988856,0.691795,0.674185,0.010468,0.034395,0.045974,9.568000,0.803000,84.467839,50.000000
without_reciprocity,low,19,1019,1.484000,1.196000,1.482000,1.196000,0.286000,0.002000,0.808000,0.807000,0.807000,0.791817,0.695940,0.802808,0.317527,0.397589,0.317527,0.561547,0.049298,0.597241,0.652859,0.317094,0.729373,0.811937,0.506126,0.988915,0.682473,0.676786,0.010510,0.034352,0.044937,9.568000,0.808000,85.306392,50.000000
without_reciprocity,low,20,1020,1.500000,1.202000,1.494000,1.202000,0.292000,0.006000,0.795000,0.794000,0.794000,0.778952,0.715711,0.802021,0.309748,0.373283,0.309748,0.571135,0.049495,0.603307,0.661155,0.309194,0.729348,0.809655,0.509645,0.984898,0.686252,0.675989,0.010632,0.034157,0.046151,9.616000,0.795000,84.405285,50.000000
without_reciprocity,low,21,1021,1.492000,1.214000,1.492000,1.214000,0.278000,0.000000,0.826000,0.826000,0.826000,0.810444,0.686905,0.799454,0.327932,0.399005,0.327932,0.581598,0.050136,0.613061,0.683048,0.327932,0.726190,0.811041,0.502484,0.988881,0.672068,0.674477,0.010599,0.034648,0.045869,9.712000,0.826000,88.037032,50.000000
without_reciprocity,low,22,1022,1.500000,1.212000,1.500000,1.212000,0.288000,0.000000,0.807000,0.807000,0.807000,0.791925,0.749798,0.788609,0.328321,0.396978,0.328321,0.578126,0.052848,0.614038,0.685464,0.328321,0.726203,0.813385,0.500550,0.988997,0.671679,0.673497,0.010701,0.033795,0.045302,9.696000,0.807000,84.020284,50.000000
without_reciprocity,low,23,1023,1.458000,1.178000,1.458000,1.178000,0.280000,0.000000,0.806000,0.806000,0.806000,0.790883,0.739168,0.797126,0.315882,0.384838,0.315882,0.573269,0.050718,0.609489,0.683057,0.315882,0.728820,0.812778,0.502612,0.988933,0.684118,0.675090,0.010280,0.033940,0.044126,9.424000,0.806000,83.236806,50.000000
without_reciprocity,low,24,1024,1.504000,1.230000,1.502000,1.230000,0.272000,0.002000,0.820000,0.820000,0.820000,0.804389,0.684281,0.797011,0.326028,0.391973,0.326028,0.575984,0.050747,0.605986,0.671295,0.325379,0.727909,0.812957,0.504355,0.988882,0.673972,0.677196,0.010761,0.034340,0.046416,9.840000,0.820000,85.833100,50.000000
without_reciprocity,low,25,1025,1.482000,1.186000,1.480000,1.186000,0.294000,0.002000,0.802000,0.801000,0.801000,0.785572,0.782387,0.793839,0.331333,0.401387,0.331333,0.571818,0.051540,0.609681,0.687771,0.330957,0.723643,0.809668,0.497352,0.988767,0.668667,0.671842,0.010451,0.034141,0.046297,9.488000,0.802000,84.085500,50.000000
without_reciprocity,low,26,1026,1.510000,1.196000,1.506000,1.196000,0.310000,0.004000,0.788000,0.786000,0.786000,0.771134,0.729437,0.795955,0.324056,0.396608,0.324056,0.568798,0.051011,0.606089,0.684393,0.323383,0.726645,0.808544,0.504560,0.988797,0.675944,0.674811,0.010971,0.035542,0.046093,9.568000,0.788000,84.628019,50.000000
without_reciprocity,low,27,1027,1.488000,1.200000,1.488000,1.200000,0.288000,0.000000,0.813000,0.813000,0.813000,0.797389,0.699772,0.801440,0.324254,0.394928,0.324254,0.574106,0.049640,0.607041,0.661971,0.324254,0.727967,0.812413,0.504595,0.988688,0.675746,0.676555,0.010543,0.035027,0.047124,9.600000,0.813000,85.617687,50.000000
without_reciprocity,low,28,1028,1.472000,1.146000,1.468000,1.146000,0.322000,0.004000,0.775000,0.775000,0.775000,0.760475,0.749954,0.795244,0.324518,0.396976,0.324518,0.557968,0.051189,0.596809,0.670408,0.324518,0.722512,0.806322,0.498099,0.985068,0.671482,0.670516,0.010559,0.032973,0.044871,9.168000,0.775000,83.016746,50.000000
without_reciprocity,low,29,1029,1.536000,1.270000,1.536000,1.270000,0.266000,0.000000,0.828000,0.828000,0.828000,0.812411,0.722760,0.797672,0.315318,0.383080,0.315318,0.575889,0.050582,0.610210,0.675353,0.315318,0.732232,0.814732,0.511741,0.988961,0.684682,0.679542,0.010984,0.035279,0.047207,10.160000,0.828000,87.365595,50.000000
without_reciprocity,low,30,1030,1.466000,1.200000,1.466000,1.200000,0.266000,0.000000,0.810000,0.810000,0.810000,0.794461,0.718779,0.796175,0.319757,0.387133,0.319757,0.582064,0.050956,0.613435,0.682883,0.319757,0.730117,0.812751,0.509687,0.988802,0.680243,0.677490,0.010603,0.033728,0.045636,9.600000,0.810000,84.530565,50.000000
without_reciprocity,low,31,1031,1.456000,1.154000,1.456000,1.154000,0.302000,0.000000,0.792000,0.792000,0.792000,0.776928,0.747480,0.796595,0.316348,0.381319,0.316348,0.569391,0.050851,0.604438,0.666811,0.316348,0.727137,0.810418,0.499938,0.988773,0.683652,0.673117,0.010475,0.033842,0.045217,9.232000,0.792000,83.525962,50.000000
without_reciprocity,low,32,1032,1.480000,1.240000,1.480000,1.240000,0.240000,0.000000,0.844000,0.844000,0.844000,0.828121,0.720084,0.801292,0.317360,0.389029,0.317360,0.582662,0.049677,0.614270,0.690280,0.317360,0.730371,0.811881,0.509621,0.988955,0.682640,0.678003,0.010593,0.033773,0.044687,9.920000,0.844000,88.608504,50.000000
without_reciprocity,low,33,1033,1.494000,1.218000,1.494000,1.218000,0.276000,0.000000,0.816000,0.816000,0.816000,0.800758,0.764639,0.801853,0.313081,0.372453,0.313081,0.578548,0.049537,0.612289,0.694485,0.313081,0.731432,0.812731,0.509684,0.989017,0.686919,0.678523,0.010717,0.034033,0.045490,9.744000,0.816000,85.576041,50.000000
without_reciprocity,low,34,1034,1.516000,1.252000,1.512000,1.252000,0.260000,0.004000,0.824000,0.822000,0.822000,0.806476,0.773752,0.802912,0.316304,0.388085,0.316304,0.580903,0.049272,0.615217,0.698184,0.315906,0.730177,0.810815,0.509646,0.988877,0.683696,0.677601,0.010926,0.035008,0.046391,10.016000,0.824000,87.589597,50.000000
without_reciprocity,low,35,1035,1.532000,1.246000,1.532000,1.246000,0.286000,0.000000,0.815000,0.815000,0.815000,0.799490,0.716217,0.800204,0.323758,0.394397,0.323758,0.576854,0.049949,0.612212,0.694026,0.323758,0.726527,0.811492,0.500562,0.988848,0.676242,0.674168,0.010853,0.035036,0.047947,9.968000,0.815000,86.491902,50.000000
without_reciprocity,low,36,1036,1.492000,1.180000,1.486000,1.180000,0.306000,0.006000,0.800000,0.798000,0.798000,0.782650,0.709199,0.786701,0.317797,0.397166,0.317797,0.563684,0.053325,0.599162,0.655321,0.317041,0.725567,0.808479,0.500080,0.986729,0.680203,0.672231,0.010711,0.035067,0.046434,9.440000,0.800000,85.965253,50.000000
without_reciprocity,low,37,1037,1.484000,1.200000,1.484000,1.200000,0.284000,0.000000,0.813000,0.813000,0.813000,0.797657,0.748309,0.799139,0.325190,0.398963,0.325190,0.572672,0.050215,0.608380,0.677898,0.325190,0.726164,0.813687,0.497871,0.988957,0.674810,0.673245,0.010297,0.034030,0.045744,9.600000,0.813000,83.875725,50.000000
without_reciprocity,low,38,1038,1.484000,1.198000,1.484000,1.198000,0.286000,0.000000,0.808000,0.808000,0.808000,0.792478,0.710999,0.797382,0.314984,0.383974,0.314984,0.569812,0.050654,0.605336,0.669804,0.314984,0.730573,0.811771,0.509000,0.988745,0.685016,0.678058,0.010755,0.034033,0.047026,9.584000,0.808000,86.469008,50.000000
without_reciprocity,low,39,1039,1.502000,1.234000,1.502000,1.234000,0.268000,0.000000,0.819000,0.819000,0.819000,0.803546,0.748705,0.802735,0.323497,0.394496,0.323497,0.579718,0.049316,0.613380,0.699686,0.323497,0.726949,0.810689,0.501913,0.988891,0.676503,0.675936,0.010680,0.035082,0.045437,9.872000,0.819000,85.764562,50.000000
without_reciprocity,low,40,1040,1.498000,1.240000,1.498000,1.240000,0.258000,0.000000,0.828000,0.828000,0.828000,0.812082,0.715515,0.802314,0.311045,0.378251,0.311045,0.576978,0.049421,0.609479,0.693812,0.311045,0.731053,0.810742,0.509073,0.988774,0.688955,0.678587,0.010601,0.035000,0.046368,9.920000,0.828000,87.220107,50.000000
without_reciprocity,low,41,1041,1.488000,1.208000,1.486000,1.208000,0.278000,0.002000,0.815000,0.814000,0.814000,0.798683,0.735800,0.793058,0.320215,0.395473,0.320215,0.575871,0.051736,0.609090,0.666917,0.319728,0.726944,0.810088,0.501791,0.988943,0.679785,0.673734,0.010516,0.034082,0.045978,9.664000,0.815000,86.895036,50.000000
without_reciprocity,low,42,1042,1.498000,1.260000,1.498000,1.260000,0.238000,0.000000,0.839000,0.839000,0.839000,0.823140,0.704110,0.804421,0.324035,0.397320,0.324035,0.578482,0.048895,0.610085,0.682143,0.324035,0.728964,0.812354,0.507743,0.988852,0.675965,0.678052,0.010797,0.034220,0.046091,10.080000,0.839000,86.685062,50.000000
without_reciprocity,low,43,1043,1.532000,1.242000,1.532000,1.242000,0.290000,0.000000,0.816000,0.816000,0.816000,0.800333,0.703709,0.792240,0.322063,0.392881,0.322063,0.572605,0.051940,0.605577,0.666087,0.322063,0.728302,0.811930,0.505636,0.988723,0.677937,0.675754,0.010958,0.035474,0.048165,9.936000,0.816000,88.242445,50.000000
without_reciprocity,low,44,1044,1.532000,1.240000,1.530000,1.240000,0.290000,0.002000,0.807000,0.807000,0.807000,0.791650,0.704959,0.795214,0.314277,0.384830,0.314277,0.578492,0.051196,0.610746,0.676903,0.314277,0.730322,0.813489,0.508504,0.986829,0.683723,0.677556,0.010898,0.035059,0.047956,9.920000,0.807000,85.578598,50.000000
without_reciprocity,low,45,1045,1.482000,1.186000,1.480000,1.186000,0.294000,0.002000,0.796000,0.795000,0.795000,0.779829,0.697853,0.785292,0.329045,0.402055,0.329045,0.567351,0.053677,0.603060,0.650995,0.328769,0.725886,0.812194,0.501147,0.988847,0.670955,0.673662,0.010515,0.034115,0.045855,9.488000,0.796000,83.812527,50.000000
without_reciprocity,low,46,1046,1.508000,1.234000,1.508000,1.234000,0.274000,0.000000,0.815000,0.815000,0.815000,0.799649,0.707383,0.792732,0.319864,0.393153,0.319864,0.576828,0.051817,0.611928,0.679076,0.319864,0.727397,0.811619,0.500501,0.988957,0.680136,0.675254,0.010662,0.034847,0.045797,9.872000,0.815000,84.920987,50.000000
without_reciprocity,low,47,1047,1.538000,1.214000,1.536000,1.214000,0.322000,0.002000,0.780000,0.780000,0.780000,0.765337,0.699143,0.793388,0.311934,0.389226,0.311934,0.558018,0.051653,0.596734,0.653105,0.311934,0.726732,0.808731,0.499499,0.986988,0.686066,0.673456,0.010908,0.035403,0.046259,9.712000,0.780000,82.636235,50.000000
without_reciprocity,low,48,1048,1.490000,1.208000,1.490000,1.208000,0.282000,0.000000,0.814000,0.814000,0.814000,0.798343,0.710631,0.789500,0.318134,0.381192,0.318134,0.575195,0.052625,0.607849,0.670037,0.318134,0.727346,0.810604,0.500901,0.988793,0.681866,0.674542,0.010649,0.034451,0.046607,9.664000,0.814000,85.032614,50.000000
without_reciprocity,low,49,1049,1.524000,1.254000,1.524000,1.254000,0.270000,0.000000,0.830000,0.830000,0.830000,0.814674,0.722497,0.795672,0.320594,0.388249,0.320594,0.583979,0.051082,0.618400,0.695451,0.320594,0.729703,0.814169,0.506167,0.989104,0.679406,0.677874,0.010623,0.034284,0.045901,10.032000,0.830000,86.464181,50.000000
without_reciprocity,medium,0,1000,3.962000,2.952000,3.872000,2.952000,0.920000,0.090000,0.760967,0.742267,0.742267,0.724138,0.821572,0.725264,0.414438,0.481558,0.414438,0.519632,0.068684,0.598953,0.690568,0.403603,0.699683,0.781353,0.494392,0.985458,0.585562,0.665631,0.032557,0.119906,0.157547,23.616000,0.760967,96.402505,50.000000
without_reciprocity,medium,1,1001,4.022000,3.028000,3.920000,3.028000,0.892000,0.102000,0.772533,0.753567,0.753567,0.735255,0.834294,0.727177,0.397454,0.472255,0.397454,0.530241,0.068206,0.607075,0.700941,0.385895,0.703704,0.781535,0.497408,0.985537,0.602546,0.668371,0.033011,0.120842,0.158354,24.224000,0.772533,95.413776,50.000000
without_reciprocity,medium,2,1002,4.042000,3.128000,3.972000,3.128000,0.844000,0.070000,0.788967,0.775800,0.775800,0.756581,0.817168,0.710751,0.392045,0.466321,0.392045,0.542103,0.072312,0.612616,0.686336,0.384736,0.708702,0.784682,0.508512,0.985393,0.607955,0.673042,0.033396,0.120863,0.165803,25.024000,0.788967,96.573946,50.000000
without_reciprocity,medium,3,1003,4.030000,3.100000,3.984000,3.100000,0.884000,0.046000,0.778100,0.769433,0.769433,0.750413,0.798392,0.718623,0.388033,0.463751,0.388033,0.528630,0.070344,0.603947,0.680105,0.383290,0.707999,0.782699,0.505048,0.985344,0.611967,0.672786,0.033959,0.123970,0.163905,24.800000,0.778100,96.253356,50.000000
without_reciprocity,medium,4,1004,4.068000,3.070000,3.998000,3.070000,0.928000,0.070000,0.769500,0.755833,0.755833,0.737128,0.811624,0.722460,0.410399,0.484894,0.410399,0.522032,0.069385,0.598258,0.667246,0.402813,0.698968,0.779652,0.491447,0.985295,0.589601,0.664231,0.033695,0.124143,0.165892,24.560000,0.769500,95.857956,50.000000
without_reciprocity,medium,5,1005,4.000000,3.074000,3.952000,3.074000,0.878000,0.048000,0.778800,0.769800,0.769800,0.750623,0.816595,0.713084,0.393618,0.469983,0.393618,0.539915,0.071729,0.615620,0.714137,0.388265,0.707492,0.785398,0.504569,0.985333,0.606382,0.671484,0.033363,0.123020,0.163345,24.592000,0.778800,96.325338,50.000000
without_reciprocity,medium,6,1006,4.032000,3.066000,3.978000,3.066000,0.912000,0.054000,0.770867,0.760533,0.760533,0.742039,0.820456,0.713343,0.397072,0.476429,0.397072,0.530100,0.071664,0.605683,0.692074,0.390815,0.703887,0.781703,0.497988,0.985614,0.602928,0.667956,0.033246,0.120452,0.161749,24.528000,0.770867,96.020838,50.000000
without_reciprocity,medium,7,1007,4.090000,3.146000,4.000000,3.146000,0.854000,0.090000,0.783367,0.765833,0.765833,0.747032,0.801946,0.725073,0.404735,0.475972,0.404735,0.539591,0.068732,0.611764,0.709841,0.394928,0.705209,0.783864,0.504533,0.985429,0.595265,0.671409,0.033731,0.121949,0.165687,25.168000,0.783367,96.172122,50.000000
without_reciprocity,medium,8,1008,4.000000,3.114000,3.938000,3.114000,0.824000,0.062000,0.792600,0.780267,0.780267,0.761122,0.791521,0.726399,0.396948,0.472833,0.396948,0.532299,0.068400,0.607734,0.711513,0.390026,0.707418,0.784450,0.506772,0.985510,0.603052,0.672834,0.032843,0.120917,0.161399,24.912000,0.792600,96.920168,50.000000
without_reciprocity,medium,9,1009,3.984000,2.966000,3.872000,2.966000,0.906000,0.112000,0.765833,0.743633,0.743633,0.725544,0.816047,0.728210,0.418715,0.490511,0.418715,0.509373,0.067947,0.592165,0.687196,0.404103,0.697780,0.780754,0.490868,0.985452,0.581285,0.664195,0.032652,0.119085,0.158577,23.728000,0.765833,96.042356,50.000000
without_reciprocity,medium,10,1010,3.980000,3.026000,3.938000,3.026000,0.912000,0.042000,0.767833,0.759467,0.759467,0.740740,0.785726,0.722842,0.399250,0.479824,0.399250,0.529413,0.069289,0.604412,0.687964,0.394285,0.703116,0.781030,0.497606,0.985474,0.600750,0.667279,0.033073,0.120746,0.161761,24.208000,0.767833,96.952364,50.000000
without_reciprocity,medium,11,1011,4.036000,3.132000,4.018000,3.132000,0.886000,0.018000,0.777267,0.773333,0.773333,0.754156,0.837556,0.713903,0.413927,0.485661,0.413927,0.522983,0.071524,0.601532,0.700586,0.411811,0.701260,0.782921,0.497455,0.985393,0.586073,0.667953,0.033877,0.124034,0.165792,25.056000,0.777267,95.725184,50.000000
without_reciprocity,medium,12,1012,4.016000,3.058000,3.958000,3.058000,0.900000,0.058000,0.772700,0.762233,0.762233,0.743593,0.812374,0.725293,0.403767,0.481832,0.403767,0.518556,0.068677,0.597984,0.693264,0.398372,0.702306,0.782483,0.495526,0.985537,0.596233,0.667224,0.032862,0.122620,0.159718,24.464000,0.772700,95.839454,50.000000
without_reciprocity,medium,13,1013,3.992000,3.018000,3.916000,3.018000,0.898000,0.076000,0.769967,0.756133,0.756133,0.737617,0.815843,0.717425,0.408042,0.479051,0.408042,0.530805,0.070644,0.601761,0.669681,0.398423,0.701403,0.781904,0.495701,0.985517,0.591958,0.666834,0.032677,0.119822,0.160729,24.144000,0.769967,96.139848,50.000000
without_reciprocity,medium,14,1014,4.064000,3.094000,4.002000,3.094000,0.908000,0.062000,0.778033,0.766267,0.766267,0.747427,0.813703,0.728530,0.405986,0.477872,0.405986,0.522042,0.067867,0.599750,0.684486,0.398789,0.704175,0.783862,0.501680,0.985469,0.594014,0.670222,0.033484,0.124042,0.163184,24.752000,0.778033,96.190452,50.000000
without_reciprocity,medium,15,1015,4.062000,3.044000,4.014000,3.044000,0.970000,0.048000,0.754933,0.745833,0.745833,0.727489,0.811755,0.722709,0.414900,0.482026,0.414900,0.506054,0.069323,0.587264,0.665922,0.409210,0.698896,0.779786,0.493499,0.985481,0.585100,0.665155,0.033927,0.123329,0.163172,24.352000,0.754933,95.958479,50.000000
without_reciprocity,medium,16,1016,4.052000,3.150000,4.012000,3.150000,0.862000,0.040000,0.787800,0.779000,0.779000,0.759724,0.807488,0.727737,0.400812,0.478899,0.400812,0.528260,0.068066,0.598727,0.675863,0.396579,0.706169,0.783499,0.506049,0.985375,0.599188,0.671886,0.033879,0.125192,0.164461,25.200000,0.787800,96.327872,50.000000
without_reciprocity,medium,17,1017,4.040000,3.110000,3.996000,3.110000,0.886000,0.044000,0.778833,0.769967,0.769967,0.750967,0.804826,0.726364,0.402207,0.468759,0.402207,0.533084,0.068409,0.599217,0.653066,0.397008,0.705795,0.784104,0.505033,0.985425,0.597793,0.671336,0.033671,0.124770,0.162111,24.880000,0.778833,96.454520,50.000000
without_reciprocity,medium,18,1018,4.082000,3.148000,4.026000,3.148000,0.878000,0.056000,0.782933,0.772500,0.772500,0.753489,0.805206,0.727250,0.403924,0.479810,0.403924,0.542923,0.068188,0.614673,0.709125,0.397655,0.705700,0.785125,0.504677,0.985513,0.596076,0.671169,0.034089,0.122803,0.165976,25.184000,0.782933,95.228669,50.000000
without_reciprocity,medium,19,1019,4.006000,3.024000,3.928000,3.024000,0.904000,0.078000,0.767367,0.751933,0.751933,0.733347,0.813436,0.725294,0.406766,0.480680,0.406766,0.518773,0.068676,0.599063,0.687973,0.397652,0.702470,0.781702,0.499295,0.985357,0.593234,0.667666,0.032960,0.120784,0.163468,24.192000,0.767367,97.018140,50.000000
without_reciprocity,medium,20,1020,3.952000,3.030000,3.892000,3.030000,0.862000,0.060000,0.775567,0.764100,0.764100,0.745348,0.816155,0.722269,0.396791,0.469266,0.396791,0.525591,0.069433,0.599829,0.688803,0.390326,0.705994,0.783238,0.503250,0.985492,0.603209,0.670867,0.032764,0.117462,0.161429,24.240000,0.775567,95.004796,50.000000
without_reciprocity,medium,21,1021,4.046000,3.116000,3.990000,3.116000,0.874000,0.056000,0.779733,0.767700,0.767700,0.748852,0.810715,0.721821,0.409849,0.479309,0.409849,0.528825,0.069545,0.598541,0.671228,0.402429,0.703132,0.782431,0.501952,0.985486,0.590151,0.669835,0.033387,0.122638,0.162425,24.928000,0.779733,96.050759,50.000000
without_reciprocity,medium,22,1022,4.046000,3.002000,3.960000,3.002000,0.958000,0.086000,0.758300,0.741567,0.741567,0.723482,0.813949,0.720577,0.405477,0.473810,0.405477,0.533804,0.069856,0.610335,0.704179,0.395498,0.700506,0.780377,0.492394,0.985460,0.594523,0.665901,0.033253,0.121328,0.163253,24.016000,0.758300,95.372937,50.000000
without_reciprocity,medium,23,1023,3.980000,2.924000,3.880000,2.924000,0.956000,0.100000,0.755667,0.734900,0.734900,0.716951,0.793400,0.721195,0.392601,0.472049,0.392601,0.513560,0.069701,0.593375,0.684924,0.381874,0.703218,0.780391,0.494815,0.985442,0.607399,0.666061,0.032837,0.119247,0.158777,23.392000,0.755667,96.685313,50.000000
without_reciprocity,medium,24,1024,4.050000,3.050000,3.966000,3.050000,0.916000,0.084000,0.769800,0.754200,0.754200,0.735758,0.814742,0.720979,0.399549,0.475437,0.399549,0.528959,0.069755,0.601874,0.683068,0.390133,0.704514,0.784317,0.499206,0.985501,0.600451,0.668325,0.033270,0.120663,0.163393,24.400000,0.769800,95.651593,50.000000
without_reciprocity,medium,25,1025,3.982000,3.034000,3.916000,3.034000,0.882000,0.066000,0.771133,0.758567,0.758567,0.739815,0.802785,0.729477,0.405728,0.475732,0.405728,0.523319,0.067631,0.600461,0.687023,0.398291,0.702494,0.782214,0.497628,0.985408,0.594272,0.668089,0.032820,0.121539,0.160996,24.272000,0.771133,94.595821,50.000000
without_reciprocity,medium,26,1026,4.066000,3.126000,3.994000,3.126000,0.868000,0.072000,0.781833,0.767533,0.767533,0.748723,0.791735,0.729607,0.405657,0.476002,0.405657,0.520472,0.067598,0.593867,0.678914,0.397083,0.702826,0.781673,0.499095,0.985512,0.594343,0.668850,0.033333,0.121938,0.164703,25.008000,0.781833,95.417998,50.000000
without_reciprocity,medium,27,1027,4.054000,3.084000,4.020000,3.084000,0.936000,0.034000,0.767333,0.761033,0.761033,0.742238,0.808282,0.711367,0.394827,0.470110,0.394827,0.528014,0.072158,0.601901,0.674029,0.391550,0.705192,0.782331,0.500838,0.985449,0.605173,0.668862,0.033855,0.124730,0.162759,24.672000,0.767333,96.889032,50.000000
without_reciprocity,medium,28,1028,3.986000,3.122000,3.920000,3.122000,0.798000,0.066000,0.797967,0.784200,0.784200,0.765001,0.776675,0.721075,0.393730,0.473265,0.393730,0.536505,0.069731,0.612192,0.712123,0.386204,0.706911,0.783716,0.503794,0.985461,0.606270,0.671813,0.033059,0.121328,0.160035,24.976000,0.797967,97.187803,50.000000
without_reciprocity,medium,29,1029,4.082000,3.058000,4.012000,3.058000,0.954000,0.070000,0.760400,0.748300,0.748300,0.729817,0.800070,0.713936,0.397694,0.476174,0.397694,0.527649,0.071516,0.600669,0.665952,0.389730,0.704792,0.782610,0.500963,0.985398,0.602306,0.668745,0.034111,0.124757,0.163437,24.464000,0.760400,95.900842,50.000000
without_reciprocity,medium,30,1030,4.028000,3.014000,3.940000,3.014000,0.926000,0.088000,0.764067,0.749100,0.749100,0.730863,0.836493,0.713798,0.404307,0.475284,0.404307,0.522006,0.071551,0.602097,0.689780,0.394816,0.701906,0.781573,0.495743,0.985545,0.595693,0.666586,0.033219,0.121106,0.159263,24.112000,0.764067,96.457077,50.000000
without_reciprocity,medium,31,1031,4.038000,3.106000,4.014000,3.106000,0.908000,0.024000,0.776067,0.771767,0.771767,0.752788,0.803644,0.719528,0.395337,0.471190,0.395337,0.524184,0.070118,0.593380,0.663520,0.392917,0.705798,0.783955,0.501273,0.985555,0.604663,0.669612,0.033764,0.121394,0.163954,24.848000,0.776067,95.118730,50.000000
without_reciprocity,medium,32,1032,3.970000,2.964000,3.896000,2.964000,0.932000,0.074000,0.763167,0.748300,0.748300,0.730088,0.798768,0.726315,0.407613,0.479088,0.407613,0.517008,0.068421,0.595351,0.681635,0.398906,0.701179,0.781490,0.494915,0.985503,0.592387,0.666811,0.032720,0.120463,0.156940,23.712000,0.763167,95.715345,50.000000
without_reciprocity,medium,33,1033,3.976000,2.932000,3.866000,2.932000,0.934000,0.110000,0.755400,0.734600,0.734600,0.716709,0.823926,0.728743,0.406871,0.479161,0.406871,0.519324,0.067814,0.595866,0.673014,0.394995,0.700785,0.781673,0.493418,0.985433,0.593129,0.665468,0.032494,0.119366,0.158150,23.456000,0.755400,95.234016,50.000000
without_reciprocity,medium,34,1034,3.950000,3.004000,3.902000,3.004000,0.898000,0.048000,0.767800,0.759500,0.759500,0.740847,0.804965,0.720622,0.395655,0.470647,0.395655,0.540491,0.069845,0.608943,0.690435,0.390180,0.705291,0.783756,0.499853,0.985534,0.604345,0.669135,0.032666,0.119505,0.158540,24.032000,0.767800,96.284224,50.000000
without_reciprocity,medium,35,1035,4.048000,3.036000,3.958000,3.036000,0.922000,0.090000,0.764233,0.748433,0.748433,0.730087,0.818776,0.715345,0.404920,0.479638,0.404920,0.521164,0.071164,0.598231,0.670676,0.394546,0.700896,0.779684,0.495094,0.985371,0.595080,0.665323,0.033543,0.121888,0.162614,24.288000,0.764233,96.449979,50.000000
without_reciprocity,medium,36,1036,4.018000,3.056000,3.950000,3.056000,0.894000,0.068000,0.772633,0.759300,0.759300,0.740817,0.815936,0.727554,0.399109,0.473758,0.399109,0.529144,0.068112,0.602584,0.693622,0.391707,0.705751,0.782950,0.504087,0.985562,0.600891,0.671018,0.033074,0.121980,0.159708,24.448000,0.772633,96.540041,50.000000
without_reciprocity,medium,37,1037,3.976000,3.036000,3.918000,3.036000,0.882000,0.058000,0.775667,0.763900,0.763900,0.745023,0.807042,0.728749,0.397559,0.470026,0.397559,0.519176,0.067813,0.592856,0.655486,0.391113,0.704343,0.782457,0.499155,0.985434,0.602441,0.668551,0.032894,0.119683,0.161904,24.288000,0.775667,96.003548,50.000000
without_reciprocity,medium,38,1038,4.070000,3.130000,4.032000,3.130000,0.902000,0.038000,0.777133,0.770400,0.770400,0.751469,0.789525,0.716971,0.390682,0.469128,0.390682,0.538556,0.070757,0.608273,0.680486,0.386977,0.706653,0.781823,0.503243,0.985463,0.609318,0.671106,0.034470,0.125797,0.162071,25.040000,0.777133,95.909709,50.000000
without_reciprocity,medium,39,1039,4.042000,3.082000,3.986000,3.082000,0.904000,0.056000,0.775600,0.764667,0.764667,0.745757,0.824100,0.718658,0.407155,0.473951,0.407155,0.519516,0.070335,0.596685,0.677603,0.400623,0.702873,0.783588,0.498543,0.985375,0.592845,0.668317,0.033661,0.123833,0.164557,24.656000,0.775600,95.810291,50.000000
without_reciprocity,medium,40,1040,3.970000,3.008000,3.886000,3.008000,0.878000,0.084000,0.772133,0.757167,0.757167,0.738774,0.841494,0.721931,0.415222,0.483344,0.415222,0.514576,0.069517,0.593414,0.666249,0.406092,0.699345,0.781209,0.493739,0.985532,0.584778,0.665424,0.032837,0.117652,0.159173,24.064000,0.772133,97.511761,50.000000
without_reciprocity,medium,41,1041,4.062000,3.084000,4.014000,3.084000,0.930000,0.048000,0.770200,0.761867,0.761867,0.743081,0.816154,0.722184,0.406626,0.481460,0.406626,0.524052,0.069454,0.598286,0.679980,0.401290,0.701858,0.781966,0.496329,0.985469,0.593374,0.667257,0.033662,0.123793,0.164840,24.672000,0.770200,95.891942,50.000000
without_reciprocity,medium,42,1042,4.010000,3.048000,3.960000,3.048000,0.912000,0.050000,0.770700,0.761900,0.761900,0.743051,0.802852,0.719700,0.399761,0.477081,0.399761,0.530248,0.070075,0.605561,0.683140,0.394277,0.702944,0.780314,0.498198,0.985431,0.600239,0.667207,0.033453,0.122510,0.161527,24.384000,0.770700,96.860803,50.000000
without_reciprocity,medium,43,1043,3.970000,2.984000,3.902000,2.984000,0.918000,0.068000,0.764033,0.749633,0.749633,0.731231,0.798775,0.716634,0.394160,0.470868,0.394160,0.536110,0.070841,0.607889,0.683776,0.386496,0.705761,0.783431,0.500715,0.985433,0.605840,0.669952,0.032443,0.120858,0.159394,23.872000,0.764033,95.625856,50.000000
without_reciprocity,medium,44,1044,4.018000,3.092000,3.970000,3.092000,0.878000,0.048000,0.781633,0.772867,0.772867,0.753987,0.832568,0.720573,0.409789,0.478263,0.409789,0.521667,0.069857,0.599739,0.692602,0.404611,0.701648,0.783058,0.496999,0.985588,0.590211,0.666328,0.033070,0.121806,0.160270,24.736000,0.781633,96.302817,50.000000
without_reciprocity,medium,45,1045,4.056000,3.114000,3.994000,3.114000,0.880000,0.062000,0.783567,0.771767,0.771767,0.752754,0.786498,0.716716,0.404311,0.476995,0.404311,0.533322,0.070821,0.611601,0.705602,0.396728,0.702835,0.782096,0.498238,0.985448,0.595689,0.668065,0.034061,0.122329,0.164407,24.912000,0.783567,96.459002,50.000000
without_reciprocity,medium,46,1046,4.044000,3.024000,3.988000,3.024000,0.964000,0.056000,0.756300,0.746067,0.746067,0.727714,0.789690,0.718468,0.402956,0.479467,0.402956,0.517654,0.070383,0.595202,0.674675,0.396764,0.700674,0.779346,0.492764,0.985466,0.597044,0.665602,0.033720,0.122677,0.162441,24.192000,0.756300,95.287765,50.000000
without_reciprocity,medium,47,1047,4.006000,3.062000,3.936000,3.062000,0.874000,0.070000,0.777567,0.763900,0.763900,0.745140,0.797938,0.727941,0.406045,0.483104,0.406045,0.526356,0.068015,0.600872,0.681987,0.398898,0.702311,0.781409,0.498034,0.985433,0.593955,0.668085,0.033188,0.121520,0.161592,24.496000,0.777567,95.906863,50.000000
without_reciprocity,medium,48,1048,4.028000,3.124000,3.958000,3.124000,0.834000,0.070000,0.787967,0.774567,0.774567,0.755464,0.820628,0.725368,0.404474,0.480108,0.404474,0.531460,0.068658,0.605137,0.701019,0.396392,0.703716,0.782858,0.500310,0.985403,0.595526,0.669523,0.033040,0.121020,0.164444,24.992000,0.787967,95.270885,50.000000
without_reciprocity,medium,49,1049,3.982000,3.006000,3.920000,3.006000,0.914000,0.062000,0.769033,0.756200,0.756200,0.737759,0.816044,0.718941,0.407091,0.479476,0.407091,0.527237,0.070265,0.602328,0.682882,0.399887,0.701844,0.781640,0.497071,0.985554,0.592909,0.667108,0.032408,0.120125,0.159608,24.048000,0.769033,95.442793,50.000000
without_resource_awareness,extreme,0,1000,10.544000,4.816000,9.206000,4.816000,4.390000,1.282000,0.523044,0.457004,0.459687,0.441408,0.918276,0.728025,0.543242,0.594180,0.543242,0.399204,0.067994,0.527434,0.486561,0.466636,0.580801,0.618455,0.634249,0.500000,0.456758,0.651626,0.092509,0.449669,0.599909,38.528000,0.523044,95.053722,49.542000
without_resource_awareness,extreme,1,1001,10.380000,4.952000,8.920000,4.952000,3.968000,1.390000,0.551510,0.477473,0.480914,0.461330,0.907686,0.713293,0.533332,0.591852,0.533332,0.413064,0.071677,0.535739,0.491629,0.450923,0.585863,0.619333,0.644298,0.500000,0.466668,0.657227,0.089923,0.431533,0.578514,39.616000,0.551510,95.615737,49.296000
without_resource_awareness,extreme,2,1002,10.548000,4.892000,8.986000,4.892000,4.094000,1.494000,0.542969,0.462848,0.465766,0.447353,0.904578,0.730043,0.535311,0.591297,0.535311,0.397295,0.067489,0.524608,0.478785,0.447561,0.584951,0.618359,0.643446,0.500000,0.464689,0.656491,0.090856,0.437580,0.588353,39.136000,0.542969,97.210131,49.300000
without_resource_awareness,extreme,3,1003,10.462000,5.042000,9.038000,5.042000,3.996000,1.344000,0.556952,0.481634,0.485466,0.465243,0.905430,0.704071,0.542940,0.596192,0.542940,0.415512,0.073982,0.543222,0.521001,0.461053,0.585355,0.619633,0.646561,0.500000,0.457060,0.660265,0.090850,0.440650,0.588237,40.336000,0.556952,96.643010,49.254000
without_resource_awareness,extreme,4,1004,10.428000,4.902000,9.052000,4.902000,4.150000,1.294000,0.540509,0.470194,0.473996,0.454066,0.913908,0.729843,0.543373,0.591512,0.543373,0.397701,0.067539,0.526745,0.483729,0.464209,0.581633,0.617847,0.637843,0.500000,0.456627,0.652968,0.091537,0.445961,0.595405,39.216000,0.540509,96.313873,49.384000
without_resource_awareness,extreme,5,1005,10.526000,4.998000,9.338000,4.998000,4.340000,1.152000,0.536188,0.474945,0.476719,0.458710,0.910884,0.738429,0.550411,0.599008,0.550411,0.386830,0.065393,0.521949,0.478598,0.482208,0.582070,0.618492,0.640416,0.500000,0.449589,0.658123,0.094533,0.448757,0.602255,39.984000,0.536188,96.266387,49.590000
without_resource_awareness,extreme,6,1006,10.468000,5.028000,9.338000,5.028000,4.310000,1.082000,0.535729,0.478940,0.481245,0.462376,0.911980,0.719321,0.540503,0.593793,0.540503,0.403972,0.070170,0.531667,0.494678,0.475860,0.583510,0.619299,0.641153,0.500000,0.459497,0.654528,0.094580,0.455979,0.602940,40.224000,0.535729,96.410893,49.506000
without_resource_awareness,extreme,7,1007,10.578000,5.084000,9.120000,5.084000,4.036000,1.376000,0.557124,0.480395,0.484175,0.464185,0.911318,0.723548,0.533868,0.593417,0.533868,0.405025,0.069113,0.532893,0.505327,0.454043,0.589071,0.620649,0.652644,0.500000,0.466132,0.663688,0.092665,0.446041,0.592922,40.672000,0.557124,96.586205,49.190000
without_resource_awareness,extreme,8,1008,10.508000,5.186000,9.160000,5.186000,3.974000,1.272000,0.569906,0.493589,0.497491,0.476908,0.915109,0.718541,0.529216,0.587716,0.529216,0.405457,0.070365,0.530772,0.492567,0.455182,0.588239,0.622369,0.648509,0.500000,0.470784,0.656689,0.092070,0.443672,0.599017,41.488000,0.569906,96.330515,49.172000
without_resource_awareness,extreme,9,1009,10.472000,4.848000,9.040000,4.848000,4.192000,1.394000,0.535467,0.463034,0.464903,0.447398,0.912345,0.749192,0.543024,0.595514,0.543024,0.385233,0.062702,0.513311,0.451869,0.461329,0.581471,0.617424,0.636770,0.500000,0.456976,0.653781,0.091077,0.442056,0.581874,38.784000,0.535467,96.017966,49.698000
without_resource_awareness,extreme,10,1010,10.482000,5.220000,9.474000,5.220000,4.254000,0.908000,0.550206,0.497603,0.502687,0.480097,0.905287,0.713647,0.534726,0.588249,0.534726,0.409438,0.071588,0.533486,0.486525,0.478719,0.585893,0.620316,0.645708,0.500000,0.465274,0.655283,0.095841,0.467284,0.616679,41.760000,0.550206,96.274305,48.956000
without_resource_awareness,extreme,11,1011,10.576000,5.094000,9.566000,5.094000,4.472000,0.898000,0.532366,0.480530,0.485668,0.463738,0.915115,0.727349,0.557224,0.597399,0.557224,0.399309,0.068163,0.529613,0.497080,0.497929,0.579420,0.616544,0.638547,0.500000,0.442776,0.654775,0.096635,0.466650,0.620139,40.752000,0.532366,97.507617,49.070000
without_resource_awareness,extreme,12,1012,10.482000,4.972000,9.210000,4.972000,4.238000,1.178000,0.539391,0.474940,0.479218,0.458557,0.901062,0.723088,0.521167,0.580996,0.521167,0.398906,0.069228,0.523070,0.472985,0.451359,0.587774,0.619821,0.644575,0.500000,0.478833,0.655345,0.093211,0.456217,0.599583,39.776000,0.539391,96.168586,49.148000
without_resource_awareness,extreme,13,1013,10.528000,4.842000,9.112000,4.842000,4.270000,1.312000,0.528620,0.459957,0.464051,0.444266,0.901508,0.700011,0.530150,0.588398,0.530150,0.416763,0.074997,0.541473,0.502160,0.450586,0.584316,0.617589,0.639501,0.500000,0.469850,0.654067,0.092225,0.442629,0.598424,38.736000,0.528620,96.076182,49.040000
without_resource_awareness,extreme,14,1014,10.552000,4.844000,9.112000,4.844000,4.268000,1.370000,0.531165,0.461170,0.464118,0.445469,0.917915,0.724099,0.538817,0.591723,0.538817,0.400782,0.068975,0.528855,0.490713,0.458907,0.582738,0.618326,0.638416,0.500000,0.461183,0.653481,0.092279,0.445786,0.595697,38.752000,0.531165,95.906823,49.318000
without_resource_awareness,extreme,15,1015,10.530000,4.930000,9.168000,4.930000,4.238000,1.312000,0.538927,0.468263,0.470406,0.452409,0.913646,0.725375,0.544002,0.597401,0.544002,0.394547,0.068656,0.522457,0.460515,0.466291,0.582527,0.618760,0.640140,0.500000,0.455998,0.654376,0.092754,0.449169,0.590870,39.440000,0.538927,95.894873,49.428000
without_resource_awareness,extreme,16,1016,10.472000,5.084000,9.210000,5.084000,4.126000,1.146000,0.551403,0.486007,0.491194,0.469247,0.910895,0.713179,0.536448,0.589647,0.536448,0.412346,0.071705,0.535944,0.496475,0.465453,0.585771,0.619211,0.645260,0.500000,0.463552,0.658708,0.092696,0.450234,0.604649,40.672000,0.551403,96.536382,48.950000
without_resource_awareness,extreme,17,1017,10.542000,4.988000,9.268000,4.988000,4.280000,1.184000,0.537807,0.473705,0.478264,0.457619,0.902991,0.716517,0.542248,0.592940,0.542248,0.406238,0.070871,0.531054,0.484045,0.470970,0.581113,0.619008,0.635418,0.500000,0.457752,0.650025,0.093826,0.448677,0.599267,39.904000,0.537807,95.280820,49.194000
without_resource_awareness,extreme,18,1018,10.540000,5.088000,9.362000,5.088000,4.274000,1.114000,0.540352,0.482332,0.485393,0.465632,0.908105,0.730353,0.546916,0.594002,0.546916,0.397735,0.067412,0.528079,0.484050,0.479660,0.583785,0.619339,0.643896,0.500000,0.453084,0.658866,0.094228,0.460449,0.610899,40.704000,0.540352,95.627685,49.444000
without_resource_awareness,extreme,19,1019,10.552000,4.848000,9.236000,4.848000,4.388000,1.246000,0.523978,0.458787,0.461786,0.443119,0.910865,0.741492,0.549110,0.595207,0.549110,0.385786,0.064627,0.516692,0.465311,0.474142,0.577740,0.616250,0.630569,0.500000,0.450890,0.647708,0.092981,0.453489,0.597223,38.784000,0.523978,96.427411,49.494000
without_resource_awareness,extreme,20,1020,10.488000,4.770000,8.978000,4.770000,4.208000,1.450000,0.529552,0.455425,0.457790,0.440107,0.919044,0.732032,0.536004,0.597792,0.536004,0.395081,0.066992,0.525758,0.489063,0.451852,0.581613,0.618285,0.635050,0.500000,0.463996,0.648475,0.090534,0.439023,0.583309,38.160000,0.529552,96.223325,49.412000
without_resource_awareness,extreme,21,1021,10.472000,5.138000,9.216000,5.138000,4.078000,1.208000,0.558540,0.489983,0.491872,0.473173,0.907964,0.720867,0.531624,0.590947,0.531624,0.404404,0.069783,0.529368,0.478261,0.461297,0.587672,0.623003,0.647785,0.500000,0.468376,0.655603,0.092681,0.450945,0.601821,41.104000,0.558540,96.166014,49.438000
without_resource_awareness,extreme,22,1022,10.498000,5.018000,9.152000,5.018000,4.134000,1.300000,0.546551,0.477341,0.479397,0.461208,0.906275,0.721264,0.531890,0.591585,0.531890,0.403519,0.069684,0.530269,0.486787,0.456960,0.586992,0.620632,0.646304,0.500000,0.468110,0.657716,0.091495,0.444257,0.587270,40.144000,0.546551,95.954080,49.448000
without_resource_awareness,extreme,23,1023,10.478000,4.740000,8.828000,4.740000,4.088000,1.572000,0.535615,0.451984,0.455446,0.436922,0.918882,0.722924,0.534953,0.593029,0.534953,0.405338,0.069269,0.533942,0.504577,0.442729,0.583187,0.617772,0.638522,0.500000,0.465047,0.653089,0.089021,0.432020,0.574001,37.920000,0.535615,95.704094,49.262000
without_resource_awareness,extreme,24,1024,10.636000,4.952000,9.174000,4.952000,4.222000,1.396000,0.538887,0.466634,0.469731,0.450803,0.905893,0.723610,0.543328,0.596761,0.543328,0.400242,0.069098,0.526978,0.482112,0.461475,0.582030,0.616824,0.639372,0.500000,0.456672,0.654970,0.093262,0.451876,0.596490,39.616000,0.538887,97.047050,49.486000
without_resource_awareness,extreme,25,1025,10.462000,4.948000,9.114000,4.948000,4.166000,1.300000,0.542813,0.471856,0.473941,0.455938,0.910836,0.722649,0.533636,0.592458,0.533636,0.405579,0.069338,0.532062,0.497346,0.459146,0.584686,0.619048,0.641109,0.500000,0.466364,0.655194,0.092093,0.441568,0.591848,39.584000,0.542813,96.427985,49.422000
without_resource_awareness,extreme,26,1026,10.512000,4.806000,8.900000,4.806000,4.094000,1.568000,0.538761,0.456815,0.458636,0.441633,0.909147,0.741328,0.549757,0.600990,0.549757,0.386811,0.064668,0.521370,0.482379,0.458638,0.580305,0.616606,0.636985,0.500000,0.450243,0.654599,0.090097,0.435196,0.577222,38.448000,0.538761,97.056476,49.644000
without_resource_awareness,extreme,27,1027,10.520000,5.146000,9.560000,5.146000,4.414000,0.882000,0.539226,0.490749,0.494533,0.473649,0.904039,0.723137,0.549606,0.597789,0.549606,0.403938,0.069216,0.527005,0.474976,0.494992,0.581858,0.619310,0.640427,0.500000,0.450394,0.654668,0.095985,0.460985,0.617856,41.168000,0.539226,96.724286,49.168000
without_resource_awareness,extreme,28,1028,10.402000,4.790000,8.996000,4.790000,4.206000,1.328000,0.531028,0.460583,0.464067,0.444904,0.904866,0.721390,0.534747,0.589854,0.534747,0.402576,0.069652,0.524720,0.466571,0.454744,0.583057,0.617901,0.638083,0.500000,0.465253,0.652478,0.090834,0.440936,0.592113,38.320000,0.531028,94.971295,49.208000
without_resource_awareness,extreme,29,1029,10.450000,4.910000,9.186000,4.910000,4.276000,1.192000,0.534907,0.470565,0.473757,0.454474,0.911168,0.727837,0.542025,0.595508,0.542025,0.395526,0.068041,0.523402,0.467293,0.469759,0.581494,0.618350,0.636928,0.500000,0.457975,0.651170,0.092257,0.446614,0.595777,39.280000,0.534907,96.059645,49.380000
without_resource_awareness,extreme,30,1030,10.472000,4.762000,8.886000,4.762000,4.124000,1.524000,0.534299,0.454628,0.457287,0.439391,0.913046,0.731808,0.533968,0.592796,0.533968,0.392282,0.067048,0.522822,0.477324,0.445482,0.583770,0.618028,0.639284,0.500000,0.466032,0.654164,0.089654,0.435351,0.576696,38.096000,0.534299,96.266152,49.398000
without_resource_awareness,extreme,31,1031,10.484000,5.010000,9.334000,5.010000,4.324000,1.070000,0.534943,0.476273,0.479868,0.459870,0.900858,0.723041,0.542576,0.594107,0.542576,0.406126,0.069240,0.526737,0.463793,0.476969,0.582913,0.618936,0.640486,0.500000,0.457424,0.654514,0.094225,0.453481,0.604208,40.080000,0.534943,96.170326,49.228000
without_resource_awareness,extreme,32,1032,10.488000,5.040000,9.328000,5.040000,4.288000,1.088000,0.536589,0.479543,0.482669,0.462843,0.922239,0.724642,0.542428,0.592626,0.542428,0.401895,0.068840,0.530823,0.495535,0.475941,0.583930,0.619355,0.642215,0.500000,0.457572,0.657466,0.094159,0.454979,0.610329,40.320000,0.536589,96.178450,49.438000
without_resource_awareness,extreme,33,1033,10.480000,4.838000,8.796000,4.838000,3.958000,1.578000,0.547106,0.461279,0.465665,0.446026,0.902035,0.701180,0.516969,0.585518,0.516969,0.420258,0.074705,0.540609,0.503911,0.425662,0.589679,0.621540,0.646702,0.500000,0.483031,0.656872,0.087932,0.427351,0.571023,38.704000,0.547106,95.068685,49.016000
without_resource_awareness,extreme,34,1034,10.520000,4.894000,9.144000,4.894000,4.250000,1.286000,0.534687,0.465351,0.468861,0.449631,0.913305,0.709715,0.526127,0.584966,0.526127,0.418144,0.072571,0.532986,0.472161,0.450202,0.585702,0.619457,0.641970,0.500000,0.473873,0.651950,0.092341,0.451042,0.588891,39.152000,0.534687,95.026954,49.150000
without_resource_awareness,extreme,35,1035,10.524000,4.944000,9.082000,4.944000,4.138000,1.378000,0.544860,0.471248,0.473549,0.455333,0.922634,0.719872,0.536520,0.593008,0.536520,0.404141,0.070032,0.529370,0.483050,0.455143,0.584105,0.620776,0.640117,0.500000,0.463480,0.653033,0.091477,0.439419,0.591943,39.552000,0.544860,95.969904,49.382000
without_resource_awareness,extreme,36,1036,10.430000,4.650000,8.760000,4.650000,4.110000,1.602000,0.527455,0.445290,0.448239,0.430574,0.894226,0.716461,0.529727,0.593077,0.529727,0.408461,0.070885,0.532929,0.484491,0.437048,0.583809,0.618361,0.636767,0.500000,0.470273,0.652955,0.088063,0.427872,0.564470,37.200000,0.527455,95.796457,49.416000
without_resource_awareness,extreme,37,1037,10.458000,4.860000,9.166000,4.860000,4.306000,1.222000,0.530456,0.465713,0.468543,0.449937,0.911367,0.731149,0.540482,0.592931,0.540482,0.392587,0.067213,0.524899,0.486695,0.467624,0.581215,0.618171,0.635121,0.500000,0.459518,0.650657,0.091340,0.442479,0.588206,38.880000,0.530456,96.604325,49.440000
without_resource_awareness,extreme,38,1038,10.506000,5.068000,9.206000,5.068000,4.138000,1.240000,0.549811,0.481680,0.484216,0.465284,0.919498,0.729102,0.537558,0.594209,0.537558,0.400544,0.067725,0.529444,0.491275,0.464742,0.585515,0.620572,0.643783,0.500000,0.462442,0.657987,0.093002,0.446304,0.599450,40.544000,0.549811,95.889674,49.366000
without_resource_awareness,extreme,39,1039,10.568000,4.862000,9.318000,4.862000,4.456000,1.160000,0.519597,0.459255,0.463019,0.443407,0.913800,0.733089,0.542459,0.590866,0.542459,0.391566,0.066728,0.525305,0.485994,0.472137,0.579863,0.616436,0.633071,0.500000,0.457541,0.650151,0.093801,0.453190,0.608697,38.896000,0.519597,95.717003,49.234000
without_resource_awareness,extreme,40,1040,10.568000,4.908000,9.076000,4.908000,4.168000,1.432000,0.537511,0.461646,0.464307,0.446181,0.903938,0.720135,0.537757,0.594465,0.537757,0.402285,0.069966,0.526230,0.480617,0.453596,0.583618,0.619898,0.639731,0.500000,0.462243,0.653329,0.090749,0.441961,0.585411,39.264000,0.537511,95.240114,49.416000
without_resource_awareness,extreme,41,1041,10.580000,4.782000,9.116000,4.782000,4.334000,1.404000,0.526589,0.451367,0.453763,0.436283,0.916344,0.741896,0.550360,0.600672,0.550360,0.384377,0.064526,0.517448,0.472602,0.466830,0.576951,0.615385,0.629027,0.500000,0.449640,0.647719,0.091781,0.441730,0.591859,38.256000,0.526589,95.909747,49.446000
without_resource_awareness,extreme,42,1042,10.444000,4.992000,9.206000,4.992000,4.214000,1.154000,0.541388,0.478341,0.481936,0.461760,0.915521,0.705399,0.528556,0.586813,0.528556,0.414662,0.073650,0.535667,0.486376,0.458998,0.586159,0.619458,0.643589,0.500000,0.471444,0.654963,0.093428,0.447469,0.602512,39.936000,0.541388,96.049444,49.320000
without_resource_awareness,extreme,43,1043,10.548000,4.686000,8.820000,4.686000,4.134000,1.646000,0.531482,0.443951,0.446894,0.429321,0.902394,0.725446,0.538365,0.595145,0.538365,0.395994,0.068638,0.523114,0.465109,0.443251,0.582013,0.618330,0.635666,0.500000,0.461635,0.652340,0.088139,0.431586,0.573354,37.488000,0.531482,96.153631,49.332000
without_resource_awareness,extreme,44,1044,10.426000,5.028000,9.400000,5.028000,4.372000,0.944000,0.535195,0.483356,0.486939,0.466544,0.922477,0.720873,0.537567,0.588156,0.537567,0.407740,0.069782,0.534250,0.501594,0.479975,0.583116,0.618141,0.639522,0.500000,0.462433,0.653333,0.094541,0.456185,0.609402,40.224000,0.535195,96.366064,49.160000
without_resource_awareness,extreme,45,1045,10.528000,4.950000,9.216000,4.950000,4.266000,1.212000,0.535656,0.470472,0.475050,0.454460,0.904211,0.709583,0.541623,0.592877,0.541623,0.411405,0.072604,0.531084,0.468957,0.467348,0.580788,0.616299,0.636718,0.500000,0.458377,0.650232,0.092903,0.448883,0.596495,39.600000,0.535656,96.652585,49.080000
without_resource_awareness,extreme,46,1046,10.446000,4.964000,8.996000,4.964000,4.032000,1.406000,0.549745,0.475268,0.477153,0.459327,0.916146,0.725536,0.538477,0.596554,0.538477,0.403686,0.068616,0.531217,0.498754,0.456195,0.585118,0.621488,0.642726,0.500000,0.461523,0.656404,0.090126,0.433593,0.581520,39.712000,0.549745,95.815155,49.532000
without_resource_awareness,extreme,47,1047,10.486000,5.090000,9.134000,5.090000,4.044000,1.274000,0.554713,0.484030,0.487554,0.467755,0.895749,0.712064,0.536673,0.590835,0.536673,0.408298,0.071984,0.536245,0.490742,0.462048,0.587313,0.621046,0.648425,0.500000,0.463327,0.660906,0.090993,0.440003,0.588572,40.720000,0.554713,95.531575,49.342000
without_resource_awareness,extreme,48,1048,10.544000,4.932000,9.084000,4.932000,4.152000,1.362000,0.543303,0.468125,0.472376,0.452254,0.904297,0.721368,0.536039,0.592291,0.536039,0.402651,0.069658,0.530942,0.487433,0.454222,0.585634,0.618612,0.645029,0.500000,0.463961,0.658786,0.091657,0.446666,0.594159,39.456000,0.543303,95.476850,49.166000
without_resource_awareness,extreme,49,1049,10.506000,4.834000,9.014000,4.834000,4.180000,1.452000,0.535417,0.460009,0.461686,0.444512,0.904141,0.735005,0.536753,0.593445,0.536753,0.387984,0.066249,0.517081,0.474829,0.453473,0.583616,0.617528,0.640565,0.500000,0.463247,0.655147,0.091112,0.440199,0.584596,38.672000,0.535417,96.637063,49.410000
without_resource_awareness,high,0,1000,6.986000,3.892000,6.558000,3.892000,2.666000,0.428000,0.593529,0.556405,0.556405,0.540027,0.877294,0.731725,0.493840,0.552260,0.493840,0.420837,0.067069,0.535240,0.502178,0.459747,0.612654,0.653900,0.673377,0.500000,0.506160,0.682093,0.060672,0.254415,0.342166,31.136000,0.593529,95.972173,50.000000
without_resource_awareness,high,1,1001,6.960000,3.842000,6.482000,3.842000,2.640000,0.478000,0.593576,0.551750,0.551750,0.535589,0.869468,0.732583,0.487831,0.544636,0.487831,0.428034,0.066854,0.537690,0.500422,0.450186,0.613940,0.654884,0.672610,0.500000,0.512169,0.683186,0.059533,0.254098,0.338632,30.736000,0.593576,95.036982,49.998000
without_resource_awareness,high,2,1002,6.998000,3.828000,6.414000,3.828000,2.586000,0.584000,0.594331,0.546857,0.546857,0.531027,0.888371,0.733552,0.490388,0.551725,0.490388,0.421022,0.066612,0.534401,0.489967,0.444758,0.612519,0.653780,0.671565,0.500000,0.509612,0.680448,0.058718,0.249535,0.336755,30.624000,0.594331,95.653678,49.984000
without_resource_awareness,high,3,1003,6.958000,3.930000,6.462000,3.930000,2.532000,0.496000,0.610890,0.566417,0.566417,0.549643,0.867318,0.738191,0.502733,0.552588,0.502733,0.415695,0.065452,0.532165,0.500039,0.461871,0.611475,0.653002,0.673923,0.500000,0.497267,0.684685,0.059809,0.255900,0.343341,31.440000,0.610890,96.231483,49.994000
without_resource_awareness,high,4,1004,7.006000,3.876000,6.518000,3.876000,2.642000,0.488000,0.596038,0.553964,0.553964,0.537741,0.856417,0.731387,0.497070,0.554473,0.497070,0.423211,0.067153,0.537946,0.507886,0.458018,0.610421,0.654226,0.668871,0.500000,0.502930,0.677391,0.060227,0.253712,0.342545,31.008000,0.596038,95.405463,49.992000
without_resource_awareness,high,5,1005,6.970000,3.850000,6.568000,3.850000,2.718000,0.402000,0.586517,0.552595,0.552595,0.536316,0.863382,0.744660,0.493214,0.547794,0.493214,0.410597,0.063835,0.528938,0.488840,0.460728,0.613312,0.654802,0.673258,0.500000,0.506786,0.684071,0.060384,0.254650,0.342774,30.800000,0.586517,95.650399,49.996000
without_resource_awareness,high,6,1006,7.006000,3.842000,6.578000,3.842000,2.736000,0.428000,0.585279,0.549810,0.549810,0.533543,0.848430,0.723276,0.496545,0.551737,0.496545,0.426114,0.069181,0.540819,0.505420,0.461254,0.610715,0.653235,0.669400,0.500000,0.503455,0.679574,0.061041,0.255543,0.346342,30.736000,0.585279,96.426737,49.988000
without_resource_awareness,high,7,1007,7.022000,3.816000,6.552000,3.816000,2.736000,0.470000,0.582974,0.544893,0.544893,0.528797,0.836562,0.740448,0.491954,0.551512,0.491954,0.412800,0.064888,0.529876,0.493786,0.454695,0.612715,0.654226,0.673054,0.500000,0.508046,0.680459,0.061125,0.257279,0.345207,30.528000,0.582974,95.452143,49.990000
without_resource_awareness,high,8,1008,6.916000,3.786000,6.398000,3.786000,2.612000,0.518000,0.590714,0.547048,0.547048,0.531024,0.862127,0.731608,0.498121,0.555888,0.498121,0.414204,0.067098,0.533188,0.502675,0.457289,0.609509,0.653908,0.666449,0.500000,0.501879,0.676729,0.059065,0.251993,0.335554,30.288000,0.590714,96.447658,50.000000
without_resource_awareness,high,9,1009,7.056000,3.960000,6.590000,3.960000,2.630000,0.466000,0.597181,0.559274,0.559274,0.542826,0.867142,0.731830,0.494006,0.552107,0.494006,0.428328,0.067043,0.543014,0.526751,0.456542,0.613568,0.654669,0.675557,0.500000,0.505994,0.683556,0.060882,0.259211,0.341834,31.680000,0.597181,95.794433,50.000000
without_resource_awareness,high,10,1010,7.030000,3.994000,6.736000,3.994000,2.742000,0.294000,0.592152,0.566714,0.566714,0.549679,0.882767,0.727038,0.488361,0.548649,0.488361,0.425675,0.068241,0.541228,0.504550,0.465687,0.614879,0.654107,0.676028,0.500000,0.511639,0.686090,0.062359,0.266825,0.352377,31.952000,0.592152,95.092995,50.000000
without_resource_awareness,high,11,1011,7.000000,4.034000,6.756000,4.034000,2.722000,0.244000,0.598148,0.576464,0.576464,0.559075,0.891409,0.720420,0.493413,0.545633,0.493413,0.431303,0.069895,0.543998,0.514180,0.473096,0.615848,0.655479,0.680377,0.500000,0.506587,0.688867,0.062384,0.264943,0.352681,32.272000,0.598148,95.068173,50.000000
without_resource_awareness,high,12,1012,6.982000,3.664000,6.482000,3.664000,2.818000,0.500000,0.562679,0.524667,0.524667,0.509116,0.872522,0.748497,0.503439,0.555754,0.503439,0.408177,0.062876,0.526833,0.493887,0.464016,0.601908,0.649353,0.651222,0.500000,0.496561,0.664336,0.059866,0.253956,0.343528,29.312000,0.562679,95.241191,50.000000
without_resource_awareness,high,13,1013,7.010000,3.928000,6.522000,3.928000,2.594000,0.488000,0.602562,0.560143,0.560143,0.543628,0.833230,0.736963,0.490906,0.552068,0.490906,0.419668,0.065759,0.533835,0.502181,0.452435,0.614597,0.654578,0.675955,0.500000,0.509094,0.686250,0.060656,0.258622,0.339977,31.424000,0.602562,95.668324,50.000000
without_resource_awareness,high,14,1014,6.964000,3.698000,6.346000,3.698000,2.648000,0.618000,0.584281,0.530869,0.530869,0.515689,0.859253,0.752049,0.506311,0.560090,0.506311,0.407539,0.061988,0.526588,0.492108,0.455529,0.606629,0.651938,0.662068,0.500000,0.493689,0.676767,0.057889,0.247494,0.329214,29.584000,0.584281,94.736018,50.000000
without_resource_awareness,high,15,1015,7.036000,3.846000,6.620000,3.846000,2.774000,0.416000,0.580771,0.546048,0.546048,0.529913,0.871467,0.742810,0.500545,0.551374,0.500545,0.407691,0.064297,0.525110,0.472524,0.466849,0.608105,0.651702,0.664626,0.500000,0.499455,0.676840,0.061029,0.259803,0.343946,30.768000,0.580771,96.252714,50.000000
without_resource_awareness,high,16,1016,7.018000,3.800000,6.614000,3.800000,2.814000,0.404000,0.574181,0.541381,0.541381,0.525167,0.841011,0.738281,0.495307,0.553474,0.495307,0.413145,0.065430,0.524834,0.462539,0.463664,0.607242,0.651157,0.661108,0.500000,0.504693,0.672022,0.061892,0.264648,0.347089,30.400000,0.574181,95.791934,49.998000
without_resource_awareness,high,17,1017,6.946000,3.800000,6.444000,3.800000,2.644000,0.502000,0.590019,0.547369,0.547369,0.531232,0.860984,0.743287,0.498981,0.556929,0.498981,0.413665,0.064178,0.530460,0.502604,0.458034,0.611153,0.652944,0.671670,0.500000,0.501019,0.682097,0.059893,0.255041,0.338863,30.400000,0.590019,95.795057,50.000000
without_resource_awareness,high,18,1018,7.006000,3.866000,6.558000,3.866000,2.692000,0.448000,0.589433,0.551571,0.551571,0.535168,0.868258,0.737743,0.502848,0.557135,0.502848,0.421348,0.065564,0.537855,0.508282,0.466001,0.610479,0.653324,0.670459,0.500000,0.497152,0.682902,0.060707,0.259222,0.344618,30.928000,0.589433,95.400813,50.000000
without_resource_awareness,high,19,1019,6.966000,3.884000,6.534000,3.884000,2.650000,0.430000,0.592976,0.555321,0.555464,0.538890,0.890035,0.744129,0.500480,0.555075,0.500480,0.411781,0.063968,0.527200,0.486451,0.466204,0.610915,0.653981,0.671270,0.500000,0.499520,0.680978,0.060415,0.256110,0.343869,31.072000,0.592976,96.529864,49.984000
without_resource_awareness,high,20,1020,7.016000,3.728000,6.404000,3.728000,2.676000,0.612000,0.580969,0.530214,0.530214,0.514877,0.865249,0.740603,0.499580,0.559072,0.499580,0.413911,0.064849,0.533052,0.503397,0.450027,0.606895,0.650579,0.661818,0.500000,0.500420,0.674228,0.059028,0.250721,0.334307,29.824000,0.580969,96.727472,50.000000
without_resource_awareness,high,21,1021,6.950000,3.906000,6.498000,3.906000,2.592000,0.452000,0.601812,0.562107,0.562107,0.545549,0.851366,0.731594,0.495271,0.550590,0.495271,0.425484,0.067102,0.536272,0.497208,0.458969,0.612739,0.653539,0.674079,0.500000,0.504729,0.683705,0.059873,0.252824,0.340763,31.248000,0.601812,97.048332,50.000000
without_resource_awareness,high,22,1022,7.000000,3.798000,6.560000,3.798000,2.762000,0.440000,0.576786,0.542714,0.542714,0.526546,0.886574,0.727682,0.483206,0.544218,0.483206,0.422365,0.068079,0.539829,0.520664,0.448115,0.614225,0.653858,0.672656,0.500000,0.516794,0.681918,0.060651,0.258058,0.343480,30.384000,0.576786,95.459289,50.000000
without_resource_awareness,high,23,1023,6.992000,3.684000,6.366000,3.684000,2.682000,0.626000,0.575924,0.526000,0.526000,0.510723,0.875984,0.739076,0.488273,0.551233,0.488273,0.418721,0.065231,0.535020,0.493833,0.439729,0.609571,0.652815,0.662649,0.500000,0.511727,0.674139,0.058557,0.251953,0.331710,29.472000,0.575924,95.504888,50.000000
without_resource_awareness,high,24,1024,7.034000,3.804000,6.524000,3.804000,2.720000,0.510000,0.583712,0.540298,0.540298,0.524499,0.854125,0.732010,0.496758,0.555395,0.496758,0.413964,0.066997,0.529423,0.475917,0.456133,0.608906,0.651769,0.665790,0.500000,0.503242,0.676193,0.060304,0.255072,0.342828,30.432000,0.583712,96.112297,49.992000
without_resource_awareness,high,25,1025,7.066000,3.790000,6.560000,3.790000,2.770000,0.506000,0.576460,0.536024,0.536024,0.520444,0.891617,0.736267,0.492619,0.554679,0.492619,0.420554,0.065933,0.537122,0.508077,0.453021,0.608014,0.650547,0.661758,0.500000,0.507381,0.674112,0.060316,0.252404,0.342038,30.320000,0.576460,95.024820,49.976000
without_resource_awareness,high,26,1026,6.966000,3.844000,6.370000,3.844000,2.526000,0.596000,0.603250,0.551595,0.551595,0.535610,0.863189,0.727419,0.485365,0.546631,0.485365,0.430364,0.068145,0.542216,0.513266,0.437822,0.613884,0.652317,0.674265,0.500000,0.514635,0.682455,0.058967,0.249225,0.331046,30.752000,0.603250,96.087955,50.000000
without_resource_awareness,high,27,1027,7.020000,3.850000,6.626000,3.850000,2.776000,0.390000,0.579610,0.548274,0.548731,0.531947,0.871559,0.743568,0.494822,0.549114,0.494822,0.413911,0.064108,0.528853,0.498408,0.462989,0.610987,0.654023,0.668816,0.500000,0.505178,0.678949,0.060923,0.260168,0.347552,30.800000,0.579610,94.657163,49.990000
without_resource_awareness,high,28,1028,7.018000,3.732000,6.474000,3.732000,2.742000,0.544000,0.576964,0.531821,0.531821,0.516448,0.879807,0.744815,0.492122,0.549785,0.492122,0.408237,0.063796,0.529271,0.497762,0.450429,0.611478,0.654323,0.667944,0.500000,0.507878,0.679861,0.059440,0.252023,0.335251,29.856000,0.576964,94.469014,50.000000
without_resource_awareness,high,29,1029,6.964000,3.838000,6.508000,3.838000,2.670000,0.456000,0.590621,0.550738,0.550738,0.534640,0.872051,0.735578,0.506172,0.560268,0.506172,0.410518,0.066105,0.532267,0.500910,0.468665,0.608000,0.652626,0.665685,0.500000,0.493828,0.678881,0.060503,0.252776,0.339424,30.704000,0.590621,94.814088,50.000000
without_resource_awareness,high,30,1030,7.002000,3.962000,6.498000,3.962000,2.536000,0.502000,0.609700,0.567476,0.567667,0.550688,0.881436,0.716831,0.488115,0.550788,0.488115,0.438113,0.070792,0.551695,0.528930,0.447301,0.615158,0.653307,0.677372,0.500000,0.511885,0.687055,0.060375,0.255864,0.340373,31.696000,0.609700,95.359314,49.990000
without_resource_awareness,high,31,1031,7.080000,3.918000,6.670000,3.918000,2.752000,0.410000,0.587400,0.552917,0.552917,0.536494,0.863653,0.746193,0.507647,0.558961,0.507647,0.408290,0.063452,0.524023,0.473511,0.473785,0.606481,0.652724,0.662695,0.500000,0.492353,0.675069,0.061766,0.259791,0.350409,31.344000,0.587400,94.842378,49.994000
without_resource_awareness,high,32,1032,7.028000,3.896000,6.594000,3.896000,2.698000,0.434000,0.590252,0.554143,0.554143,0.537666,0.883123,0.729595,0.503761,0.555466,0.503761,0.418423,0.067601,0.532505,0.485065,0.467633,0.608856,0.653260,0.666899,0.500000,0.496239,0.678935,0.060622,0.259151,0.348890,31.168000,0.590252,95.450513,50.000000
without_resource_awareness,high,33,1033,7.024000,3.692000,6.288000,3.692000,2.596000,0.736000,0.586974,0.526786,0.526786,0.511570,0.859992,0.743164,0.484668,0.553243,0.484668,0.415045,0.064209,0.528999,0.496127,0.427814,0.608454,0.650532,0.660491,0.500000,0.515332,0.670515,0.058236,0.247836,0.331403,29.536000,0.586974,95.098703,50.000000
without_resource_awareness,high,34,1034,6.978000,3.654000,6.402000,3.654000,2.748000,0.576000,0.570117,0.523536,0.523536,0.508474,0.865626,0.749367,0.507426,0.556827,0.507426,0.408528,0.062658,0.528175,0.496209,0.459984,0.605524,0.651200,0.660485,0.500000,0.492574,0.674589,0.058924,0.246787,0.332103,29.232000,0.570117,94.988991,50.000000
without_resource_awareness,high,35,1035,7.028000,3.832000,6.446000,3.832000,2.614000,0.582000,0.595217,0.545821,0.545821,0.530095,0.861149,0.734029,0.496781,0.554580,0.496781,0.423738,0.066493,0.538587,0.509404,0.451560,0.611336,0.653122,0.671441,0.500000,0.503219,0.681004,0.059901,0.248773,0.336310,30.656000,0.595217,96.288309,50.000000
without_resource_awareness,high,36,1036,6.986000,3.688000,6.342000,3.688000,2.654000,0.640000,0.580133,0.527786,0.528195,0.512514,0.883493,0.725193,0.496570,0.552258,0.496570,0.419307,0.068702,0.533958,0.493480,0.444315,0.606893,0.651216,0.659974,0.500000,0.503430,0.672605,0.058768,0.247967,0.333053,29.504000,0.580133,95.503522,49.984000
without_resource_awareness,high,37,1037,6.958000,3.924000,6.564000,3.924000,2.640000,0.394000,0.600345,0.563524,0.563524,0.546747,0.863535,0.745185,0.491754,0.550453,0.491754,0.412091,0.063704,0.529163,0.492180,0.459272,0.614220,0.654626,0.676146,0.500000,0.508246,0.684501,0.060987,0.258767,0.344313,31.392000,0.600345,96.639380,49.960000
without_resource_awareness,high,38,1038,6.942000,3.828000,6.558000,3.828000,2.730000,0.384000,0.581917,0.550762,0.550762,0.534262,0.856632,0.727898,0.493841,0.554457,0.493841,0.419255,0.068026,0.534523,0.497871,0.462242,0.609630,0.653177,0.666180,0.500000,0.506159,0.674752,0.061082,0.259877,0.343672,30.624000,0.581917,96.460012,50.000000
without_resource_awareness,high,39,1039,7.048000,3.984000,6.660000,3.984000,2.676000,0.388000,0.597812,0.566381,0.566381,0.549534,0.853920,0.728176,0.497400,0.552337,0.497400,0.427865,0.067956,0.543842,0.525043,0.466810,0.612074,0.652766,0.673817,0.500000,0.502600,0.683479,0.061608,0.258551,0.348903,31.872000,0.597812,95.945073,49.980000
without_resource_awareness,high,40,1040,7.078000,3.726000,6.506000,3.726000,2.780000,0.570000,0.570717,0.526869,0.527083,0.511348,0.859043,0.738694,0.490342,0.550684,0.490342,0.414666,0.065326,0.531654,0.494324,0.446361,0.609537,0.650059,0.664565,0.500000,0.509658,0.678043,0.060650,0.255427,0.345013,29.808000,0.570717,96.190364,49.982000
without_resource_awareness,high,41,1041,6.998000,3.714000,6.482000,3.714000,2.768000,0.516000,0.571431,0.531143,0.531143,0.515561,0.881058,0.734560,0.500824,0.553570,0.500824,0.414017,0.066360,0.529960,0.480107,0.458272,0.606769,0.650305,0.661707,0.500000,0.499176,0.675318,0.060130,0.253909,0.339497,29.712000,0.571431,96.454631,50.000000
without_resource_awareness,high,42,1042,7.032000,3.906000,6.608000,3.906000,2.702000,0.424000,0.591226,0.555202,0.555202,0.538788,0.873508,0.734143,0.493352,0.551681,0.493352,0.419905,0.066464,0.532962,0.492692,0.459753,0.611697,0.654397,0.669076,0.500000,0.506648,0.680767,0.060745,0.259356,0.346948,31.248000,0.591226,95.810777,50.000000
without_resource_awareness,high,43,1043,6.910000,3.774000,6.358000,3.774000,2.584000,0.552000,0.594798,0.546952,0.546952,0.530967,0.872186,0.737503,0.491661,0.551842,0.491661,0.413197,0.065624,0.535382,0.506699,0.448342,0.611367,0.653448,0.668018,0.500000,0.508339,0.680093,0.059095,0.251428,0.333335,30.192000,0.594798,95.749395,50.000000
without_resource_awareness,high,44,1044,7.020000,3.868000,6.634000,3.868000,2.766000,0.386000,0.582248,0.550202,0.550202,0.533865,0.860717,0.732139,0.498770,0.550434,0.498770,0.419506,0.066965,0.530639,0.478317,0.468013,0.606418,0.650601,0.660103,0.500000,0.501230,0.672809,0.061800,0.258497,0.347299,30.944000,0.582248,95.722163,50.000000
without_resource_awareness,high,45,1045,7.044000,3.996000,6.692000,3.996000,2.696000,0.352000,0.600152,0.569655,0.569655,0.552603,0.860986,0.728695,0.494449,0.551881,0.494449,0.419632,0.067826,0.535180,0.489399,0.466084,0.611817,0.652874,0.672504,0.500000,0.505551,0.680554,0.061902,0.261505,0.353290,31.968000,0.600152,97.637739,49.982000
without_resource_awareness,high,46,1046,7.068000,3.778000,6.574000,3.778000,2.796000,0.494000,0.574910,0.535988,0.535988,0.520236,0.894507,0.735049,0.495375,0.551946,0.495375,0.415207,0.066238,0.535387,0.506421,0.457056,0.607623,0.652139,0.660642,0.500000,0.504625,0.673360,0.060349,0.256190,0.346414,30.224000,0.574910,96.067999,50.000000
without_resource_awareness,high,47,1047,6.976000,3.836000,6.478000,3.836000,2.642000,0.498000,0.593195,0.549690,0.549690,0.533605,0.856611,0.726484,0.491536,0.555109,0.491536,0.423660,0.068379,0.540721,0.514522,0.452714,0.609960,0.653181,0.665066,0.500000,0.508464,0.675906,0.059610,0.255382,0.337724,30.688000,0.593195,96.012132,50.000000
without_resource_awareness,high,48,1048,6.974000,3.802000,6.444000,3.802000,2.642000,0.528000,0.588274,0.544131,0.544398,0.528117,0.857126,0.729390,0.495330,0.552763,0.495330,0.428937,0.067653,0.542695,0.520868,0.452680,0.610636,0.651732,0.670133,0.500000,0.504670,0.679413,0.059478,0.254178,0.339219,30.416000,0.588274,95.113873,49.992000
without_resource_awareness,high,49,1049,7.054000,3.906000,6.528000,3.906000,2.622000,0.526000,0.597490,0.552655,0.552655,0.536684,0.888371,0.740552,0.493814,0.554033,0.493814,0.419240,0.064862,0.537225,0.515042,0.452672,0.612764,0.653477,0.673643,0.500000,0.506186,0.683078,0.060039,0.253315,0.337212,31.248000,0.597490,97.636572,50.000000
without_resource_awareness,low,0,1000,1.480000,1.000000,1.480000,1.000000,0.480000,0.000000,0.683000,0.683000,0.683000,0.670043,0.769811,0.780474,0.358182,0.410397,0.358182,0.518539,0.054882,0.568807,0.551272,0.358182,0.659765,0.714899,0.697768,0.500000,0.641818,0.694916,0.010636,0.034214,0.046355,8.000000,0.683000,76.305967,50.000000
without_resource_awareness,low,1,1001,1.480000,1.000000,1.460000,1.000000,0.460000,0.020000,0.676000,0.671000,0.671000,0.658228,0.742141,0.784901,0.339965,0.410707,0.339965,0.522663,0.053775,0.570866,0.559915,0.337793,0.661384,0.710011,0.703959,0.496000,0.652035,0.698308,0.010488,0.034147,0.044536,8.000000,0.676000,75.239552,50.000000
without_resource_awareness,low,2,1002,1.504000,1.012000,1.502000,1.012000,0.490000,0.002000,0.678000,0.678000,0.678000,0.665318,0.710847,0.788152,0.353189,0.413219,0.353189,0.515506,0.052962,0.566762,0.562175,0.352695,0.658307,0.711547,0.693426,0.500000,0.646811,0.692554,0.010875,0.034919,0.044595,8.096000,0.678000,77.618847,50.000000
without_resource_awareness,low,3,1003,1.490000,0.960000,1.486000,0.960000,0.526000,0.004000,0.647000,0.646000,0.646000,0.633922,0.713947,0.774271,0.343157,0.405588,0.343157,0.512031,0.056432,0.562413,0.535557,0.342414,0.658022,0.712149,0.688354,0.500000,0.656843,0.686569,0.010763,0.034452,0.045558,7.680000,0.647000,75.002370,50.000000
without_resource_awareness,low,4,1004,1.514000,1.020000,1.510000,1.020000,0.490000,0.004000,0.679000,0.678000,0.678000,0.665213,0.732300,0.779572,0.349034,0.412809,0.349034,0.509948,0.055107,0.561149,0.537251,0.348737,0.662827,0.717309,0.700366,0.500000,0.650966,0.696661,0.010625,0.035154,0.046313,8.160000,0.679000,76.260823,50.000000
without_resource_awareness,low,5,1005,1.508000,1.008000,1.506000,1.008000,0.498000,0.002000,0.669000,0.668000,0.668000,0.655361,0.701442,0.779968,0.348095,0.413230,0.348095,0.516621,0.055008,0.566842,0.556326,0.347829,0.659717,0.714594,0.692526,0.500000,0.651905,0.692042,0.010597,0.034824,0.047103,8.064000,0.669000,74.665249,50.000000
without_resource_awareness,low,6,1006,1.516000,1.020000,1.514000,1.020000,0.494000,0.002000,0.667000,0.666000,0.666000,0.653683,0.718186,0.782538,0.355578,0.413458,0.355578,0.519026,0.054365,0.568891,0.559263,0.355035,0.660400,0.714895,0.697391,0.500000,0.644422,0.696631,0.010733,0.034782,0.045183,8.160000,0.667000,74.813237,50.000000
without_resource_awareness,low,7,1007,1.506000,0.976000,1.492000,0.976000,0.516000,0.014000,0.647000,0.644000,0.644000,0.631861,0.745998,0.778924,0.347531,0.415942,0.347531,0.508322,0.055269,0.561822,0.540967,0.345708,0.657784,0.711026,0.692810,0.498000,0.648469,0.691447,0.010617,0.034622,0.045616,7.808000,0.647000,72.734961,50.000000
without_resource_awareness,low,8,1008,1.538000,1.026000,1.534000,1.026000,0.508000,0.004000,0.669000,0.667000,0.667000,0.654446,0.739906,0.785027,0.363638,0.417116,0.363638,0.505430,0.053743,0.559446,0.550859,0.362698,0.653524,0.711291,0.685005,0.500000,0.636362,0.685959,0.010910,0.035164,0.047329,8.208000,0.669000,75.139784,50.000000
without_resource_awareness,low,9,1009,1.524000,1.012000,1.520000,1.012000,0.508000,0.004000,0.660000,0.660000,0.660000,0.647519,0.753479,0.779799,0.333761,0.393661,0.333761,0.521856,0.055050,0.568573,0.549022,0.333501,0.663446,0.712735,0.701170,0.499000,0.664239,0.694649,0.010934,0.035502,0.046942,8.096000,0.660000,74.547386,50.000000
without_resource_awareness,low,10,1010,1.520000,1.058000,1.518000,1.058000,0.460000,0.002000,0.708000,0.707000,0.707000,0.693506,0.702102,0.784230,0.350778,0.413405,0.350778,0.521151,0.053943,0.569408,0.563957,0.350391,0.666525,0.716483,0.711960,0.500000,0.649222,0.706510,0.010853,0.034868,0.047321,8.464000,0.708000,79.859286,50.000000
without_resource_awareness,low,11,1011,1.490000,0.994000,1.488000,0.994000,0.494000,0.002000,0.677000,0.677000,0.677000,0.663928,0.774365,0.779701,0.344070,0.407822,0.344070,0.521641,0.055075,0.574940,0.581216,0.344070,0.658815,0.710474,0.693090,0.499000,0.653930,0.691718,0.010554,0.034095,0.047276,7.952000,0.677000,75.876395,50.000000
without_resource_awareness,low,12,1012,1.462000,1.022000,1.462000,1.022000,0.440000,0.000000,0.696000,0.696000,0.696000,0.682607,0.744752,0.791758,0.334221,0.395517,0.334221,0.527566,0.052061,0.574764,0.576781,0.334221,0.669674,0.718239,0.712103,0.500000,0.665779,0.705733,0.010462,0.034289,0.045360,8.176000,0.696000,76.844286,50.000000
without_resource_awareness,low,13,1013,1.458000,1.000000,1.452000,1.000000,0.452000,0.006000,0.680000,0.680000,0.680000,0.667021,0.686721,0.787306,0.332235,0.397222,0.332235,0.517781,0.053174,0.565620,0.557470,0.331447,0.666360,0.715049,0.705327,0.499000,0.665765,0.701208,0.010390,0.033642,0.045344,8.000000,0.680000,73.398378,50.000000
without_resource_awareness,low,14,1014,1.514000,0.952000,1.510000,0.952000,0.558000,0.004000,0.625000,0.624000,0.624000,0.612187,0.710365,0.780119,0.368484,0.428431,0.368484,0.498219,0.054970,0.553727,0.527236,0.368037,0.651569,0.710919,0.681984,0.499000,0.629516,0.686721,0.010587,0.035131,0.046154,7.616000,0.625000,70.145752,50.000000
without_resource_awareness,low,15,1015,1.500000,1.064000,1.494000,1.064000,0.430000,0.006000,0.712000,0.711000,0.711000,0.697654,0.742809,0.781230,0.339615,0.406746,0.339615,0.527356,0.054692,0.580015,0.599234,0.338874,0.667645,0.716890,0.709283,0.500000,0.660385,0.704956,0.010818,0.034267,0.045750,8.512000,0.712000,79.757182,50.000000
without_resource_awareness,low,16,1016,1.512000,1.062000,1.512000,1.062000,0.450000,0.000000,0.706000,0.706000,0.706000,0.692674,0.708927,0.777059,0.326307,0.387874,0.326307,0.526724,0.055735,0.572434,0.554753,0.326307,0.668407,0.715317,0.707651,0.500000,0.673693,0.701018,0.010919,0.034927,0.047064,8.496000,0.706000,78.388890,50.000000
without_resource_awareness,low,17,1017,1.466000,1.010000,1.464000,1.010000,0.454000,0.002000,0.693000,0.692000,0.692000,0.679019,0.719024,0.787298,0.334023,0.396266,0.334023,0.517431,0.053176,0.569833,0.566547,0.333548,0.668113,0.718956,0.706607,0.500000,0.665977,0.702302,0.010384,0.033659,0.044821,8.080000,0.693000,76.615421,50.000000
without_resource_awareness,low,18,1018,1.494000,1.006000,1.492000,1.006000,0.486000,0.002000,0.686000,0.685000,0.685000,0.671926,0.734488,0.783641,0.329153,0.385904,0.329153,0.523794,0.054090,0.572718,0.562642,0.328880,0.668241,0.718614,0.705036,0.500000,0.670847,0.700862,0.010490,0.034623,0.045883,8.048000,0.686000,76.607887,50.000000
without_resource_awareness,low,19,1019,1.508000,0.992000,1.498000,0.992000,0.506000,0.010000,0.670000,0.667000,0.667000,0.654636,0.677347,0.794414,0.351872,0.418961,0.351872,0.505745,0.051397,0.556377,0.536589,0.350529,0.658833,0.711919,0.697112,0.498000,0.644128,0.694858,0.010645,0.034111,0.045312,7.936000,0.670000,76.531015,50.000000
without_resource_awareness,low,20,1020,1.462000,1.000000,1.456000,1.000000,0.456000,0.006000,0.696000,0.694000,0.694000,0.680988,0.753207,0.795688,0.347084,0.410486,0.347084,0.518715,0.051078,0.568586,0.574765,0.345846,0.665300,0.716320,0.706799,0.500000,0.652916,0.702619,0.010324,0.033493,0.044765,8.000000,0.696000,78.097063,50.000000
without_resource_awareness,low,21,1021,1.468000,0.998000,1.466000,0.998000,0.468000,0.002000,0.688000,0.688000,0.688000,0.675043,0.709219,0.783587,0.339147,0.403635,0.339147,0.529433,0.054103,0.574699,0.575468,0.339147,0.663713,0.717829,0.700191,0.499000,0.658853,0.694454,0.010306,0.033963,0.045509,7.984000,0.688000,76.000940,50.000000
without_resource_awareness,low,22,1022,1.500000,1.032000,1.500000,1.032000,0.468000,0.000000,0.685000,0.685000,0.685000,0.672164,0.759516,0.777315,0.338862,0.397479,0.338862,0.532032,0.055671,0.580959,0.572470,0.338862,0.665831,0.718496,0.703856,0.500000,0.661138,0.697879,0.010701,0.033795,0.045302,8.256000,0.685000,75.824778,50.000000
without_resource_awareness,low,23,1023,1.478000,0.976000,1.474000,0.976000,0.498000,0.004000,0.658000,0.656000,0.656000,0.643732,0.754557,0.779171,0.331319,0.388831,0.331319,0.515355,0.055207,0.567944,0.546442,0.330390,0.663552,0.716202,0.694657,0.500000,0.668681,0.692753,0.010426,0.034284,0.045044,7.808000,0.658000,72.518474,50.000000
without_resource_awareness,low,24,1024,1.468000,0.978000,1.464000,0.978000,0.486000,0.004000,0.666000,0.665000,0.665000,0.652465,0.715217,0.776529,0.332484,0.392401,0.332484,0.519605,0.055868,0.565916,0.533197,0.331835,0.663095,0.714792,0.697521,0.499000,0.665516,0.692705,0.010487,0.033442,0.044522,7.824000,0.666000,71.577765,50.000000
without_resource_awareness,low,25,1025,1.492000,0.972000,1.480000,0.972000,0.508000,0.012000,0.655000,0.652000,0.652000,0.639547,0.810781,0.782943,0.361995,0.420593,0.361995,0.510739,0.054264,0.567702,0.566782,0.360420,0.650259,0.708876,0.680183,0.498000,0.634005,0.681178,0.010509,0.034012,0.045934,7.776000,0.655000,73.836872,50.000000
without_resource_awareness,low,26,1026,1.516000,1.022000,1.510000,1.022000,0.488000,0.006000,0.680000,0.679000,0.679000,0.666222,0.720826,0.793347,0.358552,0.422045,0.358552,0.508132,0.051663,0.558281,0.549108,0.357362,0.659977,0.714528,0.699181,0.500000,0.641448,0.695290,0.010959,0.035316,0.045704,8.176000,0.680000,76.003281,50.000000
without_resource_awareness,low,27,1027,1.488000,1.012000,1.488000,1.012000,0.476000,0.000000,0.686000,0.686000,0.686000,0.672740,0.722902,0.782265,0.348229,0.410152,0.348229,0.522318,0.054434,0.573081,0.568051,0.348229,0.664904,0.717147,0.704533,0.500000,0.651771,0.703031,0.010543,0.035027,0.047124,8.096000,0.686000,76.970593,50.000000
without_resource_awareness,low,28,1028,1.488000,1.002000,1.484000,1.002000,0.482000,0.004000,0.680000,0.679000,0.679000,0.666139,0.761417,0.790293,0.342999,0.407047,0.342999,0.506728,0.052427,0.558340,0.540497,0.342436,0.661345,0.712406,0.698858,0.499000,0.655001,0.694917,0.010792,0.034106,0.045335,8.016000,0.680000,78.310280,50.000000
without_resource_awareness,low,29,1029,1.536000,1.066000,1.536000,1.066000,0.470000,0.000000,0.694000,0.694000,0.694000,0.680934,0.733723,0.783457,0.343308,0.404176,0.343308,0.510881,0.054136,0.557627,0.523280,0.343308,0.666629,0.719497,0.707979,0.500000,0.656692,0.699949,0.010984,0.035279,0.047207,8.528000,0.694000,77.336171,50.000000
without_resource_awareness,low,30,1030,1.470000,0.964000,1.466000,0.964000,0.502000,0.004000,0.648000,0.647000,0.647000,0.634632,0.739155,0.773902,0.349273,0.409372,0.349273,0.516351,0.056525,0.566227,0.538900,0.349045,0.654540,0.713290,0.682962,0.499000,0.648727,0.680078,0.010508,0.033502,0.045429,7.712000,0.648000,71.748398,50.000000
without_resource_awareness,low,31,1031,1.460000,0.954000,1.458000,0.954000,0.504000,0.002000,0.654000,0.653000,0.653000,0.640540,0.732193,0.787513,0.352192,0.408212,0.352192,0.508700,0.053122,0.560211,0.549734,0.351974,0.657571,0.711332,0.691302,0.500000,0.647808,0.690326,0.010481,0.033709,0.045490,7.632000,0.654000,74.218978,50.000000
without_resource_awareness,low,32,1032,1.502000,1.054000,1.492000,1.054000,0.438000,0.010000,0.710000,0.708000,0.708000,0.694373,0.762133,0.788680,0.335967,0.405988,0.335967,0.528845,0.052830,0.578377,0.596078,0.334479,0.667184,0.715825,0.707944,0.499000,0.662033,0.705102,0.010540,0.033967,0.046339,8.432000,0.710000,77.896403,50.000000
without_resource_awareness,low,33,1033,1.476000,0.994000,1.472000,0.994000,0.478000,0.004000,0.669000,0.668000,0.668000,0.655576,0.757978,0.785664,0.338696,0.402444,0.338696,0.525205,0.053584,0.576493,0.583639,0.337855,0.665873,0.714415,0.705591,0.500000,0.661304,0.702453,0.010562,0.033602,0.044302,7.952000,0.669000,75.877943,50.000000
without_resource_awareness,low,34,1034,1.524000,1.046000,1.520000,1.046000,0.474000,0.004000,0.687000,0.685000,0.685000,0.671967,0.799424,0.781544,0.339597,0.400176,0.339597,0.525078,0.054614,0.576359,0.577639,0.339059,0.666691,0.717062,0.706429,0.500000,0.660403,0.702735,0.010961,0.034764,0.047504,8.368000,0.687000,77.203704,50.000000
without_resource_awareness,low,35,1035,1.532000,1.030000,1.532000,1.030000,0.502000,0.000000,0.675000,0.675000,0.675000,0.662165,0.723810,0.783308,0.343909,0.404602,0.343909,0.515966,0.054173,0.563277,0.534716,0.343909,0.665285,0.716058,0.705240,0.500000,0.656091,0.701870,0.010853,0.035036,0.047947,8.240000,0.675000,77.273979,50.000000
without_resource_awareness,low,36,1036,1.518000,0.962000,1.510000,0.962000,0.548000,0.008000,0.632000,0.632000,0.632000,0.619788,0.741976,0.780085,0.334220,0.404457,0.334220,0.505548,0.054979,0.557596,0.521181,0.334220,0.656303,0.710872,0.686231,0.496000,0.657780,0.684277,0.010627,0.035346,0.047501,7.696000,0.632000,72.681663,50.000000
without_resource_awareness,low,37,1037,1.440000,0.996000,1.438000,0.996000,0.442000,0.002000,0.694000,0.693000,0.693000,0.679814,0.760637,0.782655,0.340912,0.398497,0.340912,0.523436,0.054336,0.572435,0.567214,0.340440,0.666117,0.718353,0.704591,0.500000,0.659088,0.700903,0.010216,0.033157,0.044668,7.968000,0.694000,76.851482,50.000000
without_resource_awareness,low,38,1038,1.530000,1.066000,1.528000,1.066000,0.462000,0.002000,0.688000,0.688000,0.688000,0.674873,0.789457,0.781444,0.340084,0.398134,0.340084,0.521141,0.054639,0.572790,0.564950,0.340084,0.666885,0.715301,0.709833,0.499000,0.657916,0.705780,0.010996,0.036079,0.047291,8.528000,0.688000,76.288098,50.000000
without_resource_awareness,low,39,1039,1.514000,1.012000,1.512000,1.012000,0.500000,0.002000,0.671000,0.671000,0.671000,0.658227,0.738256,0.778697,0.343453,0.401969,0.343453,0.522467,0.055326,0.571338,0.555147,0.343453,0.657586,0.711396,0.689301,0.499000,0.654547,0.687243,0.010807,0.035572,0.046109,8.096000,0.671000,75.716489,50.000000
without_resource_awareness,low,40,1040,1.498000,1.012000,1.498000,1.012000,0.486000,0.000000,0.689000,0.689000,0.689000,0.675751,0.704114,0.785001,0.336642,0.397579,0.336642,0.519728,0.053750,0.570571,0.566436,0.336642,0.665672,0.715558,0.703298,0.500000,0.663358,0.700349,0.010601,0.035000,0.046368,8.096000,0.689000,77.817462,50.000000
without_resource_awareness,low,41,1041,1.534000,1.048000,1.530000,1.048000,0.482000,0.004000,0.688000,0.688000,0.688000,0.674989,0.714161,0.779743,0.340824,0.407762,0.340824,0.517081,0.055064,0.566101,0.546515,0.340824,0.662949,0.712374,0.702776,0.498000,0.655176,0.700194,0.010853,0.035362,0.047559,8.384000,0.688000,77.499940,50.000000
without_resource_awareness,low,42,1042,1.480000,1.010000,1.474000,1.010000,0.464000,0.006000,0.689000,0.686000,0.686000,0.673004,0.697567,0.784280,0.355074,0.419018,0.355074,0.518763,0.053930,0.567785,0.556799,0.353684,0.659943,0.713601,0.698741,0.500000,0.644926,0.693743,0.010667,0.034210,0.044914,8.080000,0.689000,76.458293,50.000000
without_resource_awareness,low,43,1043,1.540000,1.004000,1.536000,1.004000,0.532000,0.004000,0.650000,0.650000,0.650000,0.637384,0.761869,0.783370,0.347641,0.407082,0.347641,0.506980,0.054158,0.558421,0.537249,0.347020,0.660695,0.715423,0.696099,0.500000,0.652359,0.691308,0.011030,0.035960,0.048535,8.032000,0.650000,74.692756,50.000000
without_resource_awareness,low,44,1044,1.474000,1.028000,1.474000,1.028000,0.446000,0.000000,0.706000,0.706000,0.706000,0.692591,0.747422,0.774355,0.338486,0.395623,0.338486,0.526069,0.056411,0.576431,0.564307,0.338486,0.670633,0.718186,0.715785,0.500000,0.661514,0.710926,0.010473,0.033685,0.046653,8.224000,0.706000,78.635441,50.000000
without_resource_awareness,low,45,1045,1.514000,1.074000,1.512000,1.074000,0.438000,0.002000,0.708000,0.707000,0.707000,0.693640,0.721548,0.773072,0.341851,0.400830,0.341851,0.525781,0.056732,0.574314,0.553115,0.341476,0.664854,0.716961,0.702675,0.500000,0.658149,0.699143,0.010793,0.034405,0.046758,8.592000,0.708000,77.509936,50.000000
without_resource_awareness,low,46,1046,1.508000,1.030000,1.508000,1.030000,0.478000,0.000000,0.684000,0.684000,0.684000,0.671092,0.711219,0.775257,0.335907,0.399034,0.335907,0.526304,0.056186,0.576062,0.572851,0.335907,0.666361,0.717618,0.703975,0.500000,0.664093,0.699411,0.010662,0.034847,0.045797,8.240000,0.684000,76.201187,50.000000
without_resource_awareness,low,47,1047,1.500000,1.018000,1.498000,1.018000,0.480000,0.002000,0.674000,0.673000,0.673000,0.660295,0.698095,0.772174,0.340419,0.404495,0.340419,0.518020,0.056956,0.567686,0.534862,0.339864,0.661768,0.714841,0.695107,0.500000,0.659581,0.692814,0.010734,0.034355,0.046444,8.144000,0.674000,75.406146,50.000000
without_resource_awareness,low,48,1048,1.506000,1.018000,1.504000,1.018000,0.486000,0.002000,0.679000,0.679000,0.679000,0.665832,0.686835,0.777544,0.341514,0.407752,0.341514,0.521493,0.055614,0.567973,0.541537,0.341514,0.661751,0.713577,0.698797,0.499000,0.656486,0.693995,0.010835,0.035046,0.047457,8.144000,0.679000,77.052251,50.000000
without_resource_awareness,low,49,1049,1.514000,1.018000,1.508000,1.018000,0.490000,0.006000,0.680000,0.679000,0.679000,0.666197,0.725634,0.777958,0.340918,0.409885,0.340918,0.510927,0.055510,0.564008,0.537171,0.340218,0.665809,0.716243,0.706207,0.499000,0.657082,0.703425,0.010684,0.035066,0.045500,8.144000,0.680000,76.404293,50.000000
without_resource_awareness,medium,0,1000,3.984000,2.594000,3.928000,2.594000,1.334000,0.056000,0.663400,0.653833,0.653833,0.637737,0.818654,0.724340,0.417351,0.473842,0.417351,0.485594,0.068915,0.570065,0.566081,0.410631,0.645274,0.687994,0.703942,0.500000,0.582649,0.703749,0.032963,0.119817,0.162618,20.752000,0.663400,95.005585,50.000000
without_resource_awareness,medium,1,1001,4.036000,2.472000,3.936000,2.472000,1.464000,0.100000,0.622333,0.610600,0.610600,0.595650,0.805588,0.741051,0.428079,0.481651,0.428079,0.459653,0.064737,0.545623,0.504950,0.417014,0.639703,0.687097,0.693748,0.500000,0.571921,0.696136,0.032682,0.120949,0.161401,19.776000,0.622333,93.484260,50.000000
without_resource_awareness,medium,2,1002,3.988000,2.438000,3.874000,2.438000,1.436000,0.114000,0.628700,0.609633,0.609633,0.594841,0.856673,0.739010,0.435219,0.486155,0.435219,0.455360,0.065248,0.548626,0.508841,0.421063,0.637277,0.684931,0.690024,0.500000,0.564781,0.697299,0.032568,0.118014,0.159651,19.504000,0.628700,93.312735,50.000000
without_resource_awareness,medium,3,1003,4.036000,2.440000,3.938000,2.440000,1.498000,0.098000,0.615300,0.603533,0.603533,0.588665,0.828553,0.722923,0.424072,0.481401,0.424072,0.460716,0.069269,0.551654,0.511433,0.411461,0.638724,0.683284,0.691001,0.500000,0.575928,0.696278,0.033086,0.121751,0.163425,19.520000,0.615300,93.802891,50.000000
without_resource_awareness,medium,4,1004,4.006000,2.470000,3.912000,2.470000,1.442000,0.094000,0.629500,0.614800,0.614800,0.599660,0.840768,0.736041,0.433208,0.489067,0.433208,0.462099,0.065990,0.552169,0.526455,0.421853,0.638832,0.686487,0.693337,0.500000,0.566792,0.697606,0.032822,0.123075,0.160657,19.760000,0.629500,92.133629,50.000000
without_resource_awareness,medium,5,1005,3.966000,2.478000,3.898000,2.478000,1.420000,0.068000,0.637367,0.627633,0.627633,0.612232,0.845477,0.727997,0.426731,0.482393,0.426731,0.471157,0.068001,0.560180,0.531316,0.418903,0.640508,0.687014,0.693771,0.500000,0.573269,0.699731,0.032656,0.120857,0.159561,19.824000,0.637367,93.159857,50.000000
without_resource_awareness,medium,6,1006,4.008000,2.426000,3.950000,2.426000,1.524000,0.058000,0.614233,0.604800,0.604800,0.589918,0.811457,0.730782,0.440097,0.491791,0.440097,0.456149,0.067304,0.546071,0.503474,0.432699,0.633801,0.684014,0.684443,0.500000,0.559903,0.690289,0.033158,0.121684,0.163104,19.408000,0.614233,92.862707,50.000000
without_resource_awareness,medium,7,1007,4.076000,2.600000,4.012000,2.600000,1.412000,0.064000,0.645200,0.634867,0.634867,0.619326,0.824984,0.732444,0.422554,0.479927,0.422554,0.476428,0.066889,0.565204,0.563905,0.415756,0.644402,0.687393,0.702783,0.500000,0.577446,0.706265,0.033484,0.121557,0.165026,20.800000,0.645200,94.536632,50.000000
without_resource_awareness,medium,8,1008,4.014000,2.512000,3.920000,2.512000,1.408000,0.094000,0.638900,0.623067,0.623067,0.607738,0.816876,0.730827,0.427755,0.486754,0.427755,0.473726,0.067293,0.560486,0.538123,0.414667,0.640073,0.683615,0.695578,0.500000,0.572245,0.701399,0.032985,0.122319,0.161070,20.096000,0.638900,94.134330,50.000000
without_resource_awareness,medium,9,1009,4.004000,2.572000,3.920000,2.572000,1.348000,0.084000,0.659233,0.644433,0.644433,0.628625,0.828249,0.732788,0.420280,0.482817,0.420280,0.466818,0.066803,0.556132,0.532224,0.410419,0.644366,0.687840,0.701732,0.500000,0.579720,0.704435,0.032774,0.121157,0.161812,20.576000,0.659233,93.722000,50.000000
without_resource_awareness,medium,10,1010,3.996000,2.416000,3.928000,2.416000,1.512000,0.068000,0.613333,0.604333,0.604333,0.589666,0.844178,0.736962,0.444782,0.492841,0.444782,0.453549,0.065760,0.545966,0.500434,0.435940,0.631130,0.683290,0.678807,0.500000,0.555218,0.687667,0.032485,0.119150,0.159720,19.328000,0.613333,92.868255,50.000000
without_resource_awareness,medium,11,1011,4.014000,2.552000,3.970000,2.552000,1.418000,0.044000,0.638567,0.632300,0.632300,0.616642,0.846183,0.732094,0.430668,0.481862,0.430668,0.452201,0.066977,0.545298,0.503240,0.425164,0.638434,0.684083,0.692946,0.500000,0.569332,0.697207,0.033558,0.122302,0.164383,20.416000,0.638567,93.917473,50.000000
without_resource_awareness,medium,12,1012,4.016000,2.574000,3.964000,2.574000,1.390000,0.052000,0.650600,0.641100,0.641100,0.625263,0.860540,0.729973,0.423304,0.477213,0.423304,0.465936,0.067507,0.555372,0.527412,0.416791,0.642179,0.686261,0.698103,0.500000,0.576696,0.701808,0.033252,0.121523,0.163480,20.592000,0.650600,93.688229,50.000000
without_resource_awareness,medium,13,1013,3.894000,2.376000,3.786000,2.376000,1.410000,0.108000,0.624700,0.611067,0.611067,0.596118,0.845021,0.744169,0.432907,0.489777,0.432907,0.455225,0.063958,0.550455,0.533362,0.419267,0.637208,0.684572,0.688924,0.500000,0.567093,0.696638,0.031900,0.116459,0.155575,19.008000,0.624700,92.067409,50.000000
without_resource_awareness,medium,14,1014,4.090000,2.600000,4.008000,2.600000,1.408000,0.082000,0.649000,0.636967,0.636967,0.621386,0.844029,0.733155,0.418622,0.479387,0.418622,0.465791,0.066711,0.550465,0.509321,0.410168,0.641698,0.686452,0.695899,0.500000,0.581378,0.696857,0.033763,0.123305,0.164348,20.800000,0.649000,95.148603,50.000000
without_resource_awareness,medium,15,1015,3.956000,2.490000,3.882000,2.490000,1.392000,0.074000,0.639100,0.625600,0.625600,0.610382,0.838898,0.732737,0.434152,0.489864,0.434152,0.465773,0.066816,0.558226,0.535811,0.424735,0.639536,0.685087,0.696170,0.500000,0.565848,0.701328,0.032622,0.119016,0.156266,19.920000,0.639100,92.560982,50.000000
without_resource_awareness,medium,16,1016,3.996000,2.470000,3.922000,2.470000,1.452000,0.074000,0.632467,0.621100,0.621100,0.606035,0.824247,0.737726,0.431637,0.490405,0.431637,0.461841,0.065569,0.554704,0.540531,0.422968,0.637146,0.684334,0.688471,0.500000,0.568363,0.695997,0.032849,0.120805,0.158872,19.760000,0.632467,92.821060,50.000000
without_resource_awareness,medium,17,1017,4.066000,2.526000,4.002000,2.526000,1.476000,0.064000,0.630133,0.621500,0.621500,0.606084,0.838170,0.734866,0.422511,0.482155,0.422511,0.458885,0.066284,0.546000,0.508219,0.415559,0.640982,0.685437,0.695598,0.500000,0.577489,0.698547,0.033543,0.124134,0.164410,20.208000,0.630133,95.243839,50.000000
without_resource_awareness,medium,18,1018,3.986000,2.486000,3.894000,2.486000,1.408000,0.092000,0.637433,0.623733,0.623733,0.608214,0.834041,0.729435,0.433930,0.485267,0.433930,0.464935,0.067641,0.555858,0.522921,0.423261,0.637891,0.685099,0.691230,0.500000,0.566070,0.697803,0.033230,0.121135,0.161114,19.888000,0.637433,94.257805,50.000000
without_resource_awareness,medium,19,1019,4.014000,2.496000,3.932000,2.496000,1.436000,0.082000,0.636033,0.623867,0.623867,0.608480,0.842633,0.739792,0.429677,0.486911,0.429677,0.455584,0.065052,0.549141,0.527755,0.420039,0.638826,0.685699,0.691658,0.500000,0.570323,0.697590,0.032652,0.121041,0.162515,19.968000,0.636033,92.665857,50.000000
without_resource_awareness,medium,20,1020,3.978000,2.488000,3.908000,2.488000,1.420000,0.070000,0.633467,0.622367,0.622367,0.607171,0.821643,0.727954,0.424049,0.480986,0.424049,0.471074,0.068012,0.559850,0.538607,0.415052,0.641071,0.686799,0.694998,0.500000,0.575951,0.699150,0.032352,0.119426,0.159767,19.904000,0.633467,93.904527,50.000000
without_resource_awareness,medium,21,1021,4.100000,2.564000,4.036000,2.564000,1.472000,0.064000,0.637967,0.627467,0.627467,0.612048,0.822676,0.744712,0.436448,0.489541,0.436448,0.458180,0.063822,0.549011,0.525937,0.428513,0.639296,0.684482,0.697194,0.500000,0.563552,0.701829,0.033899,0.122821,0.166754,20.512000,0.637967,94.277841,50.000000
without_resource_awareness,medium,22,1022,3.980000,2.422000,3.890000,2.422000,1.468000,0.090000,0.623733,0.609833,0.609833,0.595099,0.828172,0.736411,0.434908,0.486920,0.434908,0.463019,0.065897,0.552577,0.520083,0.423473,0.636405,0.685285,0.687983,0.500000,0.565092,0.693885,0.032334,0.116684,0.160000,19.376000,0.623733,92.524458,50.000000
without_resource_awareness,medium,23,1023,3.964000,2.452000,3.834000,2.452000,1.382000,0.130000,0.643600,0.621900,0.621900,0.606684,0.808140,0.736307,0.419339,0.483448,0.419339,0.460644,0.065923,0.552888,0.533259,0.404208,0.642560,0.687332,0.696536,0.500000,0.580661,0.700430,0.032333,0.119557,0.158037,19.616000,0.643600,93.305145,50.000000
without_resource_awareness,medium,24,1024,4.018000,2.496000,3.946000,2.496000,1.450000,0.072000,0.635467,0.623300,0.623300,0.608223,0.841770,0.723093,0.426943,0.482596,0.426943,0.472498,0.069227,0.562890,0.539214,0.418925,0.639196,0.686395,0.690916,0.500000,0.573057,0.696906,0.032703,0.119341,0.158942,19.968000,0.635467,94.108287,50.000000
without_resource_awareness,medium,25,1025,3.948000,2.480000,3.870000,2.480000,1.390000,0.078000,0.640767,0.627567,0.627567,0.612206,0.829614,0.732735,0.419554,0.478231,0.419554,0.463312,0.066816,0.553641,0.533732,0.409920,0.642922,0.686857,0.698080,0.500000,0.580446,0.701553,0.032409,0.119379,0.158472,19.840000,0.640767,92.560843,50.000000
without_resource_awareness,medium,26,1026,4.042000,2.544000,3.950000,2.544000,1.406000,0.092000,0.642467,0.629500,0.629500,0.614109,0.805749,0.732738,0.418171,0.475104,0.418171,0.466296,0.066815,0.553273,0.523763,0.407957,0.641851,0.683605,0.696653,0.500000,0.581829,0.701062,0.033279,0.120895,0.161600,20.352000,0.642467,93.190680,50.000000
without_resource_awareness,medium,27,1027,3.980000,2.448000,3.918000,2.448000,1.470000,0.062000,0.623167,0.612200,0.612200,0.597279,0.839554,0.734412,0.432112,0.487640,0.432112,0.449532,0.066397,0.545390,0.510036,0.425051,0.637899,0.686664,0.689632,0.500000,0.567888,0.695557,0.032448,0.121191,0.158091,19.584000,0.623167,93.269625,50.000000
without_resource_awareness,medium,28,1028,4.016000,2.416000,3.894000,2.416000,1.478000,0.122000,0.625233,0.605233,0.605233,0.590507,0.822913,0.733360,0.430518,0.489352,0.430518,0.464233,0.066660,0.553349,0.526866,0.415897,0.636737,0.684253,0.687837,0.500000,0.569482,0.693401,0.032353,0.117882,0.161011,19.328000,0.625233,92.471030,50.000000
without_resource_awareness,medium,29,1029,4.044000,2.584000,4.002000,2.584000,1.418000,0.042000,0.648867,0.640567,0.640567,0.624802,0.830279,0.720504,0.427644,0.483842,0.427644,0.470742,0.069874,0.556768,0.514839,0.422291,0.637988,0.684937,0.689743,0.500000,0.572356,0.694350,0.033966,0.123009,0.161891,20.672000,0.648867,95.040387,50.000000
without_resource_awareness,medium,30,1030,3.960000,2.496000,3.892000,2.496000,1.396000,0.068000,0.643933,0.632200,0.632200,0.616881,0.840858,0.721396,0.415622,0.473324,0.415622,0.469998,0.069651,0.556145,0.512631,0.407996,0.642224,0.686816,0.695298,0.500000,0.584378,0.697208,0.032433,0.117865,0.157087,19.968000,0.643933,94.879836,50.000000
without_resource_awareness,medium,31,1031,4.012000,2.484000,3.948000,2.484000,1.464000,0.064000,0.629200,0.619333,0.619333,0.604161,0.828305,0.740822,0.435741,0.491266,0.435741,0.450265,0.064795,0.542809,0.493725,0.428255,0.635764,0.682417,0.688383,0.500000,0.564259,0.695118,0.033078,0.122440,0.161206,19.872000,0.629200,94.145363,50.000000
without_resource_awareness,medium,32,1032,4.002000,2.492000,3.928000,2.492000,1.436000,0.074000,0.633867,0.623000,0.623000,0.607853,0.831796,0.740833,0.440157,0.491833,0.440157,0.453129,0.064792,0.545761,0.513644,0.431255,0.636011,0.683837,0.689793,0.500000,0.559843,0.696770,0.032718,0.119109,0.160162,19.936000,0.633867,94.390456,50.000000
without_resource_awareness,medium,33,1033,3.938000,2.318000,3.790000,2.318000,1.472000,0.148000,0.611000,0.591533,0.591533,0.577154,0.820957,0.746701,0.440065,0.492342,0.440065,0.452014,0.063325,0.548302,0.526193,0.421866,0.630489,0.680952,0.677492,0.499000,0.557935,0.687753,0.031752,0.117597,0.155742,18.544000,0.611000,91.963704,50.000000
without_resource_awareness,medium,34,1034,3.998000,2.528000,3.914000,2.528000,1.386000,0.084000,0.648600,0.634967,0.634967,0.619481,0.803873,0.725017,0.423135,0.483425,0.423135,0.480801,0.068746,0.564735,0.545557,0.412362,0.640552,0.686920,0.694334,0.500000,0.576865,0.695803,0.033065,0.120380,0.159413,20.224000,0.648600,94.251729,50.000000
without_resource_awareness,medium,35,1035,3.922000,2.420000,3.856000,2.420000,1.436000,0.066000,0.624300,0.614233,0.614233,0.599150,0.831645,0.727811,0.414328,0.473103,0.414328,0.471094,0.068047,0.554659,0.519908,0.406713,0.640681,0.685110,0.691532,0.500000,0.585672,0.694522,0.032227,0.118985,0.158569,19.360000,0.624300,92.578945,50.000000
without_resource_awareness,medium,36,1036,3.946000,2.336000,3.810000,2.336000,1.474000,0.136000,0.612500,0.592500,0.592500,0.578155,0.852378,0.741202,0.433285,0.489767,0.433285,0.451874,0.064700,0.545275,0.516726,0.415934,0.633895,0.684217,0.681092,0.500000,0.566715,0.688172,0.031686,0.117983,0.154543,18.688000,0.612500,91.087080,50.000000
without_resource_awareness,medium,37,1037,3.988000,2.524000,3.918000,2.524000,1.394000,0.070000,0.642733,0.631567,0.631567,0.615845,0.824711,0.744645,0.426832,0.482856,0.426832,0.463040,0.063839,0.548405,0.509457,0.418399,0.641172,0.687116,0.695883,0.500000,0.573168,0.700825,0.032673,0.120900,0.164410,20.192000,0.642733,92.935718,50.000000
without_resource_awareness,medium,38,1038,4.014000,2.504000,3.942000,2.504000,1.438000,0.072000,0.636567,0.626233,0.626233,0.610946,0.839574,0.734914,0.430915,0.485878,0.430915,0.461246,0.066272,0.553293,0.526090,0.421841,0.640108,0.686663,0.695427,0.500000,0.569085,0.699885,0.033032,0.119836,0.161726,20.032000,0.636567,92.821224,50.000000
without_resource_awareness,medium,39,1039,3.944000,2.486000,3.890000,2.486000,1.404000,0.054000,0.641867,0.632133,0.632133,0.616524,0.844816,0.737741,0.424162,0.480762,0.424162,0.454562,0.065565,0.548358,0.521296,0.417945,0.640357,0.687017,0.693056,0.500000,0.575838,0.697201,0.032619,0.119208,0.161001,19.888000,0.641867,92.991360,50.000000
without_resource_awareness,medium,40,1040,4.038000,2.530000,3.954000,2.530000,1.424000,0.084000,0.639233,0.625833,0.625833,0.610599,0.833498,0.741618,0.432131,0.488640,0.432131,0.455119,0.064595,0.546798,0.512185,0.421800,0.640217,0.684939,0.696770,0.500000,0.567869,0.702839,0.032895,0.122279,0.160630,20.240000,0.639233,94.455405,50.000000
without_resource_awareness,medium,41,1041,4.068000,2.610000,4.002000,2.610000,1.392000,0.066000,0.652767,0.642900,0.642900,0.627216,0.791799,0.734592,0.422322,0.481358,0.422322,0.462533,0.066352,0.551822,0.518034,0.414592,0.644737,0.690157,0.702517,0.500000,0.577678,0.703796,0.033600,0.120674,0.165200,20.880000,0.652767,94.546710,50.000000
without_resource_awareness,medium,42,1042,4.026000,2.604000,3.978000,2.604000,1.374000,0.048000,0.657300,0.649233,0.649233,0.633049,0.852728,0.716600,0.417168,0.471557,0.417168,0.485195,0.070850,0.569056,0.542638,0.411667,0.644767,0.687415,0.702732,0.500000,0.582832,0.703104,0.033352,0.122857,0.165785,20.832000,0.657300,93.325192,50.000000
without_resource_awareness,medium,43,1043,4.038000,2.506000,3.928000,2.506000,1.422000,0.110000,0.634500,0.617800,0.617800,0.602685,0.818292,0.722566,0.422241,0.485592,0.422241,0.466958,0.069358,0.553721,0.513645,0.408586,0.639048,0.684715,0.690504,0.500000,0.577759,0.694664,0.033002,0.120458,0.162055,20.048000,0.634500,93.607139,50.000000
without_resource_awareness,medium,44,1044,3.990000,2.398000,3.894000,2.398000,1.496000,0.096000,0.615233,0.599133,0.599133,0.584755,0.819122,0.736712,0.442301,0.496615,0.442301,0.446169,0.065822,0.540157,0.493209,0.429133,0.633013,0.684519,0.682719,0.500000,0.557699,0.689221,0.032505,0.117632,0.157257,19.184000,0.615233,91.765402,50.000000
without_resource_awareness,medium,45,1045,4.070000,2.508000,4.004000,2.508000,1.496000,0.066000,0.621467,0.612367,0.612367,0.597427,0.832318,0.731503,0.431998,0.485911,0.431998,0.459819,0.067124,0.551001,0.525727,0.424760,0.636389,0.683734,0.688540,0.500000,0.568002,0.692723,0.033950,0.120469,0.163509,20.064000,0.621467,93.146393,50.000000
without_resource_awareness,medium,46,1046,4.042000,2.528000,3.974000,2.528000,1.446000,0.068000,0.633967,0.622600,0.622600,0.607192,0.818808,0.739132,0.418208,0.475356,0.418208,0.455748,0.065217,0.545283,0.497790,0.410017,0.643153,0.685419,0.699189,0.500000,0.581792,0.702509,0.033415,0.123447,0.165180,20.224000,0.633967,95.664366,50.000000
without_resource_awareness,medium,47,1047,4.056000,2.470000,3.960000,2.470000,1.490000,0.096000,0.621567,0.606800,0.606800,0.591946,0.812662,0.742737,0.433187,0.489026,0.433187,0.456916,0.064316,0.546747,0.510268,0.421955,0.636507,0.685098,0.687357,0.500000,0.566813,0.693921,0.033186,0.123246,0.161372,19.760000,0.621567,92.922571,50.000000
without_resource_awareness,medium,48,1048,4.022000,2.544000,3.938000,2.544000,1.394000,0.084000,0.646933,0.633933,0.633933,0.618350,0.843689,0.740149,0.427807,0.483627,0.427807,0.469062,0.064963,0.559493,0.553040,0.418310,0.640337,0.685173,0.695114,0.500000,0.572193,0.701056,0.033267,0.121699,0.162731,20.352000,0.646933,94.708057,50.000000
without_resource_awareness,medium,49,1049,4.002000,2.486000,3.914000,2.486000,1.428000,0.088000,0.635833,0.621167,0.621167,0.606122,0.834082,0.727326,0.429110,0.486083,0.429110,0.464457,0.068169,0.559026,0.546365,0.418468,0.639138,0.684993,0.693153,0.500000,0.570890,0.698081,0.032647,0.118571,0.159799,19.888000,0.635833,93.278241,50.000000
without_social_graph_adaptation,extreme,0,1000,10.510000,6.156000,9.482000,6.156000,3.326000,0.950000,0.645674,0.584448,0.588229,0.563881,0.923006,0.688484,0.525949,0.581057,0.525949,0.451286,0.077879,0.571806,0.578362,0.469058,0.713245,0.694116,0.690850,0.977683,0.474051,0.749742,0.095765,0.464647,0.620240,49.248000,0.645674,97.288776,49.236000
without_social_graph_adaptation,extreme,1,1001,10.472000,5.874000,9.158000,5.874000,3.284000,1.242000,0.642024,0.561534,0.565315,0.542563,0.921428,0.698839,0.527438,0.587186,0.527438,0.432901,0.075290,0.559237,0.567101,0.455651,0.710564,0.696023,0.681494,0.978030,0.472562,0.744096,0.091872,0.442006,0.590894,46.992000,0.642024,96.580692,49.506000
without_social_graph_adaptation,extreme,2,1002,10.486000,6.006000,9.222000,6.006000,3.216000,1.178000,0.651802,0.573139,0.577731,0.553638,0.928401,0.688862,0.520380,0.583700,0.520380,0.447207,0.077785,0.568729,0.578689,0.451487,0.714596,0.697945,0.687909,0.977995,0.479620,0.749508,0.091973,0.445240,0.598080,48.048000,0.651802,95.706899,49.202000
without_social_graph_adaptation,extreme,3,1003,10.408000,6.006000,9.268000,6.006000,3.262000,1.038000,0.645874,0.576485,0.582127,0.556415,0.915867,0.687281,0.529549,0.585712,0.529549,0.446677,0.078180,0.570476,0.580781,0.466093,0.712883,0.694999,0.689702,0.977661,0.470451,0.751253,0.094039,0.452817,0.607500,48.048000,0.645874,96.863705,49.142000
without_social_graph_adaptation,extreme,4,1004,10.464000,6.070000,9.364000,6.070000,3.294000,1.012000,0.647033,0.579368,0.584241,0.559072,0.921884,0.679870,0.518369,0.581369,0.518369,0.453818,0.080033,0.571853,0.566378,0.459081,0.715052,0.694671,0.691885,0.977626,0.481631,0.750759,0.094740,0.459284,0.614923,48.560000,0.647033,97.237487,48.890000
without_social_graph_adaptation,extreme,5,1005,10.424000,6.162000,9.332000,6.162000,3.170000,1.028000,0.659904,0.591096,0.594565,0.570549,0.928132,0.701100,0.530482,0.588092,0.530482,0.449864,0.074725,0.567301,0.568996,0.469123,0.714846,0.698669,0.693185,0.977849,0.469518,0.753014,0.094498,0.453412,0.605266,49.296000,0.659904,96.266856,49.530000
without_social_graph_adaptation,extreme,6,1006,10.486000,6.112000,9.404000,6.112000,3.292000,1.008000,0.647622,0.581694,0.585894,0.561523,0.924496,0.688887,0.526229,0.584583,0.526229,0.450812,0.077778,0.569686,0.574248,0.465857,0.712204,0.693303,0.688097,0.977975,0.473771,0.748512,0.094706,0.454228,0.606789,48.896000,0.647622,96.514781,49.316000
without_social_graph_adaptation,extreme,7,1007,10.508000,6.144000,9.354000,6.144000,3.210000,1.050000,0.656703,0.584363,0.590598,0.564125,0.918279,0.692070,0.517185,0.580776,0.517185,0.448178,0.076982,0.565460,0.563823,0.456193,0.715165,0.697326,0.689563,0.977756,0.482815,0.748792,0.094165,0.458004,0.608714,49.152000,0.656703,96.071526,49.262000
without_social_graph_adaptation,extreme,8,1008,10.462000,5.918000,9.240000,5.918000,3.322000,1.146000,0.639707,0.564680,0.568764,0.545333,0.922474,0.691147,0.515159,0.580604,0.515159,0.442091,0.077213,0.558149,0.541919,0.448528,0.713101,0.695759,0.683910,0.977823,0.484841,0.744467,0.092911,0.450297,0.599683,47.344000,0.639707,96.342588,49.264000
without_social_graph_adaptation,extreme,9,1009,10.436000,6.050000,9.184000,6.050000,3.134000,1.168000,0.658312,0.579794,0.584552,0.560029,0.931461,0.688864,0.524841,0.586502,0.524841,0.446361,0.077784,0.568343,0.578477,0.455511,0.715278,0.698700,0.691587,0.977963,0.475159,0.751933,0.092374,0.447474,0.590785,48.400000,0.658312,97.127393,49.296000
without_social_graph_adaptation,extreme,10,1010,10.504000,6.304000,9.564000,6.304000,3.260000,0.856000,0.659222,0.599973,0.604868,0.578804,0.930120,0.693493,0.527626,0.585330,0.527626,0.444097,0.076627,0.564723,0.561036,0.476223,0.714343,0.695916,0.692731,0.977753,0.472374,0.752433,0.097222,0.467071,0.622531,50.432000,0.659222,96.682795,49.226000
without_social_graph_adaptation,extreme,11,1011,10.572000,6.338000,9.790000,6.338000,3.452000,0.696000,0.646372,0.599081,0.603925,0.577570,0.934986,0.702976,0.533272,0.584052,0.533272,0.430639,0.074256,0.553341,0.532653,0.489510,0.712616,0.695022,0.690772,0.977706,0.466728,0.751866,0.098664,0.480925,0.637569,50.704000,0.646372,96.339871,49.510000
without_social_graph_adaptation,extreme,12,1012,10.574000,6.090000,9.342000,6.090000,3.252000,1.136000,0.652517,0.577002,0.582034,0.557203,0.925780,0.686580,0.528026,0.587181,0.528026,0.447401,0.078355,0.561861,0.542624,0.460422,0.712386,0.696675,0.687833,0.977829,0.471974,0.746277,0.093856,0.456855,0.604548,48.720000,0.652517,97.563267,49.120000
without_social_graph_adaptation,extreme,13,1013,10.420000,5.902000,9.168000,5.902000,3.266000,1.164000,0.645963,0.566630,0.571251,0.547191,0.929578,0.684361,0.518202,0.580890,0.518202,0.452741,0.078910,0.570340,0.575048,0.448466,0.713527,0.697455,0.684474,0.977738,0.481798,0.746566,0.092318,0.445839,0.599813,47.216000,0.645963,96.553809,49.350000
without_social_graph_adaptation,extreme,14,1014,10.580000,5.936000,9.338000,5.936000,3.402000,1.146000,0.635266,0.562067,0.567152,0.542694,0.912980,0.696992,0.519720,0.581704,0.519720,0.444605,0.075752,0.559941,0.547743,0.452643,0.712403,0.695889,0.684626,0.977730,0.480280,0.743756,0.094713,0.458206,0.606924,47.488000,0.635266,96.145637,49.136000
without_social_graph_adaptation,extreme,15,1015,10.516000,6.174000,9.480000,6.174000,3.306000,0.946000,0.653385,0.587218,0.592341,0.566801,0.922043,0.693508,0.522391,0.583094,0.522391,0.442809,0.076623,0.564756,0.564451,0.465276,0.715861,0.697283,0.694223,0.977844,0.477609,0.751947,0.095515,0.462157,0.612775,49.392000,0.653385,96.533697,49.082000
without_social_graph_adaptation,extreme,16,1016,10.438000,6.206000,9.342000,6.206000,3.136000,1.026000,0.663382,0.594246,0.598331,0.573760,0.934455,0.685415,0.522427,0.583321,0.522427,0.466230,0.078646,0.578854,0.585342,0.461231,0.717574,0.698501,0.697017,0.977980,0.477573,0.756366,0.094090,0.451428,0.603407,49.648000,0.663382,95.884785,49.352000
without_social_graph_adaptation,extreme,17,1017,10.418000,6.080000,9.424000,6.080000,3.344000,0.904000,0.643533,0.582996,0.588369,0.562633,0.917467,0.684441,0.516438,0.578442,0.516438,0.448333,0.078890,0.567105,0.565562,0.462009,0.715362,0.697943,0.690204,0.977842,0.483562,0.747258,0.094461,0.462533,0.608664,48.640000,0.643533,96.435374,49.212000
without_social_graph_adaptation,extreme,18,1018,10.540000,6.162000,9.504000,6.162000,3.342000,0.988000,0.646883,0.584978,0.587667,0.564680,0.922141,0.694901,0.533604,0.586066,0.533604,0.440625,0.076275,0.563049,0.555342,0.475162,0.713682,0.698727,0.690887,0.977942,0.466396,0.752024,0.095383,0.461344,0.613508,49.296000,0.646883,97.032082,49.496000
without_social_graph_adaptation,extreme,19,1019,10.492000,6.098000,9.418000,6.098000,3.320000,1.022000,0.649351,0.581751,0.584385,0.561504,0.920874,0.699923,0.526655,0.584430,0.526655,0.430923,0.075019,0.556862,0.552218,0.467325,0.713417,0.697626,0.688351,0.977802,0.473345,0.748845,0.094859,0.456280,0.615103,48.784000,0.649351,95.984901,49.476000
without_social_graph_adaptation,extreme,20,1020,10.512000,6.142000,9.332000,6.142000,3.190000,1.094000,0.657258,0.584253,0.588522,0.564052,0.928433,0.690632,0.513270,0.579526,0.513270,0.453933,0.077342,0.566254,0.551018,0.450045,0.716593,0.696935,0.692674,0.977787,0.486730,0.749919,0.093758,0.455127,0.608601,49.136000,0.657258,97.127888,49.168000
without_social_graph_adaptation,extreme,21,1021,10.458000,5.930000,9.306000,5.930000,3.376000,1.064000,0.634342,0.565834,0.570506,0.546018,0.920497,0.693341,0.530991,0.588265,0.530991,0.439522,0.076665,0.559006,0.545344,0.467511,0.708349,0.692729,0.679842,0.977551,0.469009,0.742529,0.094179,0.459993,0.610902,47.440000,0.634342,96.488135,49.352000
without_social_graph_adaptation,extreme,22,1022,10.458000,5.960000,9.326000,5.960000,3.366000,1.036000,0.637823,0.568980,0.574496,0.549272,0.913908,0.686400,0.515357,0.582251,0.515357,0.445304,0.078400,0.561693,0.543835,0.454672,0.712330,0.692377,0.685275,0.977860,0.484643,0.743814,0.094144,0.451392,0.607495,47.680000,0.637823,96.114431,49.140000
without_social_graph_adaptation,extreme,23,1023,10.444000,5.960000,9.160000,5.960000,3.200000,1.200000,0.651658,0.570575,0.574881,0.551179,0.927829,0.689025,0.518825,0.583588,0.518825,0.452119,0.077744,0.568936,0.569404,0.449800,0.714625,0.697295,0.689260,0.977899,0.481175,0.747502,0.091746,0.443138,0.596165,47.680000,0.651658,96.462683,49.332000
without_social_graph_adaptation,extreme,24,1024,10.424000,5.760000,9.142000,5.760000,3.382000,1.224000,0.629485,0.551817,0.555218,0.533029,0.914971,0.688513,0.521006,0.585400,0.521006,0.443556,0.077872,0.560450,0.536318,0.450259,0.711666,0.696597,0.681586,0.977803,0.478994,0.743422,0.092396,0.445390,0.593611,46.080000,0.629485,97.086587,49.334000
without_social_graph_adaptation,extreme,25,1025,10.420000,5.922000,9.120000,5.922000,3.198000,1.186000,0.650285,0.567440,0.573673,0.548104,0.920600,0.690122,0.521183,0.580573,0.521183,0.447053,0.077469,0.565455,0.564978,0.448764,0.714280,0.697090,0.688244,0.977782,0.478817,0.749608,0.091819,0.441747,0.596336,47.376000,0.650285,96.669151,49.204000
without_social_graph_adaptation,extreme,26,1026,10.550000,5.974000,9.294000,5.974000,3.320000,1.200000,0.640955,0.567445,0.570276,0.547730,0.923152,0.686863,0.522554,0.583869,0.522554,0.443959,0.078284,0.561968,0.550104,0.454151,0.713435,0.694228,0.689563,0.977613,0.477446,0.749086,0.093800,0.460979,0.605730,47.792000,0.640955,97.183522,49.338000
without_social_graph_adaptation,extreme,27,1027,10.516000,6.196000,9.626000,6.196000,3.430000,0.814000,0.642214,0.589442,0.593622,0.568611,0.924269,0.701513,0.531465,0.585238,0.531465,0.438392,0.074622,0.556564,0.540796,0.481634,0.711592,0.696322,0.686501,0.977884,0.468535,0.747264,0.096283,0.468846,0.623321,49.568000,0.642214,95.857847,49.334000
without_social_graph_adaptation,extreme,28,1028,10.540000,5.932000,9.166000,5.932000,3.234000,1.316000,0.648364,0.563019,0.566025,0.543979,0.924443,0.697846,0.525172,0.585006,0.525172,0.437373,0.075538,0.556379,0.547916,0.450390,0.712737,0.697037,0.686005,0.977873,0.474828,0.747316,0.092628,0.446539,0.593019,47.456000,0.648364,96.204606,49.284000
without_social_graph_adaptation,extreme,29,1029,10.404000,5.986000,9.272000,5.986000,3.286000,1.088000,0.645075,0.575973,0.578425,0.556108,0.929723,0.707330,0.535260,0.591663,0.535260,0.428351,0.073167,0.551749,0.535433,0.470715,0.711309,0.697487,0.684923,0.977888,0.464740,0.749515,0.093075,0.452457,0.597120,47.888000,0.645075,96.469148,49.702000
without_social_graph_adaptation,extreme,30,1030,10.532000,5.888000,9.060000,5.888000,3.172000,1.402000,0.650994,0.559728,0.563653,0.540756,0.935701,0.702187,0.526181,0.585906,0.526181,0.440712,0.074453,0.562654,0.560962,0.445928,0.711651,0.698574,0.682476,0.977783,0.473819,0.744044,0.092196,0.441309,0.592831,47.104000,0.650994,95.943226,49.488000
without_social_graph_adaptation,extreme,31,1031,10.420000,6.328000,9.618000,6.328000,3.290000,0.716000,0.658169,0.606871,0.611766,0.585218,0.930573,0.694808,0.529020,0.579533,0.529020,0.444597,0.076298,0.563766,0.554901,0.483060,0.715136,0.694346,0.696571,0.977791,0.470980,0.756041,0.097548,0.468886,0.627401,50.624000,0.658169,96.760617,49.274000
without_social_graph_adaptation,extreme,32,1032,10.530000,6.308000,9.636000,6.308000,3.328000,0.820000,0.654281,0.599737,0.603820,0.578582,0.925002,0.694707,0.521808,0.579719,0.521808,0.447202,0.076323,0.567301,0.568502,0.473799,0.716691,0.696698,0.695684,0.977884,0.478192,0.755326,0.097252,0.466394,0.625931,50.464000,0.654281,96.629688,49.448000
without_social_graph_adaptation,extreme,33,1033,10.562000,5.700000,8.954000,5.700000,3.254000,1.510000,0.634914,0.538145,0.543427,0.520209,0.915316,0.687904,0.517803,0.585040,0.517803,0.441864,0.078024,0.561709,0.544820,0.431440,0.710862,0.696018,0.679257,0.977742,0.482197,0.739527,0.090784,0.436635,0.583663,45.600000,0.634914,96.356249,49.034000
without_social_graph_adaptation,extreme,34,1034,10.518000,5.820000,9.320000,5.820000,3.500000,1.126000,0.624663,0.553727,0.557356,0.534672,0.930507,0.682031,0.522914,0.581885,0.522914,0.453011,0.079492,0.568159,0.554368,0.457418,0.707827,0.693714,0.674492,0.977793,0.477086,0.736572,0.093902,0.452684,0.607336,46.560000,0.624663,96.471483,49.280000
without_social_graph_adaptation,extreme,35,1035,10.510000,6.156000,9.326000,6.156000,3.170000,1.142000,0.660058,0.585419,0.587505,0.565291,0.917016,0.696919,0.516033,0.581577,0.516033,0.444284,0.075770,0.556665,0.533874,0.451539,0.716361,0.697779,0.692987,0.977862,0.483967,0.749387,0.094304,0.454142,0.603550,49.248000,0.660058,96.466219,49.514000
without_social_graph_adaptation,extreme,36,1036,10.492000,5.898000,9.182000,5.898000,3.284000,1.244000,0.644322,0.562731,0.566051,0.543545,0.915714,0.686053,0.513448,0.582478,0.513448,0.455826,0.078487,0.571299,0.577903,0.442666,0.714177,0.694228,0.687811,0.977707,0.486552,0.746674,0.092584,0.448662,0.598127,47.184000,0.644322,96.363588,49.158000
without_social_graph_adaptation,extreme,37,1037,10.544000,6.294000,9.656000,6.294000,3.362000,0.854000,0.652833,0.598213,0.600329,0.577244,0.922126,0.700189,0.521569,0.582224,0.521569,0.434819,0.074953,0.555888,0.537218,0.474099,0.715291,0.699619,0.689904,0.978026,0.478431,0.749387,0.097266,0.466488,0.620418,50.352000,0.652833,96.696578,49.488000
without_social_graph_adaptation,extreme,38,1038,10.508000,6.184000,9.450000,6.184000,3.266000,0.960000,0.656027,0.589253,0.594413,0.568581,0.924642,0.681340,0.529009,0.583953,0.529009,0.445667,0.079665,0.565270,0.553945,0.470127,0.712821,0.695175,0.690073,0.977665,0.470991,0.749549,0.095036,0.464036,0.619678,49.472000,0.656027,96.837811,49.188000
without_social_graph_adaptation,extreme,39,1039,10.554000,6.324000,9.562000,6.324000,3.238000,0.904000,0.659196,0.598009,0.602767,0.576939,0.932084,0.687137,0.523595,0.579062,0.523595,0.449586,0.078216,0.567810,0.567109,0.470031,0.716694,0.696491,0.697833,0.977717,0.476405,0.754780,0.096661,0.468526,0.623929,50.592000,0.659196,96.733499,49.266000
without_social_graph_adaptation,extreme,40,1040,10.544000,5.886000,9.324000,5.886000,3.438000,1.148000,0.633694,0.558684,0.562333,0.539400,0.926822,0.695550,0.521376,0.582456,0.521376,0.438049,0.076113,0.557266,0.542899,0.454348,0.711296,0.694455,0.682900,0.977611,0.478624,0.743583,0.094444,0.463749,0.605006,47.088000,0.633694,97.195888,49.396000
without_social_graph_adaptation,extreme,41,1041,10.492000,6.116000,9.510000,6.116000,3.394000,0.886000,0.644381,0.583077,0.588741,0.562602,0.920415,0.684649,0.521244,0.579729,0.521244,0.443955,0.078838,0.564815,0.558997,0.469079,0.712865,0.695358,0.686651,0.977659,0.478756,0.746308,0.096084,0.464840,0.623593,48.928000,0.644381,97.052827,49.244000
without_social_graph_adaptation,extreme,42,1042,10.594000,6.136000,9.492000,6.136000,3.356000,1.014000,0.645754,0.578667,0.583140,0.558497,0.932569,0.696803,0.525973,0.586282,0.525973,0.434667,0.075799,0.560404,0.550680,0.466436,0.712315,0.694703,0.687236,0.977736,0.474027,0.747978,0.096048,0.461785,0.624585,49.088000,0.645754,96.598684,49.076000
without_social_graph_adaptation,extreme,43,1043,10.446000,5.910000,9.180000,5.910000,3.270000,1.174000,0.644936,0.565927,0.570409,0.546537,0.923243,0.687143,0.508939,0.576090,0.508939,0.449118,0.078214,0.562872,0.538975,0.440948,0.716271,0.695932,0.690338,0.977691,0.491061,0.748539,0.092567,0.451937,0.598894,47.280000,0.644936,96.820663,49.156000
without_social_graph_adaptation,extreme,44,1044,10.582000,6.140000,9.600000,6.140000,3.460000,0.886000,0.637448,0.579778,0.584607,0.559395,0.932884,0.692647,0.522374,0.579324,0.522374,0.445677,0.076838,0.563145,0.543547,0.468810,0.712348,0.695288,0.686170,0.977820,0.477626,0.744933,0.097297,0.468389,0.622760,49.120000,0.637448,96.725409,49.280000
without_social_graph_adaptation,extreme,45,1045,10.500000,6.194000,9.444000,6.194000,3.250000,1.010000,0.655257,0.591197,0.593718,0.570671,0.923524,0.704899,0.533010,0.590562,0.533010,0.429222,0.073775,0.558486,0.571105,0.475240,0.714817,0.699322,0.692250,0.977940,0.466990,0.755435,0.095039,0.457488,0.609948,49.552000,0.655257,95.949969,49.610000
without_social_graph_adaptation,extreme,46,1046,10.488000,5.900000,9.098000,5.900000,3.198000,1.302000,0.648418,0.562318,0.566459,0.543301,0.926991,0.704592,0.530573,0.591537,0.530573,0.438285,0.073852,0.558630,0.560970,0.452735,0.711714,0.696661,0.685230,0.977889,0.469427,0.748224,0.091183,0.439663,0.593115,47.200000,0.648418,96.467464,49.360000
without_social_graph_adaptation,extreme,47,1047,10.414000,6.074000,9.406000,6.074000,3.332000,0.932000,0.644931,0.582177,0.586526,0.561864,0.930615,0.696018,0.520015,0.582488,0.520015,0.440384,0.075996,0.563779,0.567441,0.464042,0.715079,0.695606,0.690722,0.977840,0.479985,0.752345,0.094935,0.457831,0.611324,48.592000,0.644931,96.014120,49.340000
without_social_graph_adaptation,extreme,48,1048,10.516000,5.928000,9.298000,5.928000,3.370000,1.136000,0.636532,0.564090,0.568231,0.544627,0.926319,0.693723,0.523752,0.581880,0.523752,0.448279,0.076569,0.563113,0.548027,0.456088,0.711776,0.695463,0.684469,0.977764,0.476248,0.744915,0.093367,0.452205,0.608226,47.424000,0.636532,96.341067,49.374000
without_social_graph_adaptation,extreme,49,1049,10.596000,6.044000,9.388000,6.044000,3.344000,1.126000,0.642448,0.571007,0.575121,0.551245,0.924099,0.690006,0.514626,0.574894,0.514626,0.440190,0.077499,0.559026,0.541319,0.449685,0.717162,0.695600,0.695268,0.977757,0.485374,0.753482,0.094684,0.460464,0.609623,48.352000,0.642448,96.467866,49.204000
without_social_graph_adaptation,high,0,1000,7.064000,4.930000,6.698000,4.930000,1.768000,0.366000,0.735521,0.697119,0.697119,0.676345,0.869737,0.701404,0.471840,0.540969,0.471840,0.480831,0.074649,0.584093,0.611679,0.444149,0.755466,0.751017,0.735951,0.981884,0.528160,0.789789,0.062046,0.262581,0.349593,39.440000,0.735521,95.622033,50.000000
without_social_graph_adaptation,high,1,1001,6.998000,4.844000,6.610000,4.844000,1.766000,0.388000,0.730269,0.690464,0.690464,0.669943,0.853030,0.704025,0.462912,0.537106,0.462912,0.488477,0.073994,0.581590,0.596456,0.432981,0.756792,0.749954,0.736141,0.981845,0.537088,0.790374,0.060823,0.259414,0.346947,38.752000,0.730269,96.792324,49.992000
without_social_graph_adaptation,high,2,1002,6.962000,4.840000,6.574000,4.840000,1.734000,0.388000,0.735883,0.696298,0.696298,0.675713,0.862833,0.707398,0.463428,0.536383,0.463428,0.472136,0.073150,0.574104,0.583973,0.435156,0.756272,0.750122,0.735082,0.981940,0.536572,0.788808,0.060445,0.256063,0.342881,38.720000,0.735883,96.551903,50.000000
without_social_graph_adaptation,high,3,1003,7.018000,4.844000,6.696000,4.844000,1.852000,0.322000,0.722693,0.689548,0.689548,0.668811,0.870397,0.701037,0.466500,0.536107,0.466500,0.482726,0.074741,0.583227,0.602280,0.442166,0.755045,0.750114,0.732432,0.981803,0.533500,0.788200,0.061815,0.264936,0.350264,38.752000,0.722693,96.274156,49.998000
without_social_graph_adaptation,high,4,1004,7.000000,4.926000,6.722000,4.926000,1.796000,0.278000,0.730026,0.702667,0.702667,0.681653,0.891887,0.695201,0.470461,0.535692,0.470461,0.491048,0.076200,0.590351,0.613979,0.449396,0.755582,0.751291,0.734531,0.981983,0.529539,0.790446,0.062653,0.262329,0.346379,39.408000,0.730026,97.250844,50.000000
without_social_graph_adaptation,high,5,1005,7.028000,4.872000,6.698000,4.872000,1.826000,0.330000,0.726943,0.692488,0.692488,0.671822,0.860309,0.699000,0.470803,0.542393,0.470803,0.490953,0.075250,0.591993,0.622981,0.444392,0.754156,0.750322,0.731908,0.981876,0.529197,0.787445,0.061845,0.262984,0.348768,38.976000,0.726943,96.409878,50.000000
without_social_graph_adaptation,high,6,1006,7.034000,4.798000,6.724000,4.798000,1.926000,0.308000,0.717721,0.683274,0.683464,0.662744,0.877322,0.698249,0.477256,0.545712,0.477256,0.476557,0.075438,0.581904,0.610264,0.452786,0.750212,0.747927,0.725738,0.981774,0.522744,0.782561,0.062138,0.264237,0.355019,38.384000,0.717721,97.245271,49.992000
without_social_graph_adaptation,high,7,1007,7.006000,4.816000,6.662000,4.816000,1.846000,0.342000,0.724274,0.687190,0.687457,0.666724,0.865188,0.708952,0.476476,0.545795,0.476476,0.467594,0.072762,0.574228,0.586465,0.449982,0.752023,0.749733,0.728176,0.981869,0.523524,0.786289,0.061299,0.261704,0.347994,38.528000,0.724274,95.945405,49.998000
without_social_graph_adaptation,high,8,1008,6.978000,4.758000,6.586000,4.758000,1.828000,0.392000,0.721538,0.682310,0.682310,0.661861,0.871524,0.701037,0.465056,0.540117,0.465056,0.479078,0.074741,0.578636,0.583926,0.435646,0.753839,0.749686,0.730155,0.981746,0.534944,0.783326,0.060889,0.260132,0.346055,38.064000,0.721538,95.954830,50.000000
without_social_graph_adaptation,high,9,1009,7.022000,4.868000,6.632000,4.868000,1.764000,0.390000,0.733114,0.692738,0.692738,0.672136,0.865579,0.697453,0.467606,0.532355,0.467606,0.482493,0.075637,0.586927,0.613116,0.437425,0.757933,0.751298,0.739339,0.981811,0.532394,0.795444,0.061004,0.261208,0.347184,38.944000,0.733114,96.503131,50.000000
without_social_graph_adaptation,high,10,1010,7.012000,4.966000,6.822000,4.966000,1.856000,0.190000,0.729371,0.708440,0.708440,0.686898,0.893062,0.684548,0.464606,0.531506,0.464606,0.499916,0.078863,0.596265,0.606293,0.449675,0.758734,0.753182,0.739561,0.981860,0.535394,0.793763,0.062868,0.266575,0.356553,39.728000,0.729371,96.100913,50.000000
without_social_graph_adaptation,high,11,1011,7.022000,4.888000,6.826000,4.888000,1.938000,0.196000,0.713471,0.694655,0.694655,0.673580,0.884815,0.703680,0.474908,0.536931,0.474908,0.482307,0.074080,0.583969,0.607083,0.459781,0.752885,0.750241,0.729702,0.981892,0.525092,0.786987,0.062691,0.267321,0.355229,39.104000,0.713471,96.779192,50.000000
without_social_graph_adaptation,high,12,1012,6.958000,4.740000,6.630000,4.740000,1.890000,0.328000,0.713895,0.679714,0.679714,0.659227,0.864706,0.706432,0.474501,0.542083,0.474501,0.474911,0.073392,0.577379,0.590180,0.448656,0.751718,0.749073,0.728019,0.981691,0.525499,0.783970,0.061590,0.261294,0.350840,37.920000,0.713895,96.647063,50.000000
without_social_graph_adaptation,high,13,1013,6.978000,4.820000,6.650000,4.820000,1.830000,0.328000,0.725157,0.690762,0.690762,0.670173,0.865061,0.702203,0.462574,0.531565,0.462574,0.480752,0.074449,0.577055,0.574664,0.437660,0.754313,0.748954,0.729624,0.981900,0.537426,0.785460,0.061201,0.258956,0.348289,38.560000,0.725157,95.945064,50.000000
without_social_graph_adaptation,high,14,1014,6.940000,4.746000,6.488000,4.746000,1.742000,0.452000,0.732236,0.683298,0.683298,0.663049,0.843362,0.709736,0.475058,0.545279,0.475058,0.471406,0.072566,0.575788,0.596024,0.439693,0.754061,0.749226,0.734789,0.981746,0.524942,0.789247,0.059964,0.256128,0.340544,37.968000,0.732236,95.992658,50.000000
without_social_graph_adaptation,high,15,1015,7.010000,4.808000,6.682000,4.808000,1.874000,0.328000,0.717769,0.684988,0.684988,0.664346,0.871175,0.693278,0.464481,0.539879,0.464481,0.478711,0.076681,0.582482,0.604227,0.439903,0.753917,0.746743,0.731331,0.981767,0.535519,0.786540,0.062076,0.262043,0.352938,38.464000,0.717769,97.469948,49.998000
without_social_graph_adaptation,high,16,1016,6.986000,4.702000,6.612000,4.702000,1.910000,0.374000,0.711152,0.673619,0.673619,0.653564,0.881341,0.702235,0.476263,0.545124,0.476263,0.481683,0.074441,0.583447,0.610331,0.446527,0.749205,0.749800,0.721206,0.981862,0.523737,0.778358,0.061001,0.258837,0.344936,37.616000,0.711152,96.758992,50.000000
without_social_graph_adaptation,high,17,1017,6.964000,4.764000,6.676000,4.764000,1.912000,0.288000,0.713802,0.683940,0.683940,0.663332,0.866506,0.705613,0.475724,0.541907,0.475724,0.475705,0.073597,0.576713,0.587030,0.453062,0.749218,0.747963,0.723363,0.981757,0.524276,0.778184,0.062064,0.264905,0.348832,38.112000,0.713802,96.246194,50.000000
without_social_graph_adaptation,high,18,1018,7.030000,4.942000,6.696000,4.942000,1.754000,0.334000,0.739769,0.702536,0.702536,0.681540,0.879026,0.708308,0.476077,0.539447,0.476077,0.478587,0.072923,0.579326,0.597541,0.450289,0.755353,0.752819,0.735359,0.981874,0.523923,0.791142,0.061567,0.260686,0.352798,39.536000,0.739769,96.490194,50.000000
without_social_graph_adaptation,high,19,1019,7.004000,4.908000,6.696000,4.908000,1.788000,0.304000,0.733350,0.700702,0.701076,0.679704,0.898829,0.706796,0.465781,0.531430,0.465781,0.480963,0.073301,0.581312,0.604572,0.442327,0.758761,0.753925,0.739194,0.981890,0.534219,0.794323,0.061827,0.261488,0.350837,39.264000,0.733350,96.157322,49.986000
without_social_graph_adaptation,high,20,1020,6.974000,4.788000,6.602000,4.788000,1.814000,0.372000,0.725964,0.685869,0.685869,0.665385,0.872718,0.707347,0.471327,0.536777,0.471327,0.476739,0.073163,0.574928,0.581920,0.443000,0.752821,0.750980,0.728017,0.981770,0.528673,0.784159,0.060796,0.258801,0.348285,38.304000,0.725964,95.898287,50.000000
without_social_graph_adaptation,high,21,1021,6.976000,4.934000,6.718000,4.934000,1.784000,0.258000,0.735874,0.709333,0.709333,0.687582,0.876415,0.696308,0.459628,0.531591,0.459628,0.489205,0.075923,0.588426,0.615222,0.439970,0.759213,0.751310,0.740607,0.981568,0.540372,0.793680,0.062166,0.267646,0.357210,39.472000,0.735874,96.399290,50.000000
without_social_graph_adaptation,high,22,1022,6.970000,5.022000,6.688000,5.022000,1.666000,0.282000,0.750745,0.719714,0.719714,0.698012,0.874146,0.697849,0.461044,0.530740,0.461044,0.484072,0.075538,0.587507,0.618691,0.439270,0.763132,0.754248,0.750572,0.981823,0.538956,0.800169,0.061532,0.262849,0.350482,40.176000,0.750745,96.789882,50.000000
without_social_graph_adaptation,high,23,1023,7.028000,4.774000,6.616000,4.774000,1.842000,0.412000,0.721748,0.680476,0.680476,0.660293,0.876640,0.710314,0.464681,0.539525,0.464681,0.479349,0.072422,0.580279,0.598387,0.433319,0.755016,0.750202,0.731391,0.981800,0.535319,0.787449,0.060988,0.262030,0.345455,38.192000,0.721748,96.833372,50.000000
without_social_graph_adaptation,high,24,1024,7.008000,4.732000,6.570000,4.732000,1.838000,0.438000,0.719588,0.675095,0.675095,0.655092,0.894248,0.703256,0.475993,0.545246,0.475993,0.471998,0.074186,0.579614,0.601441,0.442148,0.751584,0.748284,0.728700,0.981794,0.524007,0.784963,0.061305,0.257601,0.345626,37.856000,0.719588,97.006541,50.000000
without_social_graph_adaptation,high,25,1025,7.032000,4.986000,6.744000,4.986000,1.758000,0.288000,0.736569,0.707440,0.707440,0.686287,0.868247,0.706393,0.458097,0.529402,0.458097,0.489634,0.073402,0.585340,0.605137,0.436424,0.760285,0.753948,0.741730,0.981958,0.541903,0.792294,0.062096,0.264503,0.347407,39.888000,0.736569,96.290439,50.000000
without_social_graph_adaptation,high,26,1026,7.006000,4.728000,6.534000,4.728000,1.806000,0.472000,0.722695,0.674107,0.674107,0.654138,0.879394,0.712432,0.478631,0.548268,0.478631,0.474388,0.071892,0.578895,0.609281,0.441199,0.752799,0.749226,0.731606,0.981726,0.521369,0.789516,0.060757,0.257239,0.344251,37.824000,0.722695,96.782718,50.000000
without_social_graph_adaptation,high,27,1027,7.024000,4.920000,6.834000,4.920000,1.914000,0.190000,0.720469,0.701702,0.701702,0.680267,0.830025,0.697033,0.464816,0.532744,0.464816,0.482384,0.075742,0.586532,0.616208,0.450406,0.755125,0.750532,0.732363,0.981821,0.535184,0.786375,0.063372,0.268685,0.358138,39.360000,0.720469,96.410342,50.000000
without_social_graph_adaptation,high,28,1028,7.022000,4.714000,6.636000,4.714000,1.922000,0.384000,0.709488,0.669881,0.670024,0.649978,0.869003,0.708459,0.464991,0.536136,0.464991,0.472911,0.072885,0.577687,0.603094,0.436028,0.751894,0.748216,0.724718,0.981878,0.535009,0.781162,0.061574,0.261456,0.344622,37.712000,0.709488,95.721398,49.996000
without_social_graph_adaptation,high,29,1029,7.038000,5.026000,6.802000,5.026000,1.776000,0.236000,0.738805,0.714679,0.714679,0.693059,0.867819,0.697993,0.461403,0.534273,0.461403,0.481041,0.075502,0.579175,0.585180,0.443136,0.759581,0.754483,0.739906,0.981949,0.538597,0.792926,0.062357,0.263124,0.358385,40.208000,0.738805,96.365282,49.996000
without_social_graph_adaptation,high,30,1030,6.942000,4.694000,6.550000,4.694000,1.856000,0.392000,0.716286,0.675690,0.675690,0.655592,0.870249,0.694687,0.465048,0.533981,0.465048,0.481967,0.076328,0.583436,0.600277,0.434896,0.754496,0.750665,0.729773,0.981828,0.534952,0.786057,0.060803,0.256772,0.342970,37.552000,0.716286,96.317041,50.000000
without_social_graph_adaptation,high,31,1031,7.004000,4.908000,6.744000,4.908000,1.836000,0.260000,0.727088,0.700095,0.700095,0.678987,0.856379,0.698790,0.469425,0.539425,0.469425,0.482349,0.075303,0.584449,0.607246,0.449341,0.754802,0.749017,0.734349,0.981874,0.530575,0.788869,0.062475,0.263429,0.352836,39.264000,0.727088,96.167558,50.000000
without_social_graph_adaptation,high,32,1032,7.050000,4.908000,6.722000,4.908000,1.814000,0.328000,0.731090,0.698321,0.698321,0.677272,0.875394,0.698601,0.470601,0.537851,0.470601,0.488222,0.075350,0.586049,0.608669,0.444905,0.755456,0.749723,0.736396,0.981798,0.529399,0.790140,0.062487,0.266275,0.350252,39.264000,0.731090,96.336933,50.000000
without_social_graph_adaptation,high,33,1033,7.076000,4.722000,6.638000,4.722000,1.916000,0.438000,0.711771,0.666786,0.666786,0.647012,0.873200,0.701487,0.468881,0.535268,0.468881,0.465557,0.074628,0.573852,0.589827,0.435808,0.750723,0.748039,0.722557,0.981768,0.531119,0.781312,0.061696,0.260765,0.348625,37.776000,0.711771,96.830069,50.000000
without_social_graph_adaptation,high,34,1034,6.944000,4.768000,6.546000,4.768000,1.778000,0.398000,0.728052,0.687000,0.687000,0.666600,0.859114,0.698185,0.469624,0.541772,0.469624,0.486493,0.075454,0.586673,0.607767,0.438789,0.754037,0.749943,0.731366,0.981842,0.530376,0.786941,0.060267,0.255326,0.344324,38.144000,0.728052,95.479184,50.000000
without_social_graph_adaptation,high,35,1035,7.010000,4.728000,6.572000,4.728000,1.844000,0.438000,0.720352,0.674524,0.674524,0.654449,0.852649,0.701076,0.465229,0.539982,0.465229,0.476384,0.074731,0.578037,0.583923,0.431008,0.753867,0.746441,0.731993,0.981743,0.534771,0.786629,0.061368,0.256361,0.348109,37.824000,0.720352,96.698403,49.986000
without_social_graph_adaptation,high,36,1036,6.998000,4.672000,6.524000,4.672000,1.852000,0.474000,0.716305,0.667500,0.667500,0.647809,0.860282,0.707761,0.470585,0.543569,0.470585,0.465992,0.073060,0.573043,0.589676,0.434983,0.751871,0.747354,0.727467,0.981819,0.529415,0.784447,0.060224,0.257013,0.340826,37.376000,0.716305,97.017681,50.000000
without_social_graph_adaptation,high,37,1037,6.998000,4.856000,6.670000,4.856000,1.814000,0.328000,0.728669,0.694952,0.694952,0.674228,0.879204,0.710766,0.463311,0.538624,0.463311,0.478583,0.072308,0.581377,0.609747,0.437923,0.755266,0.749498,0.732511,0.981920,0.536689,0.787145,0.061818,0.259446,0.347399,38.848000,0.728669,97.519639,50.000000
without_social_graph_adaptation,high,38,1038,6.996000,4.916000,6.734000,4.916000,1.818000,0.262000,0.729460,0.702226,0.702226,0.680882,0.880398,0.703291,0.474651,0.541158,0.474651,0.475850,0.074177,0.575752,0.585084,0.454737,0.753064,0.749626,0.732180,0.981691,0.525349,0.785728,0.062598,0.267169,0.353320,39.328000,0.729460,97.023260,50.000000
without_social_graph_adaptation,high,39,1039,7.014000,4.950000,6.718000,4.950000,1.768000,0.296000,0.738229,0.707250,0.707250,0.685977,0.888034,0.706661,0.472262,0.539351,0.472262,0.479598,0.073335,0.582744,0.613623,0.449970,0.755176,0.750461,0.735113,0.981886,0.527738,0.790510,0.061686,0.261234,0.354040,39.600000,0.738229,96.110855,50.000000
without_social_graph_adaptation,high,40,1040,7.070000,4.860000,6.694000,4.860000,1.834000,0.376000,0.727524,0.687131,0.687131,0.666657,0.882439,0.705674,0.474664,0.544198,0.474664,0.466740,0.073582,0.571340,0.582010,0.446122,0.750394,0.748000,0.725469,0.981800,0.525336,0.781268,0.062143,0.264831,0.349576,38.880000,0.727524,96.646383,50.000000
without_social_graph_adaptation,high,41,1041,6.958000,4.716000,6.584000,4.716000,1.868000,0.374000,0.716731,0.677690,0.677690,0.657552,0.873696,0.707868,0.479470,0.550130,0.479470,0.468349,0.073033,0.573807,0.587312,0.449845,0.749250,0.745411,0.724510,0.981843,0.520530,0.784759,0.061451,0.258726,0.342843,37.728000,0.716731,97.828499,49.998000
without_social_graph_adaptation,high,42,1042,6.984000,4.682000,6.612000,4.682000,1.930000,0.372000,0.708717,0.671298,0.671298,0.651028,0.863347,0.713501,0.478000,0.547266,0.478000,0.472128,0.071625,0.574223,0.581398,0.448856,0.747743,0.744039,0.721621,0.981658,0.522000,0.780571,0.061052,0.262116,0.351371,37.456000,0.708717,96.524249,49.988000
without_social_graph_adaptation,high,43,1043,7.022000,4.978000,6.720000,4.978000,1.742000,0.302000,0.741988,0.709381,0.709381,0.687885,0.874796,0.689424,0.461326,0.532025,0.461326,0.482647,0.077644,0.578432,0.561321,0.438566,0.759084,0.752660,0.741231,0.981607,0.538674,0.791483,0.062526,0.268665,0.354061,39.824000,0.741988,96.698073,50.000000
without_social_graph_adaptation,high,44,1044,6.972000,4.810000,6.666000,4.810000,1.856000,0.306000,0.722252,0.689512,0.689512,0.668897,0.870572,0.699837,0.467780,0.539915,0.467780,0.484310,0.075041,0.580881,0.593463,0.444097,0.752184,0.747175,0.726917,0.981876,0.532220,0.784496,0.061647,0.260437,0.348327,38.480000,0.722252,96.914664,50.000000
without_social_graph_adaptation,high,45,1045,6.962000,4.880000,6.726000,4.880000,1.846000,0.236000,0.725690,0.700750,0.700750,0.679500,0.843245,0.702609,0.463094,0.535555,0.463094,0.479472,0.074348,0.577343,0.586001,0.445158,0.755585,0.750872,0.732128,0.981826,0.536906,0.787152,0.062316,0.264073,0.352395,39.040000,0.725690,96.861442,50.000000
without_social_graph_adaptation,high,46,1046,6.998000,4.818000,6.582000,4.818000,1.764000,0.416000,0.731855,0.689893,0.689893,0.669422,0.878446,0.700782,0.464368,0.541393,0.464368,0.483097,0.074805,0.585912,0.619113,0.432577,0.756063,0.751303,0.733772,0.981823,0.535632,0.788386,0.061002,0.260752,0.342086,38.544000,0.731855,96.459918,50.000000
without_social_graph_adaptation,high,47,1047,7.008000,4.882000,6.656000,4.882000,1.774000,0.350000,0.733088,0.695143,0.695333,0.674434,0.882199,0.701274,0.471780,0.541928,0.471780,0.491220,0.074682,0.592310,0.640058,0.445176,0.754794,0.750756,0.734266,0.981861,0.528220,0.788400,0.061425,0.262389,0.345865,39.056000,0.733088,96.082933,49.990000
without_social_graph_adaptation,high,48,1048,7.006000,4.720000,6.594000,4.720000,1.874000,0.412000,0.715121,0.675286,0.675286,0.655083,0.864506,0.706378,0.477371,0.540465,0.477371,0.478926,0.073405,0.578336,0.594090,0.444974,0.748217,0.747664,0.720203,0.981680,0.522629,0.778614,0.061318,0.262024,0.346722,37.760000,0.715121,96.182419,50.000000
without_social_graph_adaptation,high,49,1049,7.032000,4.882000,6.648000,4.882000,1.766000,0.384000,0.733500,0.693310,0.693310,0.672642,0.868973,0.707700,0.466665,0.537998,0.466665,0.479925,0.073075,0.581139,0.602552,0.436669,0.754910,0.749350,0.733599,0.981801,0.533335,0.787276,0.061725,0.259898,0.349855,39.056000,0.733500,97.312886,50.000000
without_social_graph_adaptation,low,0,1000,1.480000,1.216000,1.480000,1.216000,0.264000,0.000000,0.830000,0.830000,0.830000,0.814226,0.778332,0.797158,0.328022,0.381724,0.328022,0.579757,0.050710,0.616320,0.660231,0.328022,0.800760,0.814405,0.744445,0.988824,0.671978,0.793825,0.010636,0.034214,0.046355,9.728000,0.830000,87.670954,50.000000
without_social_graph_adaptation,low,1,1001,1.494000,1.242000,1.494000,1.242000,0.252000,0.000000,0.838000,0.838000,0.838000,0.821879,0.740770,0.796222,0.315366,0.365620,0.315366,0.576792,0.050945,0.611937,0.642751,0.315366,0.808553,0.816621,0.757533,0.988762,0.684634,0.806839,0.010831,0.034762,0.046209,9.936000,0.838000,89.443722,50.000000
without_social_graph_adaptation,low,2,1002,1.490000,1.210000,1.490000,1.210000,0.280000,0.000000,0.814000,0.814000,0.814000,0.798746,0.764068,0.796258,0.319475,0.385643,0.319475,0.568229,0.050936,0.606430,0.649764,0.319475,0.801441,0.813647,0.743036,0.988974,0.680525,0.792357,0.010783,0.034781,0.043947,9.680000,0.814000,87.000511,50.000000
without_social_graph_adaptation,low,3,1003,1.526000,1.200000,1.524000,1.200000,0.324000,0.002000,0.780000,0.779000,0.779000,0.764224,0.752403,0.781590,0.320338,0.377882,0.320338,0.565669,0.054602,0.605642,0.622676,0.320111,0.797885,0.811681,0.733992,0.988889,0.679662,0.787304,0.011049,0.035000,0.046508,9.600000,0.780000,83.389578,50.000000
without_social_graph_adaptation,low,4,1004,1.522000,1.246000,1.522000,1.246000,0.276000,0.000000,0.820000,0.820000,0.820000,0.804404,0.737834,0.787208,0.323026,0.373747,0.323026,0.580474,0.053198,0.616518,0.636954,0.323026,0.801480,0.817043,0.742384,0.988846,0.676974,0.791478,0.010781,0.035336,0.047315,9.968000,0.820000,85.768494,50.000000
without_social_graph_adaptation,low,5,1005,1.506000,1.246000,1.504000,1.246000,0.258000,0.002000,0.832000,0.832000,0.832000,0.816028,0.675173,0.799103,0.319790,0.378623,0.319790,0.565261,0.050224,0.602467,0.636845,0.319514,0.807435,0.817722,0.756650,0.988794,0.680210,0.803868,0.010568,0.034161,0.047612,9.968000,0.832000,86.999717,50.000000
without_social_graph_adaptation,low,6,1006,1.502000,1.222000,1.502000,1.222000,0.280000,0.000000,0.811000,0.811000,0.811000,0.795888,0.758551,0.795779,0.329007,0.383421,0.329007,0.576348,0.051055,0.615472,0.661413,0.329007,0.801231,0.815774,0.744361,0.988995,0.670993,0.795293,0.010673,0.034836,0.045090,9.776000,0.811000,83.573552,50.000000
without_social_graph_adaptation,low,7,1007,1.502000,1.224000,1.502000,1.224000,0.278000,0.000000,0.816000,0.816000,0.816000,0.800437,0.750578,0.792856,0.327956,0.384319,0.327956,0.564546,0.051786,0.601626,0.626683,0.327956,0.801457,0.816315,0.744631,0.988890,0.672044,0.794439,0.010795,0.034393,0.046297,9.792000,0.816000,85.220190,50.000000
without_social_graph_adaptation,low,8,1008,1.470000,1.216000,1.470000,1.216000,0.254000,0.000000,0.822000,0.822000,0.822000,0.806422,0.739131,0.797601,0.320336,0.367082,0.320336,0.582837,0.050600,0.616918,0.656725,0.320336,0.801915,0.813186,0.745202,0.988902,0.679664,0.794013,0.010515,0.033742,0.045239,9.728000,0.822000,86.844116,50.000000
without_social_graph_adaptation,low,9,1009,1.518000,1.240000,1.518000,1.240000,0.278000,0.000000,0.821000,0.821000,0.821000,0.805349,0.755928,0.800175,0.320047,0.367072,0.320047,0.576280,0.049956,0.609995,0.647855,0.320047,0.804595,0.813986,0.752126,0.988766,0.679953,0.799372,0.011004,0.035496,0.046936,9.920000,0.821000,88.059072,50.000000
without_social_graph_adaptation,low,10,1010,1.512000,1.286000,1.512000,1.286000,0.226000,0.000000,0.856000,0.856000,0.856000,0.839536,0.749284,0.804207,0.323435,0.381718,0.323435,0.585002,0.048948,0.619472,0.683660,0.323435,0.806241,0.816454,0.755646,0.988738,0.676565,0.803860,0.010771,0.034849,0.047475,10.288000,0.856000,89.736446,50.000000
without_social_graph_adaptation,low,11,1011,1.486000,1.216000,1.486000,1.216000,0.270000,0.000000,0.824000,0.824000,0.824000,0.808122,0.763962,0.789055,0.317395,0.362163,0.317395,0.584711,0.052736,0.620516,0.660984,0.317395,0.804010,0.815568,0.746959,0.988711,0.682605,0.797520,0.010590,0.034214,0.046776,9.728000,0.824000,86.246352,50.000000
without_social_graph_adaptation,low,12,1012,1.464000,1.192000,1.462000,1.192000,0.270000,0.002000,0.818000,0.817000,0.817000,0.801368,0.739818,0.805440,0.315706,0.367733,0.315706,0.574572,0.048640,0.608293,0.648312,0.315213,0.802606,0.814763,0.743336,0.988840,0.684294,0.793452,0.010474,0.033554,0.045087,9.536000,0.818000,86.391020,50.000000
without_social_graph_adaptation,low,13,1013,1.496000,1.244000,1.496000,1.244000,0.252000,0.000000,0.828000,0.828000,0.828000,0.812303,0.733346,0.796884,0.310073,0.365459,0.310073,0.582272,0.050779,0.618219,0.656563,0.310073,0.805791,0.815370,0.748510,0.988871,0.689927,0.798986,0.010688,0.034559,0.046268,9.952000,0.828000,85.607893,50.000000
without_social_graph_adaptation,low,14,1014,1.520000,1.254000,1.520000,1.254000,0.266000,0.000000,0.820000,0.820000,0.820000,0.804610,0.742296,0.792106,0.322510,0.377520,0.322510,0.585478,0.051973,0.621413,0.659218,0.322510,0.804398,0.817813,0.748033,0.989026,0.677490,0.799471,0.010766,0.034928,0.046208,10.032000,0.820000,85.593051,50.000000
without_social_graph_adaptation,low,15,1015,1.514000,1.308000,1.514000,1.308000,0.206000,0.000000,0.867000,0.867000,0.867000,0.850537,0.788717,0.802771,0.312601,0.362391,0.312601,0.592493,0.049307,0.624684,0.676982,0.312601,0.810450,0.816975,0.761715,0.988849,0.687399,0.809209,0.010998,0.034821,0.047139,10.464000,0.867000,91.136559,50.000000
without_social_graph_adaptation,low,16,1016,1.512000,1.266000,1.512000,1.266000,0.246000,0.000000,0.837000,0.837000,0.837000,0.821080,0.749304,0.799124,0.312427,0.367485,0.312427,0.575680,0.050219,0.611204,0.645751,0.312427,0.805810,0.814952,0.751193,0.988786,0.687573,0.798655,0.010919,0.034927,0.047064,10.128000,0.837000,87.781532,50.000000
without_social_graph_adaptation,low,17,1017,1.506000,1.256000,1.504000,1.256000,0.248000,0.002000,0.831000,0.831000,0.831000,0.815453,0.731294,0.797702,0.316187,0.369963,0.316187,0.575208,0.050574,0.610272,0.639422,0.316187,0.804396,0.816426,0.749015,0.987027,0.681813,0.798140,0.010615,0.034256,0.045140,10.048000,0.831000,87.335322,50.000000
without_social_graph_adaptation,low,18,1018,1.492000,1.196000,1.492000,1.196000,0.296000,0.000000,0.802000,0.802000,0.802000,0.786729,0.706409,0.795385,0.311408,0.362679,0.311408,0.562820,0.051154,0.599523,0.609411,0.311408,0.803287,0.815688,0.741651,0.988856,0.688592,0.793923,0.010468,0.034395,0.045974,9.568000,0.802000,84.691813,50.000000
without_social_graph_adaptation,low,19,1019,1.504000,1.234000,1.504000,1.234000,0.270000,0.000000,0.820000,0.820000,0.820000,0.804559,0.731525,0.806412,0.323239,0.385855,0.323239,0.560628,0.048397,0.599248,0.646247,0.323239,0.804277,0.815350,0.751084,0.988876,0.676761,0.799662,0.010697,0.034920,0.045754,9.872000,0.820000,86.388740,50.000000
without_social_graph_adaptation,low,20,1020,1.480000,1.202000,1.480000,1.202000,0.278000,0.000000,0.813000,0.813000,0.813000,0.797787,0.702776,0.794685,0.326908,0.381806,0.326908,0.571565,0.051329,0.607548,0.649312,0.326908,0.802041,0.814773,0.747020,0.988944,0.673092,0.796227,0.010483,0.034005,0.044956,9.616000,0.813000,86.468196,50.000000
without_social_graph_adaptation,low,21,1021,1.468000,1.180000,1.466000,1.180000,0.286000,0.002000,0.807000,0.807000,0.807000,0.791766,0.714905,0.794386,0.320939,0.377537,0.320939,0.579666,0.051403,0.613945,0.650374,0.320939,0.800533,0.814833,0.741915,0.986837,0.677061,0.792028,0.010306,0.033963,0.045509,9.440000,0.807000,85.453018,50.000000
without_social_graph_adaptation,low,22,1022,1.500000,1.224000,1.500000,1.224000,0.276000,0.000000,0.816000,0.816000,0.816000,0.800756,0.775379,0.788429,0.323715,0.376075,0.323715,0.581899,0.052893,0.620669,0.660975,0.323715,0.803095,0.817278,0.745621,0.988997,0.676285,0.797001,0.010701,0.033795,0.045302,9.792000,0.816000,84.947348,50.000000
without_social_graph_adaptation,low,23,1023,1.458000,1.196000,1.458000,1.196000,0.262000,0.000000,0.818000,0.818000,0.818000,0.802677,0.774110,0.798483,0.311229,0.363749,0.311229,0.575854,0.050379,0.610957,0.647329,0.311229,0.807497,0.818976,0.751615,0.988933,0.688771,0.800166,0.010280,0.033940,0.044126,9.568000,0.818000,83.057758,50.000000
without_social_graph_adaptation,low,24,1024,1.510000,1.244000,1.510000,1.244000,0.266000,0.000000,0.824000,0.824000,0.824000,0.808394,0.740246,0.794791,0.322093,0.370905,0.322093,0.572914,0.051302,0.606972,0.631204,0.322093,0.807827,0.818248,0.756775,0.988927,0.677907,0.807345,0.010815,0.034339,0.046485,9.952000,0.824000,86.663471,50.000000
without_social_graph_adaptation,low,25,1025,1.482000,1.202000,1.482000,1.202000,0.280000,0.000000,0.813000,0.813000,0.813000,0.797387,0.784994,0.793804,0.334614,0.386673,0.334614,0.570133,0.051549,0.611031,0.656769,0.334614,0.796800,0.812771,0.736904,0.988774,0.665386,0.789482,0.010434,0.034139,0.046435,9.616000,0.813000,84.841559,50.000000
without_social_graph_adaptation,low,26,1026,1.528000,1.238000,1.528000,1.238000,0.290000,0.000000,0.801000,0.801000,0.801000,0.785764,0.760753,0.794457,0.317194,0.370150,0.317194,0.563472,0.051386,0.599536,0.630276,0.317194,0.805895,0.814902,0.753236,0.988828,0.682806,0.801253,0.011214,0.035518,0.047130,9.904000,0.801000,85.479087,50.000000
without_social_graph_adaptation,low,27,1027,1.488000,1.218000,1.488000,1.218000,0.270000,0.000000,0.826000,0.826000,0.826000,0.810147,0.736926,0.800568,0.319430,0.381375,0.319430,0.575669,0.049858,0.610134,0.650441,0.319430,0.804561,0.816470,0.748861,0.988688,0.680570,0.798844,0.010543,0.035027,0.047124,9.744000,0.826000,86.276346,50.000000
without_social_graph_adaptation,low,28,1028,1.472000,1.148000,1.472000,1.148000,0.324000,0.000000,0.775000,0.775000,0.775000,0.760405,0.771524,0.792423,0.317687,0.374183,0.317687,0.557250,0.051894,0.599439,0.635891,0.317687,0.801865,0.813681,0.742508,0.988976,0.682313,0.793754,0.010573,0.032957,0.045581,9.184000,0.775000,83.301791,50.000000
without_social_graph_adaptation,low,29,1029,1.536000,1.262000,1.536000,1.262000,0.274000,0.000000,0.824000,0.824000,0.824000,0.808519,0.739969,0.792574,0.321329,0.375009,0.321329,0.573520,0.051857,0.609537,0.637575,0.321329,0.805814,0.817993,0.752206,0.988961,0.678671,0.800988,0.010984,0.035279,0.047207,10.096000,0.824000,86.957023,50.000000
without_social_graph_adaptation,low,30,1030,1.466000,1.208000,1.466000,1.208000,0.258000,0.000000,0.815000,0.815000,0.815000,0.799371,0.739483,0.792317,0.318931,0.373239,0.318931,0.579031,0.051921,0.615112,0.652951,0.318931,0.803414,0.816329,0.746536,0.988802,0.681069,0.794682,0.010603,0.033728,0.045636,9.664000,0.815000,84.564519,50.000000
without_social_graph_adaptation,low,31,1031,1.456000,1.148000,1.456000,1.148000,0.308000,0.000000,0.785000,0.785000,0.785000,0.770070,0.762722,0.790640,0.325154,0.378360,0.325154,0.560075,0.052340,0.602068,0.632600,0.325154,0.796290,0.812091,0.732293,0.988773,0.674846,0.784244,0.010475,0.033842,0.045217,9.184000,0.785000,82.830934,50.000000
without_social_graph_adaptation,low,32,1032,1.480000,1.256000,1.480000,1.256000,0.224000,0.000000,0.853000,0.853000,0.853000,0.836964,0.770364,0.801160,0.319181,0.364112,0.319181,0.586193,0.049710,0.619863,0.669524,0.319181,0.806937,0.817281,0.756454,0.988955,0.680819,0.801104,0.010593,0.033773,0.044687,10.048000,0.853000,88.717371,50.000000
without_social_graph_adaptation,low,33,1033,1.480000,1.220000,1.478000,1.220000,0.258000,0.002000,0.819000,0.818000,0.818000,0.802606,0.737497,0.799370,0.311921,0.373385,0.311921,0.581998,0.050157,0.616393,0.665336,0.311610,0.804681,0.812838,0.749518,0.988922,0.688079,0.796996,0.010776,0.033579,0.045193,9.760000,0.819000,86.811507,50.000000
without_social_graph_adaptation,low,34,1034,1.510000,1.248000,1.510000,1.248000,0.262000,0.000000,0.826000,0.826000,0.826000,0.810349,0.784056,0.797753,0.319862,0.378744,0.319862,0.581661,0.050562,0.617929,0.669972,0.319862,0.799570,0.811761,0.739393,0.988816,0.680138,0.789673,0.010817,0.035261,0.046356,9.984000,0.826000,86.733871,50.000000
without_social_graph_adaptation,low,35,1035,1.528000,1.266000,1.526000,1.266000,0.260000,0.002000,0.824000,0.824000,0.824000,0.808340,0.737360,0.806295,0.318783,0.380751,0.318783,0.577491,0.048426,0.612800,0.663821,0.318783,0.804096,0.814400,0.749989,0.986870,0.679217,0.801172,0.010843,0.034918,0.047677,10.128000,0.824000,87.245458,50.000000
without_social_graph_adaptation,low,36,1036,1.488000,1.190000,1.486000,1.190000,0.296000,0.002000,0.802000,0.802000,0.802000,0.786497,0.725214,0.784466,0.318564,0.382330,0.318564,0.572163,0.053883,0.608820,0.624889,0.318564,0.795701,0.813368,0.729130,0.986735,0.679436,0.780249,0.010602,0.034967,0.046685,9.520000,0.802000,86.109061,50.000000
without_social_graph_adaptation,low,37,1037,1.484000,1.212000,1.484000,1.212000,0.272000,0.000000,0.820000,0.820000,0.820000,0.804492,0.741305,0.797203,0.319630,0.383368,0.319630,0.574684,0.050699,0.614516,0.672884,0.319630,0.805036,0.818806,0.747970,0.988957,0.680370,0.798919,0.010297,0.034030,0.045744,9.696000,0.820000,85.355230,50.000000
without_social_graph_adaptation,low,38,1038,1.484000,1.190000,1.484000,1.190000,0.294000,0.000000,0.801000,0.801000,0.801000,0.785640,0.765955,0.792145,0.317512,0.372458,0.317512,0.567324,0.051964,0.605331,0.638878,0.317512,0.804597,0.814980,0.749851,0.988745,0.682488,0.798248,0.010755,0.034033,0.047026,9.520000,0.801000,85.274629,50.000000
without_social_graph_adaptation,low,39,1039,1.502000,1.262000,1.502000,1.262000,0.240000,0.000000,0.840000,0.840000,0.840000,0.824134,0.772904,0.802302,0.319605,0.368736,0.319605,0.588113,0.049425,0.621111,0.663663,0.319605,0.804801,0.818970,0.747521,0.988891,0.680395,0.797873,0.010680,0.035082,0.045437,10.096000,0.840000,86.393644,50.000000
without_social_graph_adaptation,low,40,1040,1.498000,1.254000,1.496000,1.254000,0.242000,0.002000,0.838000,0.838000,0.838000,0.821978,0.769392,0.800476,0.313461,0.371690,0.313461,0.582054,0.049881,0.618363,0.671855,0.312989,0.805574,0.814412,0.749185,0.988814,0.686539,0.801822,0.010613,0.034715,0.046218,10.032000,0.838000,88.060507,50.000000
without_social_graph_adaptation,low,41,1041,1.490000,1.232000,1.490000,1.232000,0.258000,0.000000,0.825000,0.825000,0.825000,0.809459,0.758417,0.794409,0.318127,0.371803,0.318127,0.578166,0.051398,0.614593,0.655009,0.318127,0.805245,0.815828,0.750655,0.988949,0.681873,0.800061,0.010572,0.034155,0.046162,9.856000,0.825000,86.915334,50.000000
without_social_graph_adaptation,low,42,1042,1.496000,1.268000,1.494000,1.268000,0.226000,0.002000,0.845000,0.844000,0.844000,0.828128,0.722873,0.802883,0.320374,0.377153,0.320374,0.582316,0.049279,0.616655,0.665016,0.320205,0.804399,0.814244,0.750251,0.988911,0.679626,0.800449,0.010746,0.034214,0.045141,10.144000,0.845000,88.526694,50.000000
without_social_graph_adaptation,low,43,1043,1.532000,1.254000,1.532000,1.254000,0.278000,0.000000,0.823000,0.823000,0.823000,0.807202,0.759618,0.794243,0.319500,0.365546,0.319500,0.575666,0.051439,0.608699,0.630718,0.319500,0.802620,0.816637,0.745260,0.988723,0.680500,0.791759,0.010958,0.035474,0.048165,10.032000,0.823000,88.028216,50.000000
without_social_graph_adaptation,low,44,1044,1.474000,1.222000,1.474000,1.222000,0.252000,0.000000,0.834000,0.834000,0.834000,0.818106,0.776038,0.791971,0.312538,0.365667,0.312538,0.581910,0.052007,0.614827,0.645545,0.312538,0.807501,0.818929,0.752895,0.988794,0.687462,0.800010,0.010473,0.033685,0.046653,9.776000,0.834000,86.088924,50.000000
without_social_graph_adaptation,low,45,1045,1.516000,1.188000,1.516000,1.188000,0.328000,0.000000,0.783000,0.783000,0.783000,0.768370,0.715145,0.788422,0.320095,0.376521,0.320095,0.568927,0.052895,0.604439,0.614469,0.320095,0.800378,0.815718,0.739164,0.988979,0.679905,0.788301,0.010719,0.034353,0.046073,9.504000,0.783000,83.634584,50.000000
without_social_graph_adaptation,low,46,1046,1.508000,1.234000,1.508000,1.234000,0.274000,0.000000,0.816000,0.816000,0.816000,0.800639,0.755804,0.792671,0.324511,0.375930,0.324511,0.573491,0.051832,0.611048,0.641547,0.324511,0.801131,0.816198,0.741304,0.988957,0.675489,0.793605,0.010662,0.034847,0.045797,9.872000,0.816000,85.127684,50.000000
without_social_graph_adaptation,low,47,1047,1.508000,1.198000,1.508000,1.198000,0.310000,0.000000,0.790000,0.790000,0.790000,0.775189,0.732563,0.789014,0.314335,0.377098,0.314335,0.557275,0.052747,0.596889,0.617486,0.314335,0.798241,0.813891,0.731366,0.989004,0.685665,0.783136,0.010718,0.034966,0.045161,9.584000,0.790000,82.736438,50.000000
without_social_graph_adaptation,low,48,1048,1.490000,1.214000,1.490000,1.214000,0.276000,0.000000,0.821000,0.821000,0.821000,0.805179,0.737180,0.790581,0.313850,0.363120,0.313850,0.570007,0.052355,0.604529,0.614561,0.313850,0.803933,0.815495,0.745576,0.988793,0.686150,0.795395,0.010649,0.034451,0.046607,9.712000,0.821000,86.185874,50.000000
without_social_graph_adaptation,low,49,1049,1.524000,1.276000,1.524000,1.276000,0.248000,0.000000,0.845000,0.845000,0.845000,0.829377,0.759364,0.795673,0.325936,0.380430,0.325936,0.592628,0.051082,0.630025,0.691725,0.325936,0.805118,0.819680,0.750407,0.989104,0.674064,0.800865,0.010623,0.034284,0.045901,10.208000,0.845000,87.682424,50.000000
without_social_graph_adaptation,medium,0,1000,3.970000,3.080000,3.940000,3.080000,0.860000,0.030000,0.782600,0.775700,0.775700,0.756420,0.830001,0.730437,0.397697,0.459999,0.397697,0.522510,0.067391,0.595079,0.611230,0.393753,0.786279,0.787671,0.757904,0.985390,0.602303,0.806658,0.033162,0.120950,0.163487,24.640000,0.782600,96.576692,50.000000
without_social_graph_adaptation,medium,1,1001,4.018000,3.194000,3.988000,3.194000,0.794000,0.030000,0.803067,0.796633,0.796633,0.777024,0.812223,0.729078,0.377209,0.450041,0.377209,0.544214,0.067730,0.611907,0.647277,0.374267,0.792198,0.788961,0.763586,0.985544,0.622791,0.811805,0.033580,0.121156,0.164294,25.552000,0.803067,96.148189,50.000000
without_social_graph_adaptation,medium,2,1002,4.062000,3.142000,4.030000,3.142000,0.888000,0.032000,0.780600,0.773967,0.773967,0.754687,0.833875,0.717436,0.405711,0.465124,0.405711,0.543113,0.070641,0.615731,0.646761,0.402334,0.781434,0.785471,0.749020,0.985382,0.594289,0.801121,0.033706,0.123979,0.166793,25.136000,0.780600,97.047312,50.000000
without_social_graph_adaptation,medium,3,1003,3.978000,3.084000,3.932000,3.084000,0.848000,0.046000,0.782767,0.773867,0.773867,0.754717,0.800137,0.717267,0.396172,0.457001,0.396172,0.539922,0.070683,0.609034,0.630667,0.391162,0.786398,0.788416,0.756337,0.985375,0.603828,0.806708,0.032915,0.122158,0.162277,24.672000,0.782767,95.408041,50.000000
without_social_graph_adaptation,medium,4,1004,3.994000,3.018000,3.964000,3.018000,0.946000,0.030000,0.759767,0.754700,0.754700,0.736173,0.814147,0.722939,0.398122,0.466598,0.398122,0.538078,0.069265,0.607461,0.638642,0.394804,0.780200,0.784653,0.743143,0.985569,0.601878,0.795139,0.033254,0.120875,0.161412,24.144000,0.759767,95.816682,50.000000
without_social_graph_adaptation,medium,5,1005,3.956000,3.102000,3.930000,3.102000,0.828000,0.026000,0.788033,0.783400,0.783400,0.764072,0.847086,0.719302,0.395349,0.452812,0.395349,0.540758,0.070174,0.614116,0.646166,0.392542,0.787873,0.786823,0.760489,0.985491,0.604651,0.811741,0.032838,0.121162,0.160676,24.816000,0.788033,96.340057,50.000000
without_social_graph_adaptation,medium,6,1006,4.018000,3.168000,3.982000,3.168000,0.814000,0.036000,0.797233,0.789467,0.789467,0.770113,0.842275,0.721289,0.393140,0.460400,0.393140,0.535217,0.069678,0.605632,0.625903,0.389327,0.788355,0.787665,0.760758,0.985548,0.606860,0.810603,0.033345,0.121198,0.162419,25.344000,0.797233,96.130360,50.000000
without_social_graph_adaptation,medium,7,1007,4.040000,3.180000,4.030000,3.180000,0.850000,0.010000,0.788733,0.786233,0.786233,0.766732,0.821655,0.730702,0.381534,0.448091,0.381534,0.534013,0.067325,0.601405,0.624940,0.380183,0.791776,0.788977,0.765005,0.985485,0.618466,0.811735,0.034077,0.122425,0.165690,25.440000,0.788733,96.513829,50.000000
without_social_graph_adaptation,medium,8,1008,3.986000,3.026000,3.924000,3.026000,0.898000,0.062000,0.771000,0.758933,0.758933,0.740347,0.824587,0.727613,0.407563,0.474256,0.407563,0.525347,0.068097,0.597860,0.624774,0.400563,0.781591,0.783761,0.750213,0.985480,0.592437,0.805074,0.032906,0.121001,0.160369,24.208000,0.771000,95.445768,50.000000
without_social_graph_adaptation,medium,9,1009,3.990000,3.090000,3.962000,3.090000,0.872000,0.028000,0.778333,0.773267,0.773267,0.754232,0.830519,0.727334,0.396590,0.461864,0.396590,0.525408,0.068167,0.597624,0.625430,0.393713,0.784318,0.785700,0.752920,0.985530,0.603410,0.803576,0.033125,0.120702,0.163094,24.720000,0.778333,96.589276,50.000000
without_social_graph_adaptation,medium,10,1010,3.972000,3.164000,3.962000,3.164000,0.798000,0.010000,0.796633,0.794967,0.794967,0.775321,0.839117,0.716979,0.391295,0.456267,0.391295,0.537681,0.070755,0.609518,0.635620,0.390141,0.790968,0.790246,0.765270,0.985565,0.608705,0.814098,0.033326,0.120377,0.162300,25.312000,0.796633,95.439594,50.000000
without_social_graph_adaptation,medium,11,1011,3.956000,2.988000,3.932000,2.988000,0.944000,0.024000,0.759433,0.753800,0.753800,0.735037,0.846546,0.719933,0.409816,0.469007,0.409816,0.519336,0.070017,0.595458,0.611624,0.406831,0.781455,0.787400,0.748607,0.985386,0.590184,0.802681,0.033120,0.120602,0.163665,23.904000,0.759433,93.768307,50.000000
without_social_graph_adaptation,medium,12,1012,4.004000,3.094000,3.972000,3.094000,0.878000,0.032000,0.779300,0.772600,0.772600,0.753488,0.832814,0.727508,0.390546,0.459190,0.390546,0.524779,0.068123,0.597392,0.623621,0.386587,0.788028,0.788827,0.758198,0.985464,0.609454,0.807607,0.033232,0.121239,0.163605,24.752000,0.779300,96.292386,50.000000
without_social_graph_adaptation,medium,13,1013,4.018000,3.168000,3.988000,3.168000,0.820000,0.030000,0.793100,0.787667,0.787667,0.768082,0.816276,0.728208,0.391908,0.459747,0.391908,0.532335,0.067948,0.601853,0.633831,0.388632,0.790384,0.790175,0.764679,0.985381,0.608092,0.812301,0.033519,0.123035,0.165603,25.344000,0.793100,95.612474,50.000000
without_social_graph_adaptation,medium,14,1014,4.032000,3.114000,3.984000,3.114000,0.870000,0.048000,0.782967,0.773533,0.773533,0.754406,0.821453,0.732459,0.402289,0.469421,0.402289,0.521554,0.066885,0.594939,0.626999,0.396849,0.785612,0.787276,0.757607,0.985440,0.597711,0.808253,0.033676,0.122916,0.163348,24.912000,0.782967,96.762457,50.000000
without_social_graph_adaptation,medium,15,1015,4.006000,3.022000,3.976000,3.022000,0.954000,0.030000,0.758633,0.753833,0.753833,0.735106,0.846430,0.721119,0.410866,0.468967,0.410866,0.508992,0.069720,0.586529,0.586181,0.407753,0.779545,0.785430,0.744267,0.985419,0.589134,0.801312,0.033084,0.122291,0.164468,24.176000,0.758633,94.989014,50.000000
without_social_graph_adaptation,medium,16,1016,4.044000,3.112000,3.998000,3.112000,0.886000,0.046000,0.774500,0.766167,0.766167,0.747293,0.815024,0.731442,0.410044,0.480092,0.410044,0.515202,0.067140,0.591003,0.627498,0.404864,0.782068,0.784792,0.752127,0.985489,0.589956,0.806139,0.033647,0.123474,0.162277,24.896000,0.774500,96.018984,50.000000
without_social_graph_adaptation,medium,17,1017,3.946000,3.060000,3.912000,3.060000,0.852000,0.034000,0.780133,0.772967,0.772967,0.753834,0.843779,0.723399,0.401416,0.467600,0.401416,0.528478,0.069150,0.598645,0.621109,0.396895,0.784272,0.786211,0.754926,0.985452,0.598584,0.804677,0.032724,0.120565,0.160393,24.480000,0.780133,96.467641,50.000000
without_social_graph_adaptation,medium,18,1018,4.004000,3.118000,3.968000,3.118000,0.850000,0.036000,0.784933,0.777900,0.777900,0.758785,0.847020,0.722097,0.401708,0.460668,0.401708,0.540218,0.069476,0.611154,0.646601,0.397476,0.786069,0.788845,0.757561,0.985537,0.598292,0.807763,0.033246,0.120342,0.163146,24.944000,0.784933,95.982504,50.000000
without_social_graph_adaptation,medium,19,1019,3.938000,3.044000,3.904000,3.044000,0.860000,0.034000,0.780900,0.773800,0.773800,0.754641,0.830803,0.722805,0.385700,0.454026,0.385700,0.533455,0.069299,0.605065,0.637984,0.381671,0.790198,0.789290,0.761739,0.985421,0.614300,0.810333,0.032856,0.120629,0.160575,24.352000,0.780900,96.260534,50.000000
without_social_graph_adaptation,medium,20,1020,3.980000,3.020000,3.936000,3.020000,0.916000,0.044000,0.768367,0.760233,0.760233,0.741526,0.847362,0.718851,0.389790,0.451364,0.389790,0.529792,0.070287,0.601417,0.617228,0.384762,0.786286,0.786839,0.754947,0.985491,0.610210,0.804019,0.033299,0.120211,0.161145,24.160000,0.768367,95.932976,50.000000
without_social_graph_adaptation,medium,21,1021,4.036000,3.146000,4.020000,3.146000,0.874000,0.016000,0.785400,0.781633,0.781633,0.762267,0.827885,0.724381,0.395973,0.454148,0.395973,0.527290,0.068905,0.597955,0.610705,0.394185,0.787168,0.786738,0.758956,0.985474,0.604027,0.810334,0.033527,0.123711,0.163759,25.168000,0.785400,96.019934,50.000000
without_social_graph_adaptation,medium,22,1022,4.008000,3.066000,3.976000,3.066000,0.910000,0.032000,0.769900,0.763767,0.763767,0.745050,0.826578,0.718509,0.395891,0.458349,0.395891,0.526728,0.070373,0.599512,0.611640,0.392544,0.785233,0.786679,0.753391,0.985527,0.604109,0.806110,0.033481,0.121244,0.162977,24.528000,0.769900,94.888362,50.000000
without_social_graph_adaptation,medium,23,1023,4.032000,3.110000,3.980000,3.110000,0.870000,0.052000,0.783000,0.773033,0.773033,0.753878,0.805866,0.722659,0.389457,0.462058,0.389457,0.517493,0.069335,0.594461,0.612057,0.384176,0.789008,0.787544,0.760845,0.985421,0.610543,0.811052,0.033594,0.123074,0.163012,24.880000,0.783000,96.471244,50.000000
without_social_graph_adaptation,medium,24,1024,4.078000,3.118000,4.048000,3.118000,0.930000,0.030000,0.773133,0.767267,0.767267,0.748327,0.831771,0.720669,0.396876,0.456224,0.396876,0.528414,0.069833,0.597409,0.606761,0.393575,0.785907,0.788737,0.755749,0.985491,0.603124,0.804602,0.034029,0.125416,0.164461,24.944000,0.773133,96.800708,50.000000
without_social_graph_adaptation,medium,25,1025,4.002000,3.136000,3.966000,3.136000,0.830000,0.036000,0.787633,0.781867,0.781867,0.762247,0.847169,0.728572,0.390056,0.453792,0.390056,0.551856,0.067857,0.619180,0.667853,0.385642,0.788951,0.788390,0.760211,0.985284,0.609944,0.810879,0.033331,0.124035,0.165025,25.088000,0.787633,96.323083,50.000000
without_social_graph_adaptation,medium,26,1026,4.038000,3.106000,4.014000,3.106000,0.908000,0.024000,0.772367,0.767633,0.767633,0.748585,0.810865,0.726873,0.396529,0.456988,0.396529,0.526730,0.068282,0.599628,0.623313,0.393971,0.783952,0.784073,0.751663,0.985476,0.603471,0.805759,0.033922,0.122142,0.165643,24.848000,0.772367,96.680507,50.000000
without_social_graph_adaptation,medium,27,1027,4.026000,3.108000,4.012000,3.108000,0.904000,0.014000,0.773567,0.770567,0.770567,0.751241,0.814172,0.712891,0.396924,0.462735,0.396924,0.528659,0.071777,0.603431,0.629479,0.395399,0.785714,0.788093,0.754785,0.985303,0.603076,0.806033,0.033503,0.124643,0.167040,24.864000,0.773567,95.727859,50.000000
without_social_graph_adaptation,medium,28,1028,4.028000,3.002000,3.980000,3.002000,0.978000,0.048000,0.753600,0.745133,0.745133,0.726606,0.807370,0.723983,0.400520,0.465850,0.400520,0.526003,0.069004,0.602112,0.650821,0.395206,0.780827,0.785985,0.745141,0.985355,0.599480,0.796629,0.033517,0.123109,0.164773,24.016000,0.753600,95.405313,50.000000
without_social_graph_adaptation,medium,29,1029,4.086000,3.136000,4.060000,3.136000,0.924000,0.026000,0.769233,0.764833,0.764833,0.745765,0.824446,0.716034,0.396361,0.460559,0.396361,0.532008,0.070991,0.602336,0.614379,0.393363,0.786515,0.788689,0.756867,0.985312,0.603639,0.806500,0.034378,0.126304,0.166942,25.088000,0.769233,95.186675,50.000000
without_social_graph_adaptation,medium,30,1030,4.028000,3.064000,3.980000,3.064000,0.916000,0.048000,0.769667,0.761100,0.761100,0.742455,0.844453,0.713687,0.398627,0.463511,0.398627,0.524458,0.071578,0.600655,0.624547,0.393568,0.783789,0.786534,0.750726,0.985545,0.601373,0.803956,0.033558,0.122277,0.161391,24.512000,0.769667,95.992653,50.000000
without_social_graph_adaptation,medium,31,1031,3.994000,3.094000,3.984000,3.094000,0.890000,0.010000,0.777667,0.775100,0.775100,0.755678,0.829631,0.726498,0.402669,0.463712,0.402669,0.514407,0.068375,0.586627,0.588481,0.401605,0.783706,0.786287,0.753026,0.985317,0.597331,0.805078,0.033643,0.122555,0.166735,24.752000,0.777667,96.050592,50.000000
without_social_graph_adaptation,medium,32,1032,3.948000,3.052000,3.936000,3.052000,0.884000,0.012000,0.773100,0.771067,0.771067,0.751955,0.824190,0.732094,0.389134,0.453030,0.389134,0.520341,0.066976,0.593447,0.613553,0.387904,0.787793,0.788736,0.756262,0.985480,0.610866,0.807503,0.033072,0.121805,0.160675,24.416000,0.773100,95.615207,50.000000
without_social_graph_adaptation,medium,33,1033,3.934000,3.024000,3.886000,3.024000,0.862000,0.048000,0.776433,0.766200,0.766200,0.747352,0.818849,0.724125,0.392102,0.463028,0.392102,0.529179,0.068969,0.600258,0.623528,0.386637,0.784477,0.788531,0.749827,0.985456,0.607898,0.799521,0.032552,0.120050,0.159462,24.192000,0.776433,93.906149,50.000000
without_social_graph_adaptation,medium,34,1034,3.928000,3.068000,3.910000,3.068000,0.842000,0.018000,0.784000,0.780500,0.780500,0.761240,0.837614,0.722521,0.387797,0.450644,0.387797,0.534864,0.069370,0.601680,0.612078,0.385853,0.789008,0.788451,0.759786,0.985488,0.612203,0.809223,0.032741,0.121556,0.158240,24.544000,0.784000,96.940273,50.000000
without_social_graph_adaptation,medium,35,1035,3.996000,3.082000,3.960000,3.082000,0.878000,0.036000,0.774600,0.767700,0.767700,0.748778,0.833044,0.722614,0.386157,0.451883,0.386157,0.522099,0.069347,0.594056,0.605304,0.382751,0.787248,0.786197,0.754896,0.985474,0.613843,0.807317,0.033239,0.120836,0.163163,24.656000,0.774600,95.780241,50.000000
without_social_graph_adaptation,medium,36,1036,3.952000,3.106000,3.924000,3.106000,0.818000,0.028000,0.791500,0.785833,0.785833,0.766516,0.837232,0.728955,0.393516,0.456772,0.393516,0.533293,0.067761,0.602286,0.629519,0.390025,0.789215,0.787320,0.763912,0.985518,0.606484,0.812539,0.033001,0.121345,0.158597,24.848000,0.791500,97.772456,50.000000
without_social_graph_adaptation,medium,37,1037,4.004000,3.186000,3.980000,3.186000,0.794000,0.024000,0.797267,0.793033,0.793033,0.773442,0.830919,0.735894,0.396201,0.460724,0.396201,0.524614,0.066026,0.592957,0.606704,0.393755,0.788633,0.788011,0.762140,0.985508,0.603799,0.812952,0.033576,0.120163,0.163922,25.488000,0.797267,95.985459,50.000000
without_social_graph_adaptation,medium,38,1038,3.954000,3.114000,3.926000,3.114000,0.812000,0.028000,0.794733,0.788767,0.788767,0.769364,0.824223,0.715108,0.390045,0.453447,0.390045,0.550706,0.071223,0.617519,0.643197,0.386889,0.790427,0.790084,0.762696,0.985553,0.609955,0.813320,0.032856,0.119617,0.160739,24.912000,0.794733,96.630073,50.000000
without_social_graph_adaptation,medium,39,1039,4.008000,3.114000,3.994000,3.114000,0.880000,0.014000,0.782800,0.780067,0.780067,0.760542,0.846231,0.719736,0.396835,0.461964,0.396835,0.522594,0.070066,0.599166,0.626843,0.395290,0.788072,0.790275,0.759508,0.985341,0.603165,0.810123,0.033429,0.124566,0.164101,24.912000,0.782800,95.705358,50.000000
without_social_graph_adaptation,medium,40,1040,4.000000,3.144000,3.976000,3.144000,0.832000,0.024000,0.793933,0.789533,0.789533,0.770190,0.820265,0.730388,0.396515,0.463106,0.396515,0.535685,0.067403,0.606992,0.649626,0.394240,0.789237,0.789839,0.762640,0.985598,0.603485,0.813084,0.032900,0.121951,0.161006,25.152000,0.793933,96.616047,50.000000
without_social_graph_adaptation,medium,41,1041,3.960000,3.114000,3.946000,3.114000,0.832000,0.014000,0.788933,0.785900,0.785900,0.766360,0.830678,0.720794,0.392327,0.453864,0.392327,0.529721,0.069801,0.598236,0.605863,0.390912,0.790174,0.788529,0.765147,0.985390,0.607673,0.813572,0.033033,0.122726,0.162460,24.912000,0.788933,95.443224,50.000000
without_social_graph_adaptation,medium,42,1042,4.044000,3.178000,4.020000,3.178000,0.842000,0.024000,0.790400,0.786400,0.786400,0.766622,0.839492,0.714987,0.381274,0.448092,0.381274,0.542908,0.071253,0.609750,0.631616,0.378900,0.792329,0.788698,0.765980,0.985270,0.618726,0.814176,0.034041,0.125564,0.167125,25.424000,0.790400,95.794312,50.000000
without_social_graph_adaptation,medium,43,1043,4.014000,3.054000,3.976000,3.054000,0.922000,0.038000,0.769100,0.762533,0.762533,0.743656,0.816601,0.715249,0.396484,0.463764,0.396484,0.528245,0.071188,0.598552,0.606889,0.392396,0.782091,0.787075,0.745705,0.985427,0.603516,0.797537,0.033197,0.122155,0.164655,24.432000,0.769100,95.424506,50.000000
without_social_graph_adaptation,medium,44,1044,4.038000,3.110000,4.012000,3.110000,0.902000,0.026000,0.775700,0.770467,0.770467,0.751483,0.854899,0.715002,0.397109,0.460231,0.397109,0.526842,0.071250,0.599153,0.608112,0.394296,0.783969,0.785537,0.751954,0.985564,0.602891,0.803528,0.033703,0.121394,0.163972,24.880000,0.775700,97.125487,50.000000
without_social_graph_adaptation,medium,45,1045,4.018000,3.148000,4.000000,3.148000,0.852000,0.018000,0.785267,0.781667,0.781667,0.762225,0.830161,0.722659,0.398959,0.465313,0.398959,0.539436,0.069335,0.613188,0.666711,0.396703,0.787603,0.788793,0.760678,0.985405,0.601041,0.810283,0.033807,0.123091,0.164523,25.184000,0.785267,97.132763,50.000000
without_social_graph_adaptation,medium,46,1046,4.008000,3.096000,3.982000,3.096000,0.886000,0.026000,0.778700,0.773233,0.773233,0.754184,0.826414,0.720841,0.390365,0.445968,0.390365,0.522316,0.069790,0.593251,0.605342,0.387399,0.787974,0.787274,0.758545,0.985541,0.609635,0.809152,0.033484,0.122074,0.160911,24.768000,0.778700,96.042754,50.000000
without_social_graph_adaptation,medium,47,1047,3.984000,3.012000,3.954000,3.012000,0.942000,0.030000,0.759300,0.754233,0.754233,0.735509,0.838142,0.718360,0.388756,0.452449,0.388756,0.527795,0.070410,0.601532,0.621876,0.385612,0.784845,0.785859,0.750633,0.985400,0.611244,0.801816,0.033307,0.123617,0.161302,24.096000,0.759300,96.103763,50.000000
without_social_graph_adaptation,medium,48,1048,4.008000,3.122000,3.980000,3.122000,0.858000,0.028000,0.785733,0.781500,0.781500,0.761771,0.855075,0.723889,0.394364,0.457504,0.394364,0.536138,0.069028,0.607294,0.638228,0.391070,0.790012,0.788172,0.765150,0.985205,0.605636,0.815408,0.033793,0.125042,0.166105,24.976000,0.785733,96.462428,50.000000
without_social_graph_adaptation,medium,49,1049,4.040000,3.146000,3.990000,3.146000,0.844000,0.050000,0.788033,0.778433,0.778433,0.759441,0.811326,0.724422,0.401755,0.469328,0.401755,0.532568,0.068895,0.604732,0.631867,0.396262,0.786092,0.787675,0.757663,0.985582,0.598245,0.809719,0.033257,0.120997,0.162961,25.168000,0.788033,96.429501,50.000000
without_trust,extreme,0,1000,10.508000,6.196000,9.916000,6.196000,3.720000,0.554000,0.625263,0.589242,0.591336,0.567938,0.940232,0.675217,0.496413,0.538570,0.496413,0.503708,0.081196,0.593165,0.535639,0.465195,0.658490,0.684457,0.463227,0.977856,0.503587,0.711096,0.099692,0.482933,0.643022,49.568000,0.625263,96.309918,49.608000
without_trust,extreme,1,1001,10.372000,6.176000,9.784000,6.176000,3.608000,0.546000,0.631691,0.595162,0.597485,0.573558,0.927611,0.685421,0.491918,0.538019,0.491918,0.487568,0.078645,0.578029,0.512421,0.461472,0.661256,0.685542,0.468621,0.977752,0.508082,0.714304,0.098605,0.480512,0.633379,49.408000,0.631691,96.955240,49.718000
without_trust,extreme,2,1002,10.468000,6.264000,9.850000,6.264000,3.586000,0.594000,0.636239,0.598893,0.600149,0.577090,0.939850,0.684611,0.490802,0.537352,0.490802,0.488984,0.078847,0.582548,0.539227,0.459063,0.660807,0.684483,0.466872,0.977655,0.509198,0.714687,0.099280,0.482187,0.647350,50.112000,0.636239,96.307074,49.624000
without_trust,extreme,3,1003,10.518000,6.316000,10.034000,6.316000,3.718000,0.434000,0.629725,0.600761,0.603758,0.578671,0.933561,0.686261,0.493836,0.533767,0.493836,0.504197,0.078435,0.589152,0.539747,0.469182,0.661563,0.683700,0.471448,0.977693,0.506164,0.717423,0.101646,0.491808,0.656627,50.528000,0.629725,97.036452,49.518000
without_trust,extreme,4,1004,10.508000,6.310000,9.926000,6.310000,3.616000,0.482000,0.635589,0.600865,0.606309,0.578932,0.928597,0.681835,0.496371,0.540086,0.496371,0.500426,0.079541,0.587744,0.534880,0.465574,0.656439,0.679414,0.461718,0.977683,0.503629,0.709338,0.100220,0.488098,0.648542,50.480000,0.635589,96.956909,49.182000
without_trust,extreme,5,1005,10.442000,6.222000,9.986000,6.222000,3.764000,0.406000,0.623612,0.596269,0.599044,0.574463,0.929292,0.671866,0.494011,0.537231,0.494011,0.496813,0.082033,0.582251,0.505549,0.470450,0.658337,0.684565,0.462019,0.977831,0.505989,0.709235,0.099939,0.490638,0.645428,49.776000,0.623612,96.255794,49.500000
without_trust,extreme,6,1006,10.568000,6.388000,10.120000,6.388000,3.732000,0.380000,0.632260,0.605466,0.609141,0.583313,0.936874,0.681283,0.497533,0.533490,0.497533,0.496457,0.079679,0.583583,0.522815,0.474383,0.658243,0.684245,0.463329,0.977890,0.502467,0.710919,0.102336,0.488119,0.658901,51.104000,0.632260,96.882845,49.502000
without_trust,extreme,7,1007,10.504000,6.264000,9.992000,6.264000,3.728000,0.448000,0.627304,0.597152,0.600702,0.575136,0.932747,0.687759,0.503499,0.541737,0.503499,0.486498,0.078060,0.578011,0.516844,0.476178,0.657947,0.683829,0.465670,0.977633,0.496501,0.712939,0.100602,0.488128,0.658673,50.112000,0.627304,96.738130,49.470000
without_trust,extreme,8,1008,10.476000,6.212000,9.880000,6.212000,3.668000,0.562000,0.627340,0.591827,0.593675,0.570509,0.920744,0.683853,0.489753,0.545271,0.489753,0.488947,0.079037,0.580617,0.526638,0.459141,0.660693,0.684761,0.465251,0.977919,0.510247,0.714387,0.099769,0.476430,0.641972,49.696000,0.627340,96.247758,49.676000
without_trust,extreme,9,1009,10.458000,6.222000,9.858000,6.222000,3.636000,0.554000,0.629701,0.593539,0.596504,0.572005,0.926906,0.690511,0.490287,0.535229,0.490287,0.496045,0.077372,0.582212,0.530024,0.459099,0.659436,0.683197,0.463316,0.977788,0.509713,0.712698,0.099927,0.479981,0.642984,49.776000,0.629701,97.170343,49.616000
without_trust,extreme,10,1010,10.524000,6.262000,10.096000,6.262000,3.834000,0.356000,0.621784,0.595346,0.599522,0.573335,0.925384,0.683745,0.501874,0.537656,0.501874,0.495960,0.079064,0.582151,0.524034,0.479136,0.656177,0.679952,0.463720,0.977685,0.498126,0.709705,0.102351,0.491899,0.663751,50.096000,0.621784,95.479403,49.460000
without_trust,extreme,11,1011,10.486000,6.602000,10.232000,6.602000,3.630000,0.212000,0.646280,0.630152,0.632680,0.606593,0.931656,0.680428,0.492509,0.529299,0.492509,0.499895,0.079893,0.585480,0.524869,0.479282,0.663391,0.685317,0.474100,0.977802,0.507491,0.720723,0.102565,0.495600,0.671131,52.816000,0.646280,97.262702,49.704000
without_trust,extreme,12,1012,10.524000,6.348000,10.044000,6.348000,3.696000,0.438000,0.634014,0.605066,0.607708,0.582908,0.930789,0.684946,0.490671,0.531689,0.490671,0.501979,0.078763,0.586732,0.524408,0.465996,0.661595,0.684240,0.468321,0.977814,0.509329,0.717598,0.101236,0.490116,0.653706,50.784000,0.634014,96.699809,49.654000
without_trust,extreme,13,1013,10.516000,6.282000,9.912000,6.282000,3.630000,0.544000,0.633695,0.596992,0.600269,0.575192,0.935031,0.681884,0.500344,0.545536,0.500344,0.491777,0.079529,0.579457,0.517884,0.468270,0.657554,0.683123,0.462735,0.977603,0.499656,0.712548,0.100053,0.486709,0.651816,50.256000,0.633695,97.128466,49.536000
without_trust,extreme,14,1014,10.526000,6.232000,9.874000,6.232000,3.642000,0.594000,0.632681,0.593621,0.596446,0.572118,0.923062,0.685416,0.501946,0.544020,0.501946,0.491612,0.078646,0.579143,0.516092,0.468024,0.656470,0.684572,0.458529,0.977759,0.498054,0.710681,0.098927,0.482086,0.644974,49.856000,0.632681,95.739711,49.540000
without_trust,extreme,15,1015,10.444000,6.286000,9.900000,6.286000,3.614000,0.488000,0.636984,0.603079,0.606240,0.581026,0.936477,0.691902,0.498928,0.540616,0.498928,0.487852,0.077024,0.574978,0.513354,0.469753,0.658834,0.684198,0.464138,0.977685,0.501072,0.715064,0.100080,0.486324,0.646085,50.288000,0.636984,97.404479,49.610000
without_trust,extreme,16,1016,10.492000,6.232000,9.924000,6.232000,3.692000,0.538000,0.628721,0.594730,0.596184,0.573071,0.936088,0.696312,0.503775,0.550721,0.503775,0.481634,0.075922,0.572074,0.511534,0.473848,0.660895,0.683598,0.473905,0.977825,0.496225,0.720117,0.099535,0.483069,0.645553,49.856000,0.628721,97.089616,49.764000
without_trust,extreme,17,1017,10.548000,6.426000,10.088000,6.426000,3.662000,0.420000,0.638679,0.610271,0.612711,0.587861,0.941056,0.677104,0.493147,0.530927,0.493147,0.496582,0.080724,0.585598,0.525141,0.469035,0.661111,0.685851,0.468108,0.977740,0.506853,0.714843,0.101982,0.495276,0.654976,51.408000,0.638679,96.620193,49.574000
without_trust,extreme,18,1018,10.498000,6.402000,10.030000,6.402000,3.628000,0.420000,0.638262,0.611057,0.613768,0.588632,0.925591,0.675125,0.498111,0.537291,0.498111,0.496535,0.081219,0.588950,0.532296,0.473782,0.661059,0.686309,0.467468,0.977851,0.501889,0.719477,0.100884,0.486285,0.653222,51.216000,0.638262,95.377829,49.606000
without_trust,extreme,19,1019,10.578000,6.412000,10.014000,6.412000,3.602000,0.514000,0.641192,0.606224,0.609347,0.584211,0.930563,0.682545,0.504487,0.549750,0.504487,0.502628,0.079364,0.590392,0.537438,0.474543,0.656704,0.683113,0.462190,0.977801,0.495513,0.712131,0.100311,0.488427,0.651657,51.296000,0.641192,96.295895,49.506000
without_trust,extreme,20,1020,10.450000,6.296000,9.904000,6.296000,3.608000,0.484000,0.634706,0.602012,0.605620,0.580123,0.937831,0.689474,0.489460,0.533665,0.489460,0.502226,0.077632,0.585783,0.529162,0.461209,0.659396,0.682969,0.463802,0.977840,0.510540,0.711313,0.099702,0.480783,0.645287,50.368000,0.634706,96.865386,49.574000
without_trust,extreme,21,1021,10.504000,6.360000,9.936000,6.360000,3.576000,0.522000,0.641120,0.605620,0.608491,0.583603,0.925759,0.684815,0.499310,0.546863,0.499310,0.483789,0.078796,0.573404,0.493814,0.468871,0.656869,0.681747,0.463100,0.977747,0.500690,0.709067,0.100266,0.485830,0.646298,50.880000,0.641120,96.825950,49.616000
without_trust,extreme,22,1022,10.440000,6.136000,9.892000,6.136000,3.756000,0.518000,0.619661,0.587468,0.589065,0.566198,0.914804,0.675408,0.493923,0.541701,0.493923,0.493309,0.081148,0.582421,0.512991,0.465644,0.657326,0.681378,0.461332,0.977964,0.506077,0.709175,0.099161,0.477849,0.640950,49.088000,0.619661,96.891243,49.536000
without_trust,extreme,23,1023,10.552000,6.282000,9.830000,6.282000,3.548000,0.674000,0.640105,0.595806,0.598531,0.574361,0.931072,0.671690,0.491997,0.540878,0.491997,0.497420,0.082078,0.590513,0.543666,0.454759,0.659689,0.683782,0.464932,0.977741,0.508003,0.712844,0.098638,0.482693,0.640128,50.256000,0.640105,96.138878,49.638000
without_trust,extreme,24,1024,10.480000,6.230000,9.924000,6.230000,3.694000,0.524000,0.626951,0.595126,0.596726,0.573292,0.932013,0.679387,0.491473,0.534371,0.491473,0.509744,0.080153,0.593639,0.531337,0.462088,0.659260,0.683865,0.463068,0.977656,0.508527,0.712175,0.100758,0.491707,0.642505,49.840000,0.626951,95.749626,49.700000
without_trust,extreme,25,1025,10.488000,6.184000,9.824000,6.184000,3.640000,0.612000,0.628491,0.588330,0.591381,0.567250,0.931924,0.678433,0.498736,0.549017,0.498736,0.493643,0.080392,0.587017,0.535121,0.464140,0.658501,0.684866,0.464272,0.977884,0.501264,0.711383,0.098900,0.478594,0.633049,49.472000,0.628491,96.815979,49.564000
without_trust,extreme,26,1026,10.520000,6.272000,9.940000,6.272000,3.668000,0.538000,0.631449,0.596130,0.598762,0.574475,0.931094,0.684460,0.492295,0.539198,0.492295,0.488505,0.078885,0.577142,0.502851,0.462692,0.660489,0.684423,0.466963,0.977781,0.507705,0.714129,0.100014,0.485012,0.648392,50.176000,0.631449,96.724791,49.698000
without_trust,extreme,27,1027,10.530000,6.480000,10.122000,6.480000,3.642000,0.378000,0.640962,0.615717,0.617507,0.593084,0.937960,0.694460,0.509816,0.549913,0.509816,0.491369,0.076385,0.580958,0.532674,0.488164,0.658382,0.685516,0.469079,0.977785,0.490184,0.714360,0.102249,0.493771,0.657579,51.840000,0.640962,96.168170,49.636000
without_trust,extreme,28,1028,10.530000,6.262000,9.856000,6.262000,3.594000,0.622000,0.634368,0.594559,0.597358,0.572925,0.943251,0.677760,0.498891,0.540530,0.498891,0.509154,0.080560,0.595275,0.542857,0.463793,0.658730,0.685330,0.464045,0.977563,0.501109,0.712762,0.099878,0.486476,0.648058,50.096000,0.634368,96.823197,49.640000
without_trust,extreme,29,1029,10.514000,6.382000,10.022000,6.382000,3.640000,0.448000,0.636042,0.606443,0.609038,0.584451,0.923572,0.682952,0.502956,0.548988,0.502956,0.490738,0.079262,0.581242,0.519237,0.477155,0.658446,0.683097,0.465260,0.977951,0.497044,0.716840,0.100983,0.488498,0.642211,51.056000,0.636042,97.166319,49.614000
without_trust,extreme,30,1030,10.606000,6.306000,9.916000,6.306000,3.610000,0.672000,0.635455,0.594886,0.595855,0.573509,0.934909,0.687876,0.502578,0.551683,0.502578,0.487429,0.078031,0.581655,0.538217,0.467020,0.659154,0.685318,0.467357,0.977801,0.497422,0.714362,0.099971,0.485615,0.641536,50.448000,0.635455,96.803319,49.652000
without_trust,extreme,31,1031,10.442000,6.402000,10.114000,6.402000,3.712000,0.278000,0.633199,0.613427,0.616249,0.590657,0.927743,0.685573,0.499867,0.536022,0.499867,0.498402,0.078607,0.584475,0.516540,0.482446,0.658229,0.681431,0.464885,0.977795,0.500133,0.715882,0.102240,0.494645,0.655784,51.216000,0.633199,96.406642,49.620000
without_trust,extreme,32,1032,10.510000,6.398000,10.078000,6.398000,3.680000,0.372000,0.635292,0.608980,0.612330,0.586567,0.937354,0.684833,0.496344,0.538556,0.496344,0.506013,0.078792,0.588914,0.521873,0.473935,0.658721,0.681946,0.464521,0.977792,0.503656,0.714936,0.101497,0.490944,0.657451,51.184000,0.635292,96.340469,49.556000
without_trust,extreme,33,1033,10.552000,6.294000,9.800000,6.294000,3.506000,0.704000,0.643536,0.597888,0.600270,0.576513,0.934991,0.672671,0.486061,0.543279,0.486061,0.508236,0.081832,0.595636,0.549747,0.447989,0.660112,0.683553,0.463687,0.977829,0.513939,0.711402,0.098670,0.474959,0.638593,50.352000,0.643536,95.462721,49.530000
without_trust,extreme,34,1034,10.482000,6.218000,9.800000,6.218000,3.582000,0.650000,0.634214,0.593445,0.594976,0.571948,0.932704,0.683633,0.493692,0.542203,0.493692,0.492863,0.079092,0.582175,0.525254,0.457491,0.660263,0.684273,0.465381,0.977689,0.506308,0.716615,0.098878,0.482636,0.636947,49.744000,0.634214,95.814286,49.604000
without_trust,extreme,35,1035,10.632000,6.234000,9.930000,6.234000,3.696000,0.634000,0.625821,0.586304,0.589756,0.565182,0.944057,0.691130,0.495563,0.543492,0.495563,0.499642,0.077217,0.586564,0.536559,0.459009,0.658806,0.683730,0.462849,0.977913,0.504437,0.713802,0.100119,0.485805,0.639430,49.872000,0.625821,96.367169,49.538000
without_trust,extreme,36,1036,10.546000,6.186000,9.874000,6.186000,3.688000,0.642000,0.627524,0.587114,0.588819,0.565829,0.937061,0.676519,0.491373,0.539326,0.491373,0.495345,0.080870,0.585509,0.523099,0.456043,0.659817,0.684845,0.464036,0.977728,0.508627,0.712425,0.099561,0.484305,0.642946,49.488000,0.627524,96.241029,49.678000
without_trust,extreme,37,1037,10.528000,6.236000,10.048000,6.236000,3.812000,0.438000,0.619443,0.591498,0.593889,0.569802,0.933104,0.687161,0.500991,0.546476,0.500991,0.480886,0.078210,0.575425,0.514256,0.475651,0.657630,0.684729,0.463002,0.977766,0.499009,0.710453,0.101116,0.491446,0.654366,49.888000,0.619443,96.253282,49.540000
without_trust,extreme,38,1038,10.532000,6.448000,9.958000,6.448000,3.510000,0.498000,0.646856,0.612289,0.616704,0.589907,0.940507,0.675847,0.502742,0.545026,0.502742,0.503254,0.081038,0.593482,0.551611,0.472275,0.658566,0.683244,0.465987,0.977735,0.497258,0.716347,0.100247,0.484661,0.653479,51.584000,0.646856,97.329483,49.392000
without_trust,extreme,39,1039,10.448000,6.328000,9.936000,6.328000,3.608000,0.462000,0.637873,0.607084,0.609998,0.585009,0.932258,0.677290,0.502994,0.544529,0.502994,0.494873,0.080678,0.586746,0.525068,0.475808,0.659013,0.684015,0.467096,0.977898,0.497006,0.716356,0.099802,0.481560,0.645577,50.624000,0.637873,95.753985,49.612000
without_trust,extreme,40,1040,10.498000,6.202000,9.834000,6.202000,3.632000,0.616000,0.632064,0.590687,0.593518,0.569451,0.927356,0.678935,0.499133,0.546465,0.499133,0.497133,0.080266,0.583657,0.519525,0.463466,0.658363,0.684277,0.465611,0.977812,0.500867,0.710221,0.099060,0.482034,0.634678,49.616000,0.632064,97.386393,49.454000
without_trust,extreme,41,1041,10.438000,6.154000,9.934000,6.154000,3.780000,0.436000,0.617839,0.588944,0.592549,0.567185,0.935697,0.686395,0.498992,0.540945,0.498992,0.497861,0.078401,0.585131,0.525043,0.472576,0.657156,0.682462,0.462736,0.977618,0.501008,0.709891,0.100873,0.484089,0.658610,49.232000,0.617839,96.207853,49.494000
without_trust,extreme,42,1042,10.448000,6.282000,9.886000,6.282000,3.604000,0.536000,0.635892,0.601984,0.603210,0.579989,0.943536,0.685040,0.498619,0.545469,0.498619,0.494619,0.078740,0.589816,0.548673,0.469151,0.660163,0.685203,0.467343,0.977685,0.501381,0.716784,0.100058,0.481777,0.649456,50.256000,0.635892,97.051373,49.682000
without_trust,extreme,43,1043,10.520000,6.250000,9.862000,6.250000,3.612000,0.632000,0.632450,0.593575,0.595060,0.572015,0.936660,0.685116,0.502012,0.550651,0.502012,0.489952,0.078721,0.580242,0.523263,0.467090,0.659620,0.685841,0.468219,0.977707,0.497988,0.714663,0.099278,0.485842,0.641054,50.000000,0.632450,96.196622,49.576000
without_trust,extreme,44,1044,10.536000,6.480000,10.162000,6.480000,3.682000,0.330000,0.636399,0.614603,0.617181,0.591867,0.940002,0.671890,0.491353,0.531988,0.491353,0.502759,0.082028,0.591233,0.532088,0.471912,0.661811,0.685349,0.469518,0.977822,0.508647,0.716125,0.102583,0.493749,0.661630,51.840000,0.636399,96.485630,49.576000
without_trust,extreme,45,1045,10.488000,6.274000,9.988000,6.274000,3.714000,0.412000,0.627554,0.598319,0.603254,0.576495,0.928829,0.684175,0.499321,0.541643,0.499321,0.483921,0.078956,0.575516,0.510369,0.473522,0.658015,0.685084,0.462641,0.977873,0.500679,0.710876,0.100641,0.485690,0.648036,50.192000,0.627554,96.301202,49.424000
without_trust,extreme,46,1046,10.514000,6.196000,9.916000,6.196000,3.720000,0.548000,0.624178,0.588613,0.591126,0.567286,0.930976,0.677415,0.498907,0.546834,0.498907,0.498775,0.080646,0.586568,0.526063,0.466660,0.657150,0.682537,0.463412,0.977796,0.501093,0.708567,0.099621,0.482055,0.646704,49.568000,0.624178,96.167994,49.520000
without_trust,extreme,47,1047,10.458000,6.314000,9.968000,6.314000,3.654000,0.454000,0.633529,0.603941,0.606141,0.582003,0.934760,0.680409,0.497884,0.536642,0.497884,0.493984,0.079898,0.581160,0.511548,0.471912,0.658465,0.685413,0.463827,0.977932,0.502116,0.709951,0.100215,0.483356,0.642728,50.512000,0.633529,97.531246,49.724000
without_trust,extreme,48,1048,10.560000,6.392000,9.992000,6.392000,3.600000,0.506000,0.640460,0.604928,0.608621,0.582789,0.939220,0.684333,0.495508,0.541008,0.495508,0.504136,0.078917,0.590737,0.537961,0.465943,0.657995,0.680802,0.463655,0.977632,0.504492,0.712969,0.101312,0.491012,0.655112,51.136000,0.640460,95.861722,49.430000
without_trust,extreme,49,1049,10.526000,6.278000,9.870000,6.278000,3.592000,0.616000,0.637201,0.596916,0.599121,0.575509,0.925964,0.683453,0.494779,0.541789,0.494779,0.485715,0.079137,0.574902,0.499211,0.460544,0.660032,0.684567,0.464924,0.977884,0.505221,0.716244,0.099301,0.486169,0.629876,50.224000,0.637201,96.936950,49.688000
without_trust,high,0,1000,7.030000,4.886000,6.878000,4.886000,1.992000,0.152000,0.709950,0.694667,0.694667,0.673480,0.896043,0.700061,0.451059,0.493530,0.451059,0.537661,0.074985,0.613535,0.598988,0.440180,0.688129,0.735858,0.478167,0.981905,0.548941,0.733940,0.063068,0.268422,0.359127,39.088000,0.709950,95.614525,50.000000
without_trust,high,1,1001,7.004000,4.890000,6.846000,4.890000,1.956000,0.158000,0.715043,0.699083,0.699083,0.677657,0.891426,0.705202,0.441655,0.494612,0.441655,0.527078,0.073700,0.597820,0.562991,0.430754,0.688770,0.733861,0.477493,0.981825,0.558345,0.732691,0.063047,0.268156,0.359516,39.120000,0.715043,96.169188,50.000000
without_trust,high,2,1002,7.010000,4.806000,6.826000,4.806000,2.020000,0.184000,0.705743,0.687321,0.687321,0.666310,0.894612,0.699288,0.443787,0.489093,0.443787,0.536836,0.075178,0.607698,0.569178,0.430885,0.687797,0.735694,0.474418,0.981791,0.556213,0.730063,0.063024,0.269543,0.357685,38.448000,0.705743,95.910067,50.000000
without_trust,high,3,1003,7.006000,4.870000,6.886000,4.870000,2.016000,0.120000,0.706348,0.694714,0.694714,0.673197,0.887515,0.708550,0.441733,0.485647,0.441733,0.540154,0.072863,0.606561,0.565303,0.432751,0.690855,0.734198,0.482814,0.981684,0.558267,0.737765,0.063430,0.271549,0.365637,38.960000,0.706348,96.593257,50.000000
without_trust,high,4,1004,7.078000,4.816000,6.926000,4.816000,2.110000,0.152000,0.695533,0.680643,0.680643,0.659934,0.903505,0.709430,0.451685,0.495054,0.451685,0.523629,0.072642,0.595783,0.553317,0.440637,0.685565,0.734992,0.472255,0.981889,0.548315,0.728526,0.063833,0.271164,0.361083,38.528000,0.695533,95.787277,50.000000
without_trust,high,5,1005,6.992000,4.756000,6.842000,4.756000,2.086000,0.150000,0.697331,0.682190,0.682190,0.661203,0.895292,0.699528,0.451338,0.496654,0.451338,0.518244,0.075118,0.593261,0.542861,0.439924,0.685553,0.733253,0.472183,0.981696,0.548662,0.731293,0.063223,0.269764,0.361682,38.048000,0.697331,95.821754,50.000000
without_trust,high,6,1006,7.022000,4.904000,6.920000,4.904000,2.016000,0.102000,0.709655,0.699012,0.699012,0.677490,0.889007,0.701327,0.448886,0.491071,0.448886,0.534484,0.074668,0.605652,0.566252,0.441164,0.687147,0.734897,0.474126,0.981881,0.551114,0.732891,0.063632,0.271345,0.361055,39.232000,0.709655,95.360878,50.000000
without_trust,high,7,1007,6.994000,4.850000,6.888000,4.850000,2.038000,0.106000,0.704098,0.693226,0.693226,0.671822,0.887589,0.705059,0.440739,0.479478,0.440739,0.527154,0.073735,0.598296,0.551717,0.432745,0.691017,0.736255,0.482383,0.981779,0.559261,0.734790,0.063833,0.271168,0.362009,38.800000,0.704098,95.966668,50.000000
without_trust,high,8,1008,7.044000,4.900000,6.934000,4.900000,2.034000,0.110000,0.706055,0.695714,0.695714,0.674283,0.883956,0.701049,0.444552,0.485489,0.444552,0.527515,0.074738,0.603100,0.571835,0.436587,0.690991,0.736983,0.483682,0.981769,0.555448,0.735514,0.063896,0.274601,0.362198,39.200000,0.706055,96.047938,50.000000
without_trust,high,9,1009,6.994000,4.884000,6.846000,4.884000,1.962000,0.148000,0.713007,0.698464,0.698464,0.676968,0.907865,0.710262,0.450188,0.496417,0.450188,0.547422,0.072435,0.617291,0.606701,0.439219,0.687433,0.735028,0.475748,0.981804,0.549812,0.733606,0.063343,0.269303,0.359267,39.072000,0.713007,96.326010,50.000000
without_trust,high,10,1010,7.002000,4.958000,6.946000,4.958000,1.988000,0.056000,0.714069,0.708548,0.708548,0.686636,0.893989,0.704221,0.439460,0.477039,0.439460,0.546706,0.073945,0.611957,0.580077,0.435487,0.689718,0.736301,0.477676,0.981838,0.560540,0.731862,0.064203,0.273488,0.362764,39.664000,0.714069,95.030708,50.000000
without_trust,high,11,1011,7.026000,4.902000,6.948000,4.902000,2.046000,0.078000,0.704405,0.696595,0.696595,0.675292,0.898749,0.701841,0.441341,0.481265,0.441341,0.544525,0.074540,0.612441,0.577486,0.435748,0.690412,0.737895,0.479468,0.981969,0.558659,0.732730,0.063735,0.270500,0.360969,39.216000,0.704405,95.003078,50.000000
without_trust,high,12,1012,6.958000,4.770000,6.848000,4.770000,2.078000,0.110000,0.696329,0.684512,0.684512,0.663290,0.885146,0.704559,0.446686,0.489792,0.446686,0.523421,0.073860,0.592814,0.543448,0.437961,0.686200,0.734194,0.472341,0.981719,0.553314,0.728721,0.063206,0.267994,0.364142,38.160000,0.696329,95.953372,50.000000
without_trust,high,13,1013,7.084000,4.906000,6.930000,4.906000,2.024000,0.154000,0.707269,0.691500,0.691500,0.670216,0.902013,0.700570,0.448442,0.500596,0.448442,0.516996,0.074858,0.594090,0.554181,0.437169,0.686975,0.733879,0.473597,0.981708,0.551558,0.733990,0.063856,0.273098,0.366877,39.248000,0.707269,96.334419,50.000000
without_trust,high,14,1014,7.012000,4.762000,6.818000,4.762000,2.056000,0.194000,0.697188,0.678619,0.678619,0.657964,0.867349,0.704294,0.446269,0.498015,0.446269,0.523208,0.073926,0.599386,0.571081,0.432398,0.685674,0.732132,0.472100,0.981843,0.553731,0.728785,0.063403,0.267852,0.355355,38.096000,0.697188,97.987798,50.000000
without_trust,high,15,1015,7.012000,4.862000,6.870000,4.862000,2.008000,0.142000,0.708686,0.693952,0.693952,0.672705,0.892818,0.690831,0.453217,0.501780,0.453217,0.516118,0.077292,0.593686,0.540866,0.443087,0.686178,0.733751,0.475305,0.981826,0.546783,0.731803,0.063710,0.271164,0.357337,38.896000,0.708686,96.367528,50.000000
without_trust,high,16,1016,6.984000,4.820000,6.854000,4.820000,2.034000,0.130000,0.704729,0.691464,0.691464,0.670310,0.875846,0.712743,0.441548,0.490362,0.441548,0.526492,0.071814,0.600686,0.578882,0.432209,0.690276,0.737407,0.478406,0.981854,0.558452,0.734464,0.062950,0.269875,0.356839,38.560000,0.704729,96.381139,50.000000
without_trust,high,17,1017,7.020000,4.750000,6.878000,4.750000,2.128000,0.142000,0.689933,0.676679,0.676679,0.655852,0.905538,0.711875,0.449883,0.494454,0.449883,0.529221,0.072031,0.602474,0.588188,0.439484,0.687417,0.733676,0.478732,0.981766,0.550117,0.731516,0.063947,0.270105,0.362808,38.000000,0.689933,95.812779,50.000000
without_trust,high,18,1018,7.002000,4.750000,6.872000,4.750000,2.122000,0.130000,0.690919,0.678190,0.678190,0.657520,0.887519,0.710069,0.450277,0.493902,0.450277,0.528175,0.072483,0.599328,0.561566,0.440475,0.687266,0.735703,0.475659,0.981968,0.549723,0.731524,0.063217,0.270109,0.354384,38.000000,0.690919,96.566670,50.000000
without_trust,high,19,1019,6.980000,4.798000,6.844000,4.798000,2.046000,0.136000,0.701455,0.687976,0.687976,0.667072,0.898918,0.706989,0.444211,0.486278,0.444211,0.526466,0.073253,0.597823,0.559654,0.434495,0.687215,0.733203,0.474933,0.981956,0.555789,0.730296,0.063284,0.266579,0.355854,38.384000,0.701455,96.735430,49.998000
without_trust,high,20,1020,6.960000,4.698000,6.774000,4.698000,2.076000,0.186000,0.691710,0.673976,0.673976,0.653513,0.866941,0.696335,0.452295,0.499782,0.452295,0.518822,0.075916,0.593242,0.544665,0.438036,0.685784,0.734117,0.474862,0.981889,0.547705,0.728432,0.062250,0.266848,0.351693,37.584000,0.691710,95.555020,50.000000
without_trust,high,21,1021,6.932000,4.790000,6.834000,4.790000,2.044000,0.098000,0.700271,0.690262,0.690262,0.668914,0.875235,0.712263,0.444344,0.485530,0.444344,0.524204,0.071934,0.592236,0.542050,0.437015,0.689494,0.735819,0.479262,0.981759,0.555656,0.734170,0.063190,0.269406,0.358753,38.320000,0.700271,96.023472,50.000000
without_trust,high,22,1022,6.978000,4.808000,6.842000,4.808000,2.034000,0.136000,0.701902,0.688417,0.688417,0.667361,0.902776,0.702259,0.444330,0.484964,0.444330,0.540048,0.074435,0.608027,0.573836,0.434056,0.689714,0.735253,0.481963,0.981905,0.555670,0.732671,0.062687,0.266913,0.358692,38.464000,0.701902,96.478933,50.000000
without_trust,high,23,1023,6.968000,4.802000,6.782000,4.802000,1.980000,0.186000,0.710824,0.690714,0.690714,0.669719,0.899580,0.721049,0.447908,0.495032,0.447908,0.524012,0.069738,0.596582,0.571631,0.434498,0.689787,0.736553,0.480252,0.981843,0.552092,0.736865,0.062920,0.266360,0.354775,38.416000,0.710824,96.288485,50.000000
without_trust,high,24,1024,6.976000,4.774000,6.796000,4.774000,2.022000,0.180000,0.701140,0.683500,0.683500,0.662642,0.894299,0.700429,0.448098,0.493894,0.448098,0.509706,0.074893,0.586540,0.529083,0.434613,0.687077,0.735232,0.474772,0.981800,0.551902,0.730344,0.063108,0.266972,0.356507,38.192000,0.701140,96.704455,50.000000
without_trust,high,25,1025,6.998000,4.790000,6.830000,4.790000,2.040000,0.168000,0.700262,0.683774,0.683774,0.663065,0.882948,0.703973,0.440681,0.487300,0.440681,0.543017,0.074007,0.610501,0.575502,0.428239,0.687689,0.733194,0.474295,0.981969,0.559319,0.730463,0.063604,0.267291,0.351772,38.320000,0.700262,96.354103,50.000000
without_trust,high,26,1026,7.026000,4.828000,6.818000,4.828000,1.990000,0.208000,0.708152,0.686512,0.686512,0.665541,0.895421,0.711357,0.456383,0.506567,0.456383,0.525672,0.072161,0.602999,0.583131,0.440676,0.687866,0.733883,0.480348,0.981835,0.543617,0.738145,0.062892,0.265132,0.361421,38.624000,0.708152,96.567243,50.000000
without_trust,high,27,1027,7.014000,4.920000,6.924000,4.920000,2.004000,0.090000,0.710876,0.701405,0.701405,0.679829,0.907139,0.704772,0.454051,0.499073,0.454051,0.532306,0.073807,0.607216,0.589176,0.447083,0.688782,0.736183,0.482223,0.981845,0.545949,0.734960,0.064167,0.272433,0.361404,39.360000,0.710876,95.150084,50.000000
without_trust,high,28,1028,7.056000,4.762000,6.876000,4.762000,2.114000,0.180000,0.692838,0.675381,0.675381,0.654815,0.894080,0.709782,0.448528,0.491010,0.448528,0.520838,0.072554,0.595348,0.570731,0.435490,0.686476,0.734110,0.474992,0.981870,0.551472,0.728673,0.063219,0.269640,0.360022,38.096000,0.692838,96.730056,50.000000
without_trust,high,29,1029,7.028000,4.828000,6.900000,4.828000,2.072000,0.128000,0.699495,0.687202,0.687202,0.666215,0.868488,0.709199,0.449401,0.495380,0.449401,0.516149,0.072700,0.591730,0.551041,0.440125,0.687036,0.734410,0.473111,0.981911,0.550599,0.734872,0.063553,0.269930,0.359485,38.624000,0.699495,95.847292,49.992000
without_trust,high,30,1030,6.992000,4.706000,6.768000,4.706000,2.062000,0.224000,0.696733,0.674476,0.674476,0.654115,0.887277,0.695909,0.447746,0.491809,0.447746,0.533710,0.076023,0.606284,0.575864,0.431432,0.686967,0.734314,0.475079,0.981898,0.552254,0.730358,0.062379,0.263134,0.353494,37.648000,0.696733,95.694336,50.000000
without_trust,high,31,1031,6.994000,4.808000,6.866000,4.808000,2.058000,0.128000,0.700993,0.688988,0.688988,0.667813,0.885974,0.709460,0.449660,0.498236,0.449660,0.521772,0.072635,0.592559,0.545618,0.440237,0.686398,0.733512,0.472228,0.981836,0.550340,0.734051,0.063797,0.268204,0.360305,38.464000,0.700993,95.223509,50.000000
without_trust,high,32,1032,7.024000,4.812000,6.902000,4.812000,2.090000,0.122000,0.694983,0.683393,0.683393,0.662461,0.888704,0.706949,0.447854,0.491679,0.447854,0.524494,0.073263,0.593546,0.540554,0.438959,0.687958,0.735472,0.476259,0.981893,0.552146,0.732911,0.064041,0.270165,0.359163,38.496000,0.694983,96.642882,50.000000
without_trust,high,33,1033,7.040000,4.822000,6.854000,4.822000,2.032000,0.186000,0.705914,0.687048,0.687048,0.666225,0.883906,0.695558,0.437570,0.483799,0.437570,0.540733,0.076110,0.608716,0.575325,0.424368,0.689678,0.735469,0.476137,0.981921,0.562430,0.733086,0.063191,0.268581,0.356249,38.576000,0.705914,95.527343,50.000000
without_trust,high,34,1034,6.946000,4.764000,6.740000,4.764000,1.976000,0.206000,0.704957,0.683714,0.683714,0.663027,0.874997,0.706857,0.441616,0.490340,0.441616,0.533092,0.073286,0.601952,0.561452,0.426217,0.689092,0.734433,0.477152,0.981885,0.558384,0.734023,0.062066,0.264191,0.351860,38.112000,0.704957,95.894850,50.000000
without_trust,high,35,1035,6.996000,4.860000,6.852000,4.860000,1.992000,0.144000,0.711814,0.696321,0.696321,0.675112,0.900804,0.706622,0.444730,0.486755,0.444730,0.534574,0.073345,0.606496,0.575580,0.434433,0.687935,0.734769,0.474198,0.981924,0.555270,0.733538,0.063408,0.265421,0.359472,38.880000,0.711814,96.800049,50.000000
without_trust,high,36,1036,7.020000,4.822000,6.864000,4.822000,2.042000,0.156000,0.702936,0.686810,0.686810,0.665856,0.902567,0.693793,0.444221,0.492401,0.444221,0.516189,0.076552,0.595055,0.543178,0.432901,0.684858,0.731553,0.469979,0.981838,0.555779,0.725638,0.063144,0.268992,0.359664,38.576000,0.702936,97.040396,50.000000
without_trust,high,37,1037,7.006000,4.906000,6.898000,4.906000,1.992000,0.108000,0.711198,0.700155,0.700155,0.678701,0.908443,0.706107,0.449236,0.491495,0.449236,0.527284,0.073473,0.600797,0.567243,0.441168,0.688807,0.734266,0.478319,0.981898,0.550764,0.738648,0.063810,0.268265,0.361069,39.248000,0.711198,95.710839,50.000000
without_trust,high,38,1038,6.940000,4.782000,6.826000,4.782000,2.044000,0.114000,0.701324,0.689024,0.689024,0.667768,0.905532,0.705914,0.440309,0.486920,0.440309,0.541668,0.073522,0.610473,0.578194,0.432030,0.687792,0.734148,0.472906,0.981761,0.559691,0.731176,0.063066,0.269266,0.358591,38.256000,0.701324,96.291839,50.000000
without_trust,high,39,1039,6.994000,4.864000,6.866000,4.864000,2.002000,0.128000,0.708014,0.695952,0.695952,0.674461,0.881203,0.706053,0.452816,0.499823,0.452816,0.533483,0.073487,0.602897,0.565060,0.443206,0.685837,0.733551,0.474302,0.981779,0.547184,0.731071,0.063600,0.268360,0.363651,38.912000,0.708014,96.655659,50.000000
without_trust,high,40,1040,7.038000,4.798000,6.926000,4.798000,2.128000,0.112000,0.692210,0.682024,0.682024,0.661081,0.879559,0.707145,0.448364,0.498390,0.448364,0.526829,0.073214,0.598920,0.563942,0.439916,0.685326,0.731575,0.471818,0.981892,0.551636,0.730043,0.063618,0.270545,0.362377,38.384000,0.692210,96.048652,50.000000
without_trust,high,41,1041,6.960000,4.760000,6.856000,4.760000,2.096000,0.104000,0.695062,0.684548,0.684548,0.663339,0.899724,0.700968,0.458766,0.500797,0.458766,0.523123,0.074758,0.597516,0.561271,0.450726,0.684263,0.733971,0.471298,0.981690,0.541234,0.730969,0.063694,0.274356,0.358175,38.080000,0.695062,96.422544,50.000000
without_trust,high,42,1042,6.934000,4.658000,6.762000,4.658000,2.104000,0.172000,0.688929,0.672190,0.672190,0.651532,0.884661,0.707096,0.457071,0.505009,0.457071,0.510811,0.073226,0.586286,0.537105,0.443851,0.685373,0.734900,0.474925,0.981729,0.542929,0.729512,0.062847,0.266460,0.357663,37.264000,0.688929,95.546521,50.000000
without_trust,high,43,1043,6.956000,4.744000,6.792000,4.744000,2.048000,0.164000,0.700062,0.682167,0.682167,0.661168,0.887108,0.694591,0.449928,0.493534,0.449928,0.521897,0.076352,0.594995,0.544235,0.437829,0.685278,0.734213,0.471445,0.981711,0.550072,0.727601,0.062983,0.267163,0.360206,37.952000,0.700062,95.874367,50.000000
without_trust,high,44,1044,6.998000,4.850000,6.888000,4.850000,2.038000,0.110000,0.705924,0.695333,0.695333,0.673851,0.910983,0.711519,0.448876,0.482889,0.448876,0.537598,0.072120,0.607400,0.581010,0.440835,0.689997,0.736582,0.481688,0.981798,0.551124,0.737173,0.063596,0.270616,0.362360,38.800000,0.705924,95.708712,50.000000
without_trust,high,45,1045,6.950000,4.830000,6.870000,4.830000,2.040000,0.080000,0.704464,0.696464,0.696464,0.675087,0.871490,0.707271,0.439918,0.476457,0.439918,0.530167,0.073182,0.596141,0.547097,0.434086,0.689640,0.736370,0.476988,0.981890,0.560082,0.732601,0.063357,0.268734,0.358254,38.640000,0.704464,97.074934,50.000000
without_trust,high,46,1046,6.994000,4.918000,6.874000,4.918000,1.956000,0.120000,0.715676,0.702833,0.702833,0.681350,0.880309,0.714514,0.454585,0.500924,0.454585,0.521386,0.071372,0.595037,0.566083,0.445482,0.687602,0.736565,0.478366,0.981906,0.545415,0.732865,0.063410,0.269351,0.357227,39.344000,0.715676,95.891001,50.000000
without_trust,high,47,1047,6.918000,4.810000,6.738000,4.810000,1.928000,0.180000,0.714533,0.696571,0.696571,0.675334,0.885015,0.707311,0.451597,0.502226,0.451597,0.537782,0.073172,0.608869,0.586408,0.438477,0.686202,0.732339,0.476074,0.981813,0.548403,0.731665,0.062419,0.265861,0.351658,38.480000,0.714533,96.692390,50.000000
without_trust,high,48,1048,6.940000,4.810000,6.802000,4.810000,1.992000,0.138000,0.707693,0.694333,0.694333,0.673178,0.887968,0.704050,0.439173,0.482482,0.439173,0.535688,0.073988,0.603595,0.566650,0.428870,0.689130,0.735648,0.475975,0.981935,0.560827,0.731306,0.062856,0.267874,0.351218,38.480000,0.707693,94.933693,50.000000
without_trust,high,49,1049,6.998000,4.824000,6.800000,4.824000,1.976000,0.198000,0.707155,0.688238,0.688238,0.667308,0.885026,0.711884,0.446800,0.497317,0.446800,0.520220,0.072029,0.597251,0.573035,0.432492,0.690272,0.734991,0.482649,0.981852,0.553200,0.738065,0.062770,0.266498,0.356220,38.592000,0.707155,96.718874,50.000000
without_trust,low,0,1000,1.480000,1.190000,1.480000,1.190000,0.290000,0.000000,0.810000,0.810000,0.810000,0.794603,0.811415,0.801061,0.331935,0.362342,0.331935,0.585939,0.049735,0.618927,0.639341,0.331935,0.722026,0.792921,0.470223,0.988824,0.668065,0.726768,0.010636,0.034214,0.046355,9.520000,0.810000,85.788612,50.000000
without_trust,low,1,1001,1.494000,1.182000,1.494000,1.182000,0.312000,0.000000,0.800000,0.800000,0.800000,0.784627,0.776251,0.806245,0.317482,0.349855,0.317482,0.577880,0.048439,0.609113,0.619631,0.317482,0.723947,0.791595,0.470476,0.988762,0.682518,0.725776,0.010831,0.034762,0.046209,9.456000,0.800000,86.060132,50.000000
without_trust,low,2,1002,1.490000,1.142000,1.490000,1.142000,0.348000,0.000000,0.767000,0.767000,0.767000,0.752668,0.770506,0.802087,0.335558,0.375224,0.335558,0.554794,0.049478,0.594769,0.605051,0.335558,0.719242,0.789672,0.465663,0.988974,0.664442,0.725030,0.010783,0.034781,0.043947,9.136000,0.767000,83.501220,50.000000
without_trust,low,3,1003,1.508000,1.172000,1.508000,1.172000,0.336000,0.000000,0.774000,0.774000,0.774000,0.759424,0.784006,0.794318,0.332119,0.365262,0.332119,0.573169,0.051421,0.607703,0.611308,0.332119,0.720276,0.791946,0.465132,0.988885,0.667881,0.724802,0.010790,0.034840,0.046436,9.376000,0.774000,83.459548,50.000000
without_trust,low,4,1004,1.522000,1.180000,1.522000,1.180000,0.342000,0.000000,0.773000,0.773000,0.773000,0.758305,0.793680,0.794427,0.327493,0.360048,0.327493,0.576848,0.051393,0.609698,0.608199,0.327493,0.722076,0.794269,0.469177,0.988846,0.672507,0.721753,0.010781,0.035336,0.047315,9.440000,0.773000,83.099382,50.000000
without_trust,low,5,1005,1.508000,1.178000,1.506000,1.178000,0.328000,0.002000,0.779000,0.778000,0.778000,0.763227,0.750712,0.802277,0.333160,0.373003,0.333160,0.563378,0.049431,0.598542,0.605479,0.332893,0.721346,0.793129,0.467423,0.988828,0.666840,0.727296,0.010597,0.034824,0.047103,9.424000,0.779000,83.201516,50.000000
without_trust,low,6,1006,1.502000,1.178000,1.502000,1.178000,0.324000,0.000000,0.786000,0.786000,0.786000,0.771345,0.793914,0.806079,0.332467,0.372926,0.332467,0.578923,0.048480,0.612763,0.647932,0.332467,0.720962,0.792548,0.468113,0.988995,0.667533,0.724182,0.010673,0.034836,0.045090,9.424000,0.786000,82.470233,50.000000
without_trust,low,7,1007,1.502000,1.172000,1.502000,1.172000,0.330000,0.000000,0.779000,0.779000,0.779000,0.764168,0.780549,0.799131,0.331204,0.363342,0.331204,0.574342,0.050217,0.605966,0.598867,0.331204,0.720348,0.792465,0.466139,0.988890,0.668796,0.722110,0.010795,0.034393,0.046297,9.376000,0.779000,81.766159,50.000000
without_trust,low,8,1008,1.470000,1.150000,1.470000,1.150000,0.320000,0.000000,0.777000,0.777000,0.777000,0.762262,0.821349,0.804216,0.321207,0.350261,0.321207,0.588288,0.048946,0.619285,0.635084,0.321207,0.721998,0.789828,0.467800,0.988902,0.678793,0.724178,0.010515,0.033742,0.045239,9.200000,0.777000,83.839010,50.000000
without_trust,low,9,1009,1.518000,1.182000,1.518000,1.182000,0.336000,0.000000,0.775000,0.775000,0.775000,0.760208,0.810473,0.798094,0.327760,0.362124,0.327760,0.580159,0.050476,0.610928,0.632792,0.327760,0.721904,0.791963,0.471666,0.988766,0.672240,0.721591,0.011004,0.035496,0.046936,9.456000,0.775000,83.425091,50.000000
without_trust,low,10,1010,1.512000,1.232000,1.512000,1.232000,0.280000,0.000000,0.822000,0.822000,0.822000,0.806186,0.788073,0.808481,0.329771,0.358433,0.329771,0.587781,0.047880,0.616331,0.641824,0.329771,0.723880,0.793216,0.474295,0.988738,0.670229,0.729893,0.010771,0.034849,0.047475,9.856000,0.822000,87.672199,50.000000
without_trust,low,11,1011,1.486000,1.148000,1.486000,1.148000,0.338000,0.000000,0.781000,0.781000,0.781000,0.765932,0.768911,0.794606,0.327557,0.359105,0.327557,0.571350,0.051348,0.607991,0.628614,0.327557,0.722453,0.792070,0.471898,0.988711,0.672443,0.724250,0.010590,0.034214,0.046776,9.184000,0.781000,84.308284,50.000000
without_trust,low,12,1012,1.462000,1.156000,1.462000,1.156000,0.306000,0.000000,0.794000,0.794000,0.794000,0.778555,0.792854,0.809978,0.324831,0.354591,0.324831,0.571419,0.047506,0.603718,0.621482,0.324831,0.724089,0.794567,0.472168,0.988713,0.675169,0.726818,0.010462,0.034289,0.045360,9.248000,0.794000,84.365129,50.000000
without_trust,low,13,1013,1.496000,1.176000,1.496000,1.176000,0.320000,0.000000,0.780000,0.780000,0.780000,0.765205,0.793028,0.800691,0.319897,0.345714,0.319897,0.579161,0.049827,0.613791,0.636603,0.319897,0.723475,0.792031,0.469510,0.988871,0.680103,0.725811,0.010688,0.034559,0.046268,9.408000,0.780000,82.290503,50.000000
without_trust,low,14,1014,1.520000,1.192000,1.520000,1.192000,0.328000,0.000000,0.771000,0.771000,0.771000,0.756505,0.794421,0.791790,0.329586,0.361745,0.329586,0.578408,0.052052,0.613630,0.624155,0.329586,0.720626,0.793148,0.464451,0.989026,0.670414,0.723136,0.010766,0.034928,0.046208,9.536000,0.771000,81.419098,50.000000
without_trust,low,15,1015,1.514000,1.254000,1.514000,1.254000,0.260000,0.000000,0.827000,0.827000,0.827000,0.811283,0.816302,0.812856,0.318959,0.343501,0.318959,0.594679,0.046786,0.621033,0.639307,0.318959,0.728255,0.792815,0.482092,0.988849,0.681041,0.735491,0.010998,0.034821,0.047139,10.032000,0.827000,87.783385,50.000000
without_trust,low,16,1016,1.512000,1.220000,1.512000,1.220000,0.292000,0.000000,0.807000,0.807000,0.807000,0.791690,0.784983,0.811171,0.317151,0.348621,0.317151,0.580675,0.047207,0.612510,0.628481,0.317151,0.724936,0.791362,0.474443,0.988786,0.682849,0.726456,0.010919,0.034927,0.047064,9.760000,0.807000,85.298765,50.000000
without_trust,low,17,1017,1.484000,1.160000,1.484000,1.160000,0.324000,0.000000,0.782000,0.782000,0.782000,0.767191,0.695945,0.803585,0.332016,0.374993,0.332016,0.570062,0.049104,0.605979,0.635532,0.332016,0.720416,0.793802,0.465350,0.988893,0.667984,0.722146,0.010589,0.034368,0.044981,9.280000,0.782000,82.602220,50.000000
without_trust,low,18,1018,1.492000,1.166000,1.492000,1.166000,0.326000,0.000000,0.780000,0.780000,0.780000,0.765136,0.756030,0.807214,0.314463,0.347552,0.314463,0.581950,0.048197,0.613260,0.635181,0.314463,0.724875,0.794651,0.469018,0.988856,0.685537,0.725081,0.010468,0.034395,0.045974,9.328000,0.780000,81.903632,50.000000
without_trust,low,19,1019,1.504000,1.172000,1.504000,1.172000,0.332000,0.000000,0.782000,0.782000,0.782000,0.767263,0.765770,0.809050,0.326822,0.365882,0.326822,0.562701,0.047737,0.596303,0.604281,0.326822,0.723908,0.792447,0.472525,0.988876,0.673178,0.730617,0.010697,0.034920,0.045754,9.376000,0.782000,84.132833,50.000000
without_trust,low,20,1020,1.480000,1.156000,1.480000,1.156000,0.324000,0.000000,0.783000,0.783000,0.783000,0.768368,0.758434,0.806314,0.333578,0.368291,0.333578,0.564722,0.048421,0.597607,0.617719,0.333578,0.720121,0.792344,0.466804,0.988944,0.666422,0.722382,0.010483,0.034005,0.044956,9.248000,0.783000,84.779836,50.000000
without_trust,low,21,1021,1.492000,1.194000,1.492000,1.194000,0.298000,0.000000,0.814000,0.814000,0.814000,0.798668,0.765076,0.799527,0.335043,0.372132,0.335043,0.578299,0.050118,0.611809,0.632670,0.335043,0.722063,0.791231,0.471471,0.988881,0.664957,0.731196,0.010599,0.034648,0.045869,9.552000,0.814000,87.656628,50.000000
without_trust,low,22,1022,1.500000,1.168000,1.500000,1.168000,0.332000,0.000000,0.780000,0.780000,0.780000,0.765390,0.804835,0.797304,0.328524,0.362094,0.328524,0.583744,0.050674,0.619661,0.639931,0.328524,0.720676,0.794283,0.463646,0.988997,0.671476,0.721582,0.010701,0.033795,0.045302,9.344000,0.780000,82.276677,50.000000
without_trust,low,23,1023,1.458000,1.144000,1.458000,1.144000,0.314000,0.000000,0.786000,0.786000,0.786000,0.771284,0.791857,0.802428,0.318354,0.346487,0.318354,0.577748,0.049393,0.613336,0.637542,0.318354,0.725610,0.794817,0.472534,0.988933,0.681646,0.728340,0.010280,0.033940,0.044126,9.152000,0.786000,81.018304,50.000000
without_trust,low,24,1024,1.510000,1.178000,1.510000,1.178000,0.332000,0.000000,0.781000,0.781000,0.781000,0.766179,0.767566,0.792943,0.332429,0.360235,0.332429,0.571858,0.051764,0.605919,0.606727,0.332429,0.721522,0.793982,0.467162,0.988927,0.667571,0.726448,0.010815,0.034339,0.046485,9.424000,0.781000,83.435570,50.000000
without_trust,low,25,1025,1.482000,1.160000,1.482000,1.160000,0.322000,0.000000,0.782000,0.782000,0.782000,0.766989,0.836209,0.803175,0.341791,0.375251,0.341791,0.581696,0.049206,0.619364,0.665387,0.341791,0.719906,0.793079,0.469978,0.988774,0.658209,0.724019,0.010434,0.034139,0.046435,9.280000,0.782000,82.348258,50.000000
without_trust,low,26,1026,1.528000,1.192000,1.528000,1.192000,0.336000,0.000000,0.773000,0.773000,0.773000,0.758321,0.789580,0.801793,0.328814,0.372222,0.328814,0.561647,0.049552,0.598244,0.615597,0.328814,0.722733,0.791136,0.472138,0.988828,0.671186,0.728304,0.011214,0.035518,0.047130,9.536000,0.773000,83.484074,50.000000
without_trust,low,27,1027,1.488000,1.170000,1.488000,1.170000,0.318000,0.000000,0.792000,0.792000,0.792000,0.776773,0.818931,0.799679,0.328638,0.353724,0.328638,0.581291,0.050080,0.615807,0.628831,0.328638,0.722482,0.794047,0.468085,0.988688,0.671362,0.727317,0.010543,0.035027,0.047124,9.360000,0.792000,83.810864,50.000000
without_trust,low,28,1028,1.472000,1.110000,1.472000,1.110000,0.362000,0.000000,0.750000,0.750000,0.750000,0.735847,0.795581,0.799890,0.321969,0.366658,0.321969,0.560459,0.050028,0.600606,0.620981,0.321969,0.722937,0.792939,0.466825,0.988976,0.678031,0.726618,0.010573,0.032957,0.045581,8.880000,0.750000,80.715097,50.000000
without_trust,low,29,1029,1.536000,1.230000,1.536000,1.230000,0.306000,0.000000,0.798000,0.798000,0.798000,0.782931,0.755106,0.802066,0.326442,0.360206,0.326442,0.566268,0.049484,0.598565,0.594587,0.326442,0.724529,0.794065,0.474785,0.988961,0.673558,0.728163,0.010984,0.035279,0.047207,9.840000,0.798000,84.720445,50.000000
without_trust,low,30,1030,1.466000,1.156000,1.466000,1.156000,0.310000,0.000000,0.779000,0.779000,0.779000,0.764101,0.798497,0.802889,0.328913,0.357149,0.328913,0.576445,0.049278,0.609340,0.623827,0.328913,0.722464,0.794251,0.471135,0.988802,0.671087,0.722964,0.010603,0.033728,0.045636,9.248000,0.779000,81.629861,50.000000
without_trust,low,31,1031,1.456000,1.112000,1.456000,1.112000,0.344000,0.000000,0.763000,0.763000,0.763000,0.748483,0.804199,0.790538,0.333357,0.362511,0.333357,0.569321,0.052365,0.606626,0.623241,0.333357,0.719665,0.792265,0.467174,0.988773,0.666643,0.719234,0.010475,0.033842,0.045217,8.896000,0.763000,81.097475,50.000000
without_trust,low,32,1032,1.480000,1.198000,1.480000,1.198000,0.282000,0.000000,0.817000,0.817000,0.817000,0.801624,0.801113,0.810662,0.324558,0.354865,0.324558,0.581963,0.047335,0.612031,0.631524,0.324558,0.724144,0.791998,0.473670,0.988955,0.675442,0.728908,0.010593,0.033773,0.044687,9.584000,0.817000,87.723242,50.000000
without_trust,low,33,1033,1.494000,1.184000,1.494000,1.184000,0.310000,0.000000,0.794000,0.794000,0.794000,0.779166,0.793865,0.803664,0.324595,0.351669,0.324595,0.583665,0.049084,0.613883,0.625260,0.324595,0.723777,0.794504,0.471189,0.989017,0.675405,0.725814,0.010717,0.034033,0.045490,9.472000,0.794000,83.390004,50.000000
without_trust,low,34,1034,1.510000,1.204000,1.510000,1.204000,0.306000,0.000000,0.799000,0.799000,0.799000,0.783854,0.846063,0.807926,0.321106,0.344494,0.321106,0.588096,0.048018,0.616936,0.637288,0.321106,0.723141,0.792541,0.469685,0.988816,0.678894,0.723989,0.010817,0.035261,0.046356,9.632000,0.799000,83.907675,50.000000
without_trust,low,35,1035,1.532000,1.218000,1.532000,1.218000,0.314000,0.000000,0.795000,0.795000,0.795000,0.779871,0.755166,0.811582,0.322576,0.350692,0.322576,0.586851,0.047105,0.614269,0.630415,0.322576,0.724733,0.793436,0.472086,0.988848,0.677424,0.730285,0.010853,0.035036,0.047947,9.744000,0.795000,84.833585,50.000000
without_trust,low,36,1036,1.480000,1.146000,1.480000,1.146000,0.334000,0.000000,0.773000,0.773000,0.773000,0.758292,0.777818,0.796831,0.321210,0.351435,0.321210,0.566623,0.050792,0.600899,0.597958,0.321210,0.723254,0.794664,0.470138,0.988831,0.678790,0.720612,0.010623,0.033689,0.046533,9.168000,0.773000,83.306343,50.000000
without_trust,low,37,1037,1.484000,1.154000,1.484000,1.154000,0.330000,0.000000,0.785000,0.785000,0.785000,0.770204,0.788680,0.805872,0.324832,0.365349,0.324832,0.572716,0.048532,0.608795,0.637756,0.324832,0.723751,0.796563,0.468683,0.988957,0.675168,0.725866,0.010297,0.034030,0.045744,9.232000,0.785000,83.065347,50.000000
without_trust,low,38,1038,1.484000,1.152000,1.484000,1.152000,0.332000,0.000000,0.774000,0.774000,0.774000,0.759153,0.803350,0.802339,0.320512,0.356465,0.320512,0.578149,0.049415,0.610668,0.627069,0.320512,0.724070,0.791919,0.471510,0.988745,0.679488,0.727644,0.010755,0.034033,0.047026,9.216000,0.774000,83.708419,50.000000
without_trust,low,39,1039,1.502000,1.216000,1.502000,1.216000,0.286000,0.000000,0.810000,0.810000,0.810000,0.794688,0.799099,0.811711,0.328135,0.354861,0.328135,0.588157,0.047072,0.616848,0.640836,0.328135,0.722480,0.793328,0.467421,0.988891,0.671865,0.728682,0.010680,0.035082,0.045437,9.728000,0.810000,86.085185,50.000000
without_trust,low,40,1040,1.498000,1.194000,1.498000,1.194000,0.304000,0.000000,0.802000,0.802000,0.802000,0.786601,0.751309,0.807881,0.315767,0.353303,0.315767,0.580737,0.048030,0.612761,0.639656,0.315767,0.724468,0.791340,0.468810,0.988774,0.684233,0.729821,0.010601,0.035000,0.046368,9.552000,0.802000,86.596960,50.000000
without_trust,low,41,1041,1.490000,1.158000,1.490000,1.158000,0.332000,0.000000,0.776000,0.776000,0.776000,0.761317,0.810260,0.798907,0.327528,0.361139,0.327528,0.564297,0.050273,0.601361,0.615197,0.327528,0.723096,0.792419,0.471055,0.988949,0.672472,0.728381,0.010572,0.034155,0.046162,9.264000,0.776000,82.803189,50.000000
without_trust,low,42,1042,1.498000,1.220000,1.498000,1.220000,0.278000,0.000000,0.812000,0.812000,0.812000,0.796711,0.785279,0.802789,0.326308,0.350798,0.326308,0.585844,0.049303,0.616525,0.628093,0.326308,0.724489,0.793421,0.474635,0.988852,0.673692,0.729175,0.010797,0.034220,0.046091,9.760000,0.812000,85.100269,50.000000
without_trust,low,43,1043,1.532000,1.202000,1.532000,1.202000,0.330000,0.000000,0.790000,0.790000,0.790000,0.774875,0.805912,0.802981,0.323299,0.353192,0.323299,0.576928,0.049255,0.606815,0.607782,0.323299,0.723665,0.794195,0.471150,0.988723,0.676701,0.724709,0.010958,0.035474,0.048165,9.616000,0.790000,85.378514,50.000000
without_trust,low,44,1044,1.474000,1.176000,1.474000,1.176000,0.298000,0.000000,0.803000,0.803000,0.803000,0.787745,0.776262,0.795418,0.318751,0.351349,0.318751,0.584041,0.051145,0.615674,0.628334,0.318751,0.724118,0.793924,0.469174,0.988794,0.681249,0.725891,0.010473,0.033685,0.046653,9.408000,0.803000,84.373084,50.000000
without_trust,low,45,1045,1.516000,1.134000,1.516000,1.134000,0.382000,0.000000,0.748000,0.748000,0.748000,0.734004,0.733120,0.792908,0.328646,0.366207,0.328646,0.563607,0.051773,0.599131,0.593876,0.328646,0.720675,0.794209,0.465071,0.988979,0.671354,0.719944,0.010719,0.034353,0.046073,9.072000,0.748000,81.766434,50.000000
without_trust,low,46,1046,1.508000,1.186000,1.508000,1.186000,0.322000,0.000000,0.783000,0.783000,0.783000,0.768253,0.761581,0.805401,0.327732,0.363625,0.327732,0.581225,0.048650,0.614966,0.643831,0.327732,0.721418,0.793134,0.465116,0.988957,0.672268,0.725237,0.010662,0.034847,0.045797,9.488000,0.783000,82.741800,50.000000
without_trust,low,47,1047,1.508000,1.160000,1.508000,1.160000,0.348000,0.000000,0.764000,0.764000,0.764000,0.749644,0.784047,0.794366,0.321754,0.363134,0.321754,0.560033,0.051408,0.597041,0.593550,0.321754,0.721707,0.792781,0.465177,0.989004,0.678246,0.721456,0.010718,0.034966,0.045161,9.280000,0.764000,81.708231,50.000000
without_trust,low,48,1048,1.490000,1.176000,1.490000,1.176000,0.314000,0.000000,0.794000,0.794000,0.794000,0.778774,0.818591,0.790529,0.317744,0.344390,0.317744,0.573379,0.052368,0.608193,0.608710,0.317744,0.722764,0.792373,0.464242,0.988793,0.682256,0.725923,0.010649,0.034451,0.046607,9.408000,0.794000,84.247813,50.000000
without_trust,low,49,1049,1.522000,1.214000,1.520000,1.214000,0.306000,0.002000,0.799000,0.799000,0.799000,0.783970,0.788434,0.802120,0.335021,0.370870,0.335021,0.582384,0.049470,0.617843,0.653006,0.335021,0.720258,0.791530,0.468983,0.986972,0.662979,0.727066,0.010605,0.035082,0.046161,9.712000,0.799000,85.526470,50.000000
without_trust,medium,0,1000,3.988000,2.986000,3.982000,2.986000,0.996000,0.006000,0.748433,0.747600,0.747600,0.728999,0.864950,0.725284,0.385689,0.416093,0.385689,0.556310,0.068679,0.616056,0.606566,0.385002,0.710470,0.766520,0.484222,0.985468,0.614311,0.739878,0.033253,0.122594,0.163336,23.888000,0.748433,95.589162,50.000000
without_trust,medium,1,1001,4.034000,2.988000,4.014000,2.988000,1.026000,0.020000,0.744867,0.741533,0.741533,0.723287,0.863322,0.745089,0.377688,0.412898,0.377688,0.571657,0.063728,0.625334,0.633422,0.376030,0.710379,0.766856,0.477577,0.985567,0.622312,0.739534,0.033522,0.122884,0.163336,23.904000,0.744867,94.944604,50.000000
without_trust,medium,2,1002,4.010000,3.002000,3.990000,3.002000,0.988000,0.020000,0.753400,0.748900,0.748900,0.730194,0.881869,0.734671,0.385149,0.418863,0.385149,0.567838,0.066332,0.623576,0.621929,0.382929,0.708165,0.766004,0.475610,0.985338,0.614851,0.737981,0.033701,0.124433,0.164128,24.016000,0.753400,95.771965,50.000000
without_trust,medium,3,1003,3.984000,2.952000,3.978000,2.952000,1.026000,0.006000,0.742133,0.741067,0.741067,0.722741,0.833639,0.731235,0.388010,0.422929,0.388010,0.551736,0.067191,0.604761,0.571918,0.387283,0.705721,0.766279,0.470293,0.985463,0.611990,0.732684,0.033396,0.123060,0.162034,23.616000,0.742133,95.021951,50.000000
without_trust,medium,4,1004,4.048000,2.974000,4.042000,2.974000,1.068000,0.006000,0.731900,0.731000,0.731000,0.712952,0.867568,0.739015,0.386876,0.431262,0.386876,0.554110,0.065246,0.612185,0.619800,0.386345,0.707721,0.763729,0.478096,0.985494,0.613124,0.737362,0.033930,0.123362,0.165991,23.792000,0.731900,94.482655,50.000000
without_trust,medium,5,1005,3.994000,3.016000,3.992000,3.016000,0.976000,0.002000,0.756767,0.756100,0.756100,0.737403,0.880331,0.736805,0.378744,0.415436,0.378744,0.555354,0.065799,0.611260,0.594443,0.378471,0.712066,0.767494,0.483860,0.985525,0.621256,0.741309,0.033526,0.121686,0.163631,24.128000,0.756767,96.092319,50.000000
without_trust,medium,6,1006,4.014000,2.990000,4.012000,2.990000,1.022000,0.002000,0.746433,0.746133,0.746133,0.727680,0.889140,0.732582,0.389747,0.422867,0.389747,0.555402,0.066854,0.609438,0.578533,0.389620,0.706947,0.764173,0.476552,0.985507,0.610253,0.736896,0.033697,0.123277,0.162954,23.920000,0.746433,95.734479,50.000000
without_trust,medium,7,1007,4.040000,3.034000,4.034000,3.034000,1.000000,0.006000,0.751033,0.749800,0.749800,0.731284,0.845270,0.731745,0.388008,0.421805,0.388008,0.558558,0.067064,0.615307,0.593999,0.387290,0.709235,0.764045,0.482255,0.985503,0.611992,0.741500,0.034143,0.122891,0.164695,24.272000,0.751033,96.962649,50.000000
without_trust,medium,8,1008,3.952000,2.964000,3.950000,2.964000,0.986000,0.002000,0.753733,0.753333,0.753333,0.734828,0.865048,0.730837,0.380100,0.411251,0.380100,0.559000,0.067291,0.613009,0.577443,0.379978,0.709124,0.766142,0.478198,0.985609,0.619900,0.734737,0.033152,0.121476,0.158344,23.712000,0.753733,96.414186,50.000000
without_trust,medium,9,1009,3.994000,2.912000,3.984000,2.912000,1.072000,0.010000,0.726800,0.725633,0.725633,0.707609,0.866260,0.738254,0.390120,0.435906,0.390120,0.531021,0.065437,0.596718,0.595679,0.388912,0.705927,0.764196,0.473773,0.985488,0.609880,0.734835,0.033498,0.121220,0.164655,23.296000,0.726800,94.781791,50.000000
without_trust,medium,10,1010,3.972000,2.986000,3.972000,2.986000,0.986000,0.000000,0.749300,0.749300,0.749300,0.730796,0.875146,0.731762,0.382792,0.414000,0.382792,0.561572,0.067059,0.616834,0.592314,0.382792,0.710483,0.765653,0.480948,0.985565,0.617208,0.742773,0.033432,0.120363,0.163377,23.888000,0.749300,95.235626,50.000000
without_trust,medium,11,1011,4.000000,2.980000,3.994000,2.980000,1.014000,0.006000,0.741467,0.741100,0.741100,0.722446,0.868572,0.738992,0.393650,0.425973,0.393650,0.552887,0.065252,0.608477,0.587489,0.393055,0.706644,0.763368,0.478937,0.985294,0.606350,0.737356,0.033990,0.123270,0.166227,23.840000,0.741467,96.516217,50.000000
without_trust,medium,12,1012,3.928000,2.904000,3.922000,2.904000,1.018000,0.006000,0.738200,0.736567,0.736567,0.718318,0.869875,0.739658,0.382436,0.423571,0.382436,0.554882,0.065086,0.610123,0.604496,0.381633,0.707039,0.764696,0.475007,0.985462,0.617564,0.731374,0.032923,0.120322,0.160490,23.232000,0.738200,95.751273,50.000000
without_trust,medium,13,1013,3.974000,3.004000,3.956000,3.004000,0.952000,0.018000,0.758633,0.755333,0.755333,0.736594,0.862456,0.731489,0.390711,0.427321,0.390711,0.559858,0.067128,0.617698,0.612177,0.388607,0.708237,0.764417,0.479880,0.985442,0.609289,0.740823,0.033106,0.121676,0.163629,24.032000,0.758633,95.612050,50.000000
without_trust,medium,14,1014,4.020000,3.000000,4.004000,3.000000,1.004000,0.016000,0.754567,0.751100,0.751100,0.732492,0.851539,0.730211,0.394110,0.438091,0.394110,0.542140,0.067447,0.604074,0.596203,0.392445,0.707873,0.766271,0.479339,0.985498,0.605890,0.739610,0.033767,0.122950,0.163606,24.000000,0.754567,95.505804,50.000000
without_trust,medium,15,1015,4.076000,2.990000,4.072000,2.990000,1.082000,0.004000,0.734767,0.733600,0.733600,0.715389,0.862174,0.728902,0.393135,0.424320,0.393135,0.539120,0.067775,0.601187,0.569419,0.392535,0.707647,0.765656,0.478212,0.985474,0.606865,0.739836,0.033952,0.125038,0.166565,23.920000,0.734767,94.626551,50.000000
without_trust,medium,16,1016,3.948000,2.884000,3.946000,2.884000,1.062000,0.002000,0.729433,0.729133,0.729133,0.711092,0.870210,0.730976,0.389460,0.424136,0.389460,0.554195,0.067256,0.610508,0.585663,0.389301,0.704529,0.763358,0.469515,0.985522,0.610540,0.732826,0.033223,0.122041,0.159349,23.072000,0.729433,95.264130,50.000000
without_trust,medium,17,1017,4.010000,3.014000,4.002000,3.014000,0.988000,0.008000,0.753100,0.752300,0.752300,0.733576,0.861187,0.734342,0.385360,0.416718,0.385360,0.568312,0.066415,0.618668,0.595739,0.384404,0.707900,0.764869,0.476894,0.985442,0.614640,0.736679,0.033503,0.124481,0.163149,24.112000,0.753100,95.241869,50.000000
without_trust,medium,18,1018,4.024000,3.054000,4.018000,3.054000,0.964000,0.006000,0.764000,0.763033,0.763033,0.744079,0.867424,0.736718,0.385090,0.423127,0.385090,0.572139,0.065821,0.625040,0.622850,0.384471,0.709490,0.764833,0.481738,0.985510,0.614910,0.739482,0.033886,0.122301,0.165668,24.432000,0.764000,97.207513,50.000000
without_trust,medium,19,1019,3.938000,2.956000,3.936000,2.956000,0.980000,0.002000,0.748400,0.748100,0.748100,0.729325,0.863099,0.736104,0.383418,0.414377,0.383418,0.557552,0.065974,0.615242,0.599466,0.383244,0.709353,0.763985,0.480652,0.985342,0.616582,0.740020,0.033337,0.120912,0.163386,23.648000,0.748400,95.814214,50.000000
without_trust,medium,20,1020,3.986000,2.914000,3.976000,2.914000,1.062000,0.010000,0.735367,0.733233,0.733233,0.715056,0.863423,0.731404,0.383796,0.410734,0.383796,0.558727,0.067149,0.613197,0.588552,0.382574,0.709157,0.764944,0.483030,0.985443,0.616204,0.734352,0.033337,0.121455,0.163984,23.312000,0.735367,95.663766,50.000000
without_trust,medium,21,1021,4.068000,2.986000,4.066000,2.986000,1.080000,0.002000,0.734833,0.734167,0.734167,0.716117,0.868945,0.732389,0.389766,0.416390,0.389766,0.549179,0.066903,0.605940,0.586841,0.389580,0.708201,0.765634,0.480771,0.985627,0.610234,0.736260,0.033744,0.123266,0.165045,23.888000,0.734833,95.634902,50.000000
without_trust,medium,22,1022,4.006000,3.050000,3.998000,3.050000,0.948000,0.008000,0.762133,0.760500,0.760500,0.741732,0.856207,0.734818,0.387943,0.418742,0.387943,0.561263,0.066295,0.617364,0.604864,0.387154,0.709006,0.766405,0.478864,0.985548,0.612057,0.740603,0.033337,0.121770,0.164553,24.400000,0.762133,94.656270,50.000000
without_trust,medium,23,1023,4.030000,2.978000,4.014000,2.978000,1.036000,0.016000,0.745300,0.742900,0.742900,0.724529,0.854676,0.725969,0.394015,0.432823,0.394015,0.543423,0.068508,0.605869,0.582120,0.392304,0.707019,0.766919,0.476275,0.985488,0.605985,0.737408,0.033637,0.123896,0.163360,23.824000,0.745300,95.902839,50.000000
without_trust,medium,24,1024,4.080000,2.974000,4.072000,2.974000,1.098000,0.008000,0.730767,0.729367,0.729367,0.711238,0.869921,0.727903,0.386571,0.430496,0.386571,0.546305,0.068024,0.606310,0.586300,0.385753,0.707616,0.766264,0.475825,0.985453,0.613429,0.735273,0.034083,0.125512,0.166630,23.792000,0.730767,95.914765,50.000000
without_trust,medium,25,1025,4.008000,3.052000,4.002000,3.052000,0.950000,0.006000,0.762400,0.761700,0.761700,0.742548,0.849095,0.739431,0.384197,0.421051,0.384197,0.577131,0.065142,0.630095,0.641876,0.383585,0.709332,0.764020,0.479091,0.985299,0.615803,0.742734,0.033707,0.124408,0.165730,24.416000,0.762400,97.036728,50.000000
without_trust,medium,26,1026,4.006000,2.974000,4.002000,2.974000,1.028000,0.004000,0.745000,0.744000,0.744000,0.725639,0.864037,0.732936,0.377811,0.414736,0.377811,0.556170,0.066766,0.611334,0.595038,0.377433,0.708932,0.764040,0.477168,0.985566,0.622189,0.736213,0.033642,0.121139,0.164030,23.792000,0.745000,96.587043,50.000000
without_trust,medium,27,1027,4.002000,2.942000,4.000000,2.942000,1.058000,0.002000,0.733333,0.733033,0.733033,0.714855,0.881425,0.728449,0.383654,0.417859,0.383654,0.563850,0.067888,0.618233,0.594539,0.383439,0.708087,0.764541,0.477249,0.985482,0.616346,0.736126,0.033394,0.123948,0.162644,23.536000,0.733333,95.457923,50.000000
without_trust,medium,28,1028,3.994000,3.012000,3.986000,3.012000,0.974000,0.008000,0.754300,0.752633,0.752633,0.734030,0.871844,0.736398,0.385938,0.414993,0.385938,0.566558,0.065900,0.619905,0.619095,0.385121,0.711181,0.767084,0.482647,0.985508,0.614062,0.745514,0.033327,0.122034,0.163465,24.096000,0.754300,94.267548,50.000000
without_trust,medium,29,1029,4.078000,3.064000,4.078000,3.064000,1.014000,0.000000,0.751667,0.751667,0.751667,0.732927,0.869545,0.732783,0.386037,0.414267,0.386037,0.570733,0.066804,0.621528,0.605830,0.386037,0.708929,0.765750,0.480050,0.985415,0.613963,0.737876,0.034225,0.127386,0.166202,24.512000,0.751667,96.032933,50.000000
without_trust,medium,30,1030,4.072000,3.046000,4.050000,3.046000,1.004000,0.022000,0.751967,0.748333,0.748333,0.729806,0.872777,0.727796,0.383236,0.416522,0.383236,0.561668,0.068051,0.615082,0.590936,0.380628,0.708852,0.764960,0.477776,0.985390,0.616764,0.738986,0.034094,0.125881,0.165864,24.368000,0.751967,95.884834,50.000000
without_trust,medium,31,1031,3.936000,2.878000,3.936000,2.878000,1.058000,0.000000,0.732633,0.732633,0.732633,0.714308,0.857215,0.729683,0.389772,0.425675,0.389772,0.538556,0.067579,0.595965,0.557723,0.389772,0.707024,0.764604,0.477968,0.985417,0.610228,0.734871,0.033309,0.120229,0.162758,23.024000,0.732633,95.829240,50.000000
without_trust,medium,32,1032,3.986000,2.942000,3.982000,2.942000,1.040000,0.004000,0.735467,0.734567,0.734567,0.716477,0.865025,0.742510,0.380950,0.412869,0.380950,0.542766,0.064372,0.597469,0.558924,0.380579,0.711087,0.767309,0.481901,0.985550,0.619050,0.740538,0.033273,0.122861,0.161585,23.536000,0.735467,95.052579,50.000000
without_trust,medium,33,1033,3.946000,2.936000,3.936000,2.936000,1.000000,0.010000,0.748833,0.746833,0.746833,0.728233,0.849141,0.731440,0.390920,0.431914,0.390920,0.549264,0.067140,0.607242,0.589565,0.389986,0.708683,0.766567,0.483330,0.985422,0.609080,0.735546,0.033134,0.120645,0.163087,23.488000,0.748833,95.406896,50.000000
without_trust,medium,34,1034,3.972000,2.972000,3.960000,2.972000,0.988000,0.012000,0.751533,0.749433,0.749433,0.730889,0.887447,0.732049,0.385864,0.418053,0.385864,0.565849,0.066988,0.620845,0.617346,0.384471,0.708267,0.764817,0.477474,0.985447,0.614136,0.738689,0.033537,0.123258,0.161011,23.776000,0.751533,95.996683,50.000000
without_trust,medium,35,1035,3.984000,2.978000,3.978000,2.978000,1.000000,0.006000,0.748333,0.746967,0.746967,0.728537,0.853745,0.735235,0.385079,0.419654,0.385079,0.552115,0.066191,0.605804,0.578981,0.384362,0.709141,0.765090,0.480358,0.985571,0.614921,0.738727,0.033255,0.121018,0.162069,23.824000,0.748333,96.730578,50.000000
without_trust,medium,36,1036,3.942000,3.000000,3.930000,3.000000,0.930000,0.012000,0.765733,0.762867,0.762867,0.744056,0.893593,0.732444,0.386126,0.420533,0.386126,0.556821,0.066889,0.612896,0.588870,0.384928,0.709241,0.765126,0.481933,0.985506,0.613874,0.738279,0.033370,0.120907,0.159367,24.000000,0.765733,95.707610,50.000000
without_trust,medium,37,1037,4.008000,3.032000,4.006000,3.032000,0.974000,0.002000,0.754400,0.753900,0.753900,0.735083,0.860101,0.751030,0.386254,0.419692,0.386254,0.555815,0.062243,0.609162,0.599548,0.386015,0.709989,0.764905,0.482626,0.985434,0.613746,0.742412,0.033348,0.122849,0.165633,24.256000,0.754400,94.779139,50.000000
without_trust,medium,38,1038,4.020000,3.026000,4.018000,3.026000,0.992000,0.002000,0.751433,0.750933,0.750933,0.732299,0.862750,0.726878,0.388243,0.419827,0.388243,0.558432,0.068281,0.612974,0.588460,0.388105,0.708184,0.765521,0.479700,0.985444,0.611757,0.736437,0.033946,0.123972,0.163941,24.208000,0.751433,96.304475,50.000000
without_trust,medium,39,1039,4.004000,3.072000,4.002000,3.072000,0.930000,0.002000,0.771933,0.771633,0.771633,0.752306,0.859064,0.739928,0.389260,0.424413,0.389260,0.553587,0.065018,0.609270,0.601455,0.389068,0.708695,0.764129,0.480366,0.985395,0.610740,0.741997,0.033814,0.122466,0.165847,24.576000,0.771933,96.503329,50.000000
without_trust,medium,40,1040,3.990000,2.942000,3.988000,2.942000,1.046000,0.002000,0.735500,0.735000,0.735000,0.716834,0.864319,0.737382,0.383950,0.417436,0.383950,0.550599,0.065654,0.607003,0.587658,0.383718,0.708777,0.764922,0.478469,0.985502,0.616050,0.738278,0.033630,0.122383,0.162017,23.536000,0.735500,96.038620,50.000000
without_trust,medium,41,1041,3.992000,2.972000,3.990000,2.972000,1.018000,0.002000,0.746367,0.746033,0.746033,0.727572,0.846008,0.733284,0.386099,0.424774,0.386099,0.542799,0.066679,0.599693,0.574400,0.385801,0.708931,0.765158,0.480890,0.985541,0.613901,0.737692,0.033261,0.122500,0.162931,23.776000,0.746367,96.801085,50.000000
without_trust,medium,42,1042,4.032000,3.032000,4.026000,3.032000,0.994000,0.006000,0.752967,0.751933,0.751933,0.733049,0.843597,0.725504,0.387716,0.424810,0.387716,0.556455,0.068624,0.614577,0.591431,0.387015,0.708833,0.763606,0.482018,0.985329,0.612284,0.740019,0.034081,0.124799,0.167098,24.256000,0.752967,96.626955,50.000000
without_trust,medium,43,1043,3.980000,2.992000,3.972000,2.992000,0.980000,0.008000,0.753667,0.752267,0.752267,0.733645,0.861801,0.724435,0.389427,0.429210,0.389427,0.565766,0.068891,0.621462,0.608955,0.388506,0.706150,0.764161,0.473014,0.985484,0.610573,0.736554,0.032974,0.123176,0.161182,23.936000,0.753667,95.692013,50.000000
without_trust,medium,44,1044,4.082000,2.988000,4.080000,2.988000,1.092000,0.002000,0.735200,0.735200,0.735200,0.716948,0.891800,0.728384,0.392534,0.424372,0.392534,0.546743,0.067904,0.606628,0.590469,0.392339,0.708361,0.764971,0.481902,0.985502,0.607466,0.739708,0.034524,0.124623,0.166681,23.904000,0.735200,95.817338,50.000000
without_trust,medium,45,1045,4.010000,3.006000,4.004000,3.006000,0.998000,0.006000,0.750900,0.749700,0.749700,0.731086,0.863170,0.731362,0.388039,0.424344,0.388039,0.560918,0.067160,0.616574,0.606121,0.387174,0.708595,0.765699,0.479960,0.985498,0.611961,0.738001,0.033707,0.123007,0.163246,24.048000,0.750900,95.694380,50.000000
without_trust,medium,46,1046,4.006000,2.986000,4.000000,2.986000,1.014000,0.006000,0.745300,0.744300,0.744300,0.725788,0.862651,0.725519,0.392137,0.422217,0.392137,0.551092,0.068620,0.611652,0.599217,0.391650,0.708354,0.766966,0.480061,0.985484,0.607863,0.738418,0.033309,0.122807,0.164015,23.888000,0.745300,95.010456,50.000000
without_trust,medium,47,1047,4.008000,2.954000,3.996000,2.954000,1.042000,0.012000,0.740633,0.738667,0.738667,0.720332,0.844744,0.734112,0.394321,0.433910,0.394321,0.553566,0.066472,0.611535,0.600243,0.393195,0.706416,0.764758,0.478450,0.985459,0.605679,0.734831,0.033504,0.124260,0.162785,23.632000,0.740633,96.461598,50.000000
without_trust,medium,48,1048,4.042000,3.050000,4.040000,3.050000,0.990000,0.002000,0.756467,0.756167,0.756167,0.737092,0.880180,0.734989,0.384308,0.426590,0.384308,0.564439,0.066253,0.619232,0.605106,0.384080,0.709359,0.766663,0.480675,0.985240,0.615692,0.736550,0.034016,0.126933,0.167858,24.400000,0.756467,96.038686,50.000000
without_trust,medium,49,1049,4.026000,2.990000,4.016000,2.990000,1.026000,0.010000,0.746533,0.744833,0.744833,0.726581,0.861041,0.741499,0.391053,0.425278,0.391053,0.551004,0.064625,0.608425,0.602753,0.390174,0.710197,0.768613,0.485330,0.985628,0.608947,0.738479,0.033185,0.122170,0.162676,23.920000,0.746533,96.799398,50.000000
